都道府県	市区町村	町名
大阪府	大阪市都島区	網島町
大阪府	大阪市都島区	内代町
大阪府	大阪市都島区	片町
大阪府	大阪市都島区	毛馬町
大阪府	大阪市都島区	善源寺町
大阪府	大阪市都島区	大東町
大阪府	大阪市都島区	高倉町
大阪府	大阪市都島区	友渕町
大阪府	大阪市都島区	中野町
大阪府	大阪市都島区	東野田町
大阪府	大阪市都島区	都島中通
大阪府	大阪市都島区	都島本通
大阪府	大阪市都島区	都島南通
大阪府	大阪市都島区	都島北通
大阪府	大阪市都島区	御幸町
大阪府	大阪市福島区	海老江
大阪府	大阪市福島区	大開
大阪府	大阪市福島区	鷺洲
大阪府	大阪市福島区	玉川
大阪府	大阪市福島区	野田
大阪府	大阪市福島区	福島
大阪府	大阪市福島区	吉野
大阪府	大阪市此花区	朝日
大阪府	大阪市此花区	梅町
大阪府	大阪市此花区	春日出中
大阪府	大阪市此花区	春日出南
大阪府	大阪市此花区	春日出北
大阪府	大阪市此花区	桜島
大阪府	大阪市此花区	四貫島
大阪府	大阪市此花区	島屋
大阪府	大阪市此花区	高見
大阪府	大阪市此花区	常吉
大阪府	大阪市此花区	伝法
大阪府	大阪市此花区	酉島
大阪府	大阪市此花区	西九条
大阪府	大阪市此花区	梅香
大阪府	大阪市此花区	北港
大阪府	大阪市此花区	北港白津
大阪府	大阪市此花区	北港緑地
大阪府	大阪市此花区	夢洲中
大阪府	大阪市此花区	夢洲東
大阪府	大阪市西区	安治川
大阪府	大阪市西区	阿波座
大阪府	大阪市西区	立売堀
大阪府	大阪市西区	靱本町
大阪府	大阪市西区	江戸堀
大阪府	大阪市西区	江之子島
大阪府	大阪市西区	川口
大阪府	大阪市西区	北堀江
大阪府	大阪市西区	京町堀
大阪府	大阪市西区	九条
大阪府	大阪市西区	九条南
大阪府	大阪市西区	境川
大阪府	大阪市西区	新町
大阪府	大阪市西区	千代崎
大阪府	大阪市西区	土佐堀
大阪府	大阪市西区	西本町
大阪府	大阪市西区	本田
大阪府	大阪市西区	南堀江
大阪府	大阪市港区	池島
大阪府	大阪市港区	石田
大阪府	大阪市港区	磯路
大阪府	大阪市港区	市岡
大阪府	大阪市港区	市岡元町
大阪府	大阪市港区	海岸通
大阪府	大阪市港区	港晴
大阪府	大阪市港区	田中
大阪府	大阪市港区	築港
大阪府	大阪市港区	波除
大阪府	大阪市港区	福崎
大阪府	大阪市港区	弁天
大阪府	大阪市港区	三先
大阪府	大阪市港区	南市岡
大阪府	大阪市港区	八幡屋
大阪府	大阪市港区	夕凪
大阪府	大阪市大正区	泉尾
大阪府	大阪市大正区	北恩加島
大阪府	大阪市大正区	北村
大阪府	大阪市大正区	小林東
大阪府	大阪市大正区	小林西
大阪府	大阪市大正区	三軒家東
大阪府	大阪市大正区	三軒家西
大阪府	大阪市大正区	千島
大阪府	大阪市大正区	鶴町
大阪府	大阪市大正区	平尾
大阪府	大阪市大正区	船町
大阪府	大阪市大正区	南恩加島
大阪府	大阪市天王寺区	味原町
大阪府	大阪市天王寺区	味原本町
大阪府	大阪市天王寺区	生玉寺町
大阪府	大阪市天王寺区	生玉前町
大阪府	大阪市天王寺区	生玉町
大阪府	大阪市天王寺区	石ケ辻町
大阪府	大阪市天王寺区	上汐
大阪府	大阪市天王寺区	上之宮町
大阪府	大阪市天王寺区	上本町
大阪府	大阪市天王寺区	餌差町
大阪府	大阪市天王寺区	逢阪
大阪府	大阪市天王寺区	小橋町
大阪府	大阪市天王寺区	勝山
大阪府	大阪市天王寺区	空清町
大阪府	大阪市天王寺区	烏ケ辻
大阪府	大阪市天王寺区	空堀町
大阪府	大阪市天王寺区	北河堀町
大阪府	大阪市天王寺区	北山町
大阪府	大阪市天王寺区	国分町
大阪府	大阪市天王寺区	小宮町
大阪府	大阪市天王寺区	細工谷
大阪府	大阪市天王寺区	真田山町
大阪府	大阪市天王寺区	下寺町
大阪府	大阪市天王寺区	四天王寺
大阪府	大阪市天王寺区	清水谷町
大阪府	大阪市天王寺区	下味原町
大阪府	大阪市天王寺区	城南寺町
大阪府	大阪市天王寺区	真法院町
大阪府	大阪市天王寺区	大道
大阪府	大阪市天王寺区	玉造本町
大阪府	大阪市天王寺区	玉造元町
大阪府	大阪市天王寺区	茶臼山町
大阪府	大阪市天王寺区	寺田町
大阪府	大阪市天王寺区	堂ケ芝
大阪府	大阪市天王寺区	東上町
大阪府	大阪市天王寺区	東高津町
大阪府	大阪市天王寺区	悲田院町
大阪府	大阪市天王寺区	筆ケ崎町
大阪府	大阪市天王寺区	舟橋町
大阪府	大阪市天王寺区	堀越町
大阪府	大阪市天王寺区	松ケ鼻町
大阪府	大阪市天王寺区	南河堀町
大阪府	大阪市天王寺区	夕陽丘町
大阪府	大阪市天王寺区	伶人町
大阪府	大阪市天王寺区	六万体町
大阪府	大阪市浪速区	芦原
大阪府	大阪市浪速区	稲荷
大阪府	大阪市浪速区	戎本町
大阪府	大阪市浪速区	恵美須東
大阪府	大阪市浪速区	恵美須西
大阪府	大阪市浪速区	木津川
大阪府	大阪市浪速区	久保吉
大阪府	大阪市浪速区	幸町
大阪府	大阪市浪速区	桜川
大阪府	大阪市浪速区	塩草
大阪府	大阪市浪速区	敷津東
大阪府	大阪市浪速区	敷津西
大阪府	大阪市浪速区	下寺
大阪府	大阪市浪速区	大国
大阪府	大阪市浪速区	立葉
大阪府	大阪市浪速区	浪速東
大阪府	大阪市浪速区	浪速西
大阪府	大阪市浪速区	難波中
大阪府	大阪市浪速区	日本橋
大阪府	大阪市浪速区	日本橋東
大阪府	大阪市浪速区	日本橋西
大阪府	大阪市浪速区	湊町
大阪府	大阪市浪速区	元町
大阪府	大阪市西淀川区	歌島
大阪府	大阪市西淀川区	大野
大阪府	大阪市西淀川区	大和田
大阪府	大阪市西淀川区	柏里
大阪府	大阪市西淀川区	竹島
大阪府	大阪市西淀川区	千舟
大阪府	大阪市西淀川区	佃
大阪府	大阪市西淀川区	出来島
大阪府	大阪市西淀川区	中島
大阪府	大阪市西淀川区	西島
大阪府	大阪市西淀川区	野里
大阪府	大阪市西淀川区	花川
大阪府	大阪市西淀川区	姫里
大阪府	大阪市西淀川区	姫島
大阪府	大阪市西淀川区	百島
大阪府	大阪市西淀川区	福町
大阪府	大阪市西淀川区	御幣島
大阪府	大阪市東淀川区	相川
大阪府	大阪市東淀川区	淡路
大阪府	大阪市東淀川区	井高野
大阪府	大阪市東淀川区	大隅
大阪府	大阪市東淀川区	上新庄
大阪府	大阪市東淀川区	北江口
大阪府	大阪市東淀川区	柴島
大阪府	大阪市東淀川区	小松
大阪府	大阪市東淀川区	下新庄
大阪府	大阪市東淀川区	瑞光
大阪府	大阪市東淀川区	菅原
大阪府	大阪市東淀川区	大桐
大阪府	大阪市東淀川区	大道南
大阪府	大阪市東淀川区	豊里
大阪府	大阪市東淀川区	西淡路
大阪府	大阪市東淀川区	東淡路
大阪府	大阪市東淀川区	東中島
大阪府	大阪市東淀川区	豊新
大阪府	大阪市東淀川区	南江口
大阪府	大阪市東成区	大今里
大阪府	大阪市東成区	大今里西
大阪府	大阪市東成区	大今里南
大阪府	大阪市東成区	神路
大阪府	大阪市東成区	玉津
大阪府	大阪市東成区	中道
大阪府	大阪市東成区	中本
大阪府	大阪市東成区	東今里
大阪府	大阪市東成区	東小橋
大阪府	大阪市東成区	東中本
大阪府	大阪市東成区	深江南
大阪府	大阪市東成区	深江北
大阪府	大阪市生野区	生野東
大阪府	大阪市生野区	生野西
大阪府	大阪市生野区	勝山南
大阪府	大阪市生野区	勝山北
大阪府	大阪市生野区	舎利寺
大阪府	大阪市生野区	小路
大阪府	大阪市生野区	小路東
大阪府	大阪市生野区	新今里
大阪府	大阪市生野区	田島
大阪府	大阪市生野区	巽中
大阪府	大阪市生野区	巽東
大阪府	大阪市生野区	巽西
大阪府	大阪市生野区	巽南
大阪府	大阪市生野区	巽北
大阪府	大阪市生野区	鶴橋
大阪府	大阪市生野区	中川
大阪府	大阪市生野区	中川東
大阪府	大阪市生野区	中川西
大阪府	大阪市生野区	林寺
大阪府	大阪市生野区	桃谷
大阪府	大阪市旭区	赤川
大阪府	大阪市旭区	生江
大阪府	大阪市旭区	今市
大阪府	大阪市旭区	大宮
大阪府	大阪市旭区	清水
大阪府	大阪市旭区	新森
大阪府	大阪市旭区	千林
大阪府	大阪市旭区	太子橋
大阪府	大阪市旭区	高殿
大阪府	大阪市旭区	中宮
大阪府	大阪市旭区	森小路
大阪府	大阪市城東区	今福東
大阪府	大阪市城東区	今福西
大阪府	大阪市城東区	今福南
大阪府	大阪市城東区	蒲生
大阪府	大阪市城東区	新喜多
大阪府	大阪市城東区	新喜多東
大阪府	大阪市城東区	鴫野東
大阪府	大阪市城東区	鴫野西
大阪府	大阪市城東区	諏訪
大阪府	大阪市城東区	成育
大阪府	大阪市城東区	関目
大阪府	大阪市城東区	中央
大阪府	大阪市城東区	天王田
大阪府	大阪市城東区	中浜
大阪府	大阪市城東区	永田
大阪府	大阪市城東区	野江
大阪府	大阪市城東区	放出西
大阪府	大阪市城東区	東中浜
大阪府	大阪市城東区	古市
大阪府	大阪市城東区	森之宮
大阪府	大阪市阿倍野区	相生通
大阪府	大阪市阿倍野区	旭町
大阪府	大阪市阿倍野区	阿倍野筋（次のビルを除く）
大阪府	大阪市阿倍野区	阿倍野筋あべのハルカス（地階・階層不明）
大阪府	大阪市阿倍野区	阿倍野筋あべのハルカス（１階）
大阪府	大阪市阿倍野区	阿倍野筋あべのハルカス（２階）
大阪府	大阪市阿倍野区	阿倍野筋あべのハルカス（３階）
大阪府	大阪市阿倍野区	阿倍野筋あべのハルカス（４階）
大阪府	大阪市阿倍野区	阿倍野筋あべのハルカス（５階）
大阪府	大阪市阿倍野区	阿倍野筋あべのハルカス（６階）
大阪府	大阪市阿倍野区	阿倍野筋あべのハルカス（７階）
大阪府	大阪市阿倍野区	阿倍野筋あべのハルカス（８階）
大阪府	大阪市阿倍野区	阿倍野筋あべのハルカス（９階）
大阪府	大阪市阿倍野区	阿倍野筋あべのハルカス（１０階）
大阪府	大阪市阿倍野区	阿倍野筋あべのハルカス（１１階）
大阪府	大阪市阿倍野区	阿倍野筋あべのハルカス（１２階）
大阪府	大阪市阿倍野区	阿倍野筋あべのハルカス（１３階）
大阪府	大阪市阿倍野区	阿倍野筋あべのハルカス（１４階）
大阪府	大阪市阿倍野区	阿倍野筋あべのハルカス（１５階）
大阪府	大阪市阿倍野区	阿倍野筋あべのハルカス（１６階）
大阪府	大阪市阿倍野区	阿倍野筋あべのハルカス（１７階）
大阪府	大阪市阿倍野区	阿倍野筋あべのハルカス（１８階）
大阪府	大阪市阿倍野区	阿倍野筋あべのハルカス（１９階）
大阪府	大阪市阿倍野区	阿倍野筋あべのハルカス（２０階）
大阪府	大阪市阿倍野区	阿倍野筋あべのハルカス（２１階）
大阪府	大阪市阿倍野区	阿倍野筋あべのハルカス（２２階）
大阪府	大阪市阿倍野区	阿倍野筋あべのハルカス（２３階）
大阪府	大阪市阿倍野区	阿倍野筋あべのハルカス（２４階）
大阪府	大阪市阿倍野区	阿倍野筋あべのハルカス（２５階）
大阪府	大阪市阿倍野区	阿倍野筋あべのハルカス（２６階）
大阪府	大阪市阿倍野区	阿倍野筋あべのハルカス（２７階）
大阪府	大阪市阿倍野区	阿倍野筋あべのハルカス（２８階）
大阪府	大阪市阿倍野区	阿倍野筋あべのハルカス（２９階）
大阪府	大阪市阿倍野区	阿倍野筋あべのハルカス（３０階）
大阪府	大阪市阿倍野区	阿倍野筋あべのハルカス（３１階）
大阪府	大阪市阿倍野区	阿倍野筋あべのハルカス（３２階）
大阪府	大阪市阿倍野区	阿倍野筋あべのハルカス（３３階）
大阪府	大阪市阿倍野区	阿倍野筋あべのハルカス（３４階）
大阪府	大阪市阿倍野区	阿倍野筋あべのハルカス（３５階）
大阪府	大阪市阿倍野区	阿倍野筋あべのハルカス（３６階）
大阪府	大阪市阿倍野区	阿倍野筋あべのハルカス（３７階）
大阪府	大阪市阿倍野区	阿倍野筋あべのハルカス（３８階）
大阪府	大阪市阿倍野区	阿倍野筋あべのハルカス（３９階）
大阪府	大阪市阿倍野区	阿倍野筋あべのハルカス（４０階）
大阪府	大阪市阿倍野区	阿倍野筋あべのハルカス（４１階）
大阪府	大阪市阿倍野区	阿倍野筋あべのハルカス（４２階）
大阪府	大阪市阿倍野区	阿倍野筋あべのハルカス（４３階）
大阪府	大阪市阿倍野区	阿倍野筋あべのハルカス（４４階）
大阪府	大阪市阿倍野区	阿倍野筋あべのハルカス（４５階）
大阪府	大阪市阿倍野区	阿倍野筋あべのハルカス（４６階）
大阪府	大阪市阿倍野区	阿倍野筋あべのハルカス（４７階）
大阪府	大阪市阿倍野区	阿倍野筋あべのハルカス（４８階）
大阪府	大阪市阿倍野区	阿倍野筋あべのハルカス（４９階）
大阪府	大阪市阿倍野区	阿倍野筋あべのハルカス（５０階）
大阪府	大阪市阿倍野区	阿倍野筋あべのハルカス（５１階）
大阪府	大阪市阿倍野区	阿倍野筋あべのハルカス（５２階）
大阪府	大阪市阿倍野区	阿倍野筋あべのハルカス（５３階）
大阪府	大阪市阿倍野区	阿倍野筋あべのハルカス（５４階）
大阪府	大阪市阿倍野区	阿倍野筋あべのハルカス（５５階）
大阪府	大阪市阿倍野区	阿倍野筋あべのハルカス（５６階）
大阪府	大阪市阿倍野区	阿倍野筋あべのハルカス（５７階）
大阪府	大阪市阿倍野区	阿倍野筋あべのハルカス（５８階）
大阪府	大阪市阿倍野区	阿倍野筋あべのハルカス（５９階）
大阪府	大阪市阿倍野区	阿倍野筋あべのハルカス（６０階）
大阪府	大阪市阿倍野区	阿倍野元町
大阪府	大阪市阿倍野区	王子町
大阪府	大阪市阿倍野区	北畠
大阪府	大阪市阿倍野区	共立通
大阪府	大阪市阿倍野区	三明町
大阪府	大阪市阿倍野区	昭和町
大阪府	大阪市阿倍野区	晴明通
大阪府	大阪市阿倍野区	帝塚山
大阪府	大阪市阿倍野区	天王寺町南
大阪府	大阪市阿倍野区	天王寺町北
大阪府	大阪市阿倍野区	長池町
大阪府	大阪市阿倍野区	西田辺町
大阪府	大阪市阿倍野区	橋本町
大阪府	大阪市阿倍野区	播磨町
大阪府	大阪市阿倍野区	阪南町
大阪府	大阪市阿倍野区	万代
大阪府	大阪市阿倍野区	美章園
大阪府	大阪市阿倍野区	文の里
大阪府	大阪市阿倍野区	松崎町
大阪府	大阪市阿倍野区	松虫通
大阪府	大阪市阿倍野区	丸山通
大阪府	大阪市阿倍野区	桃ケ池町
大阪府	大阪市住吉区	浅香
大阪府	大阪市住吉区	我孫子
大阪府	大阪市住吉区	我孫子東
大阪府	大阪市住吉区	我孫子西
大阪府	大阪市住吉区	上住吉
大阪府	大阪市住吉区	遠里小野
大阪府	大阪市住吉区	苅田
大阪府	大阪市住吉区	沢之町
大阪府	大阪市住吉区	清水丘
大阪府	大阪市住吉区	杉本
大阪府	大阪市住吉区	墨江
大阪府	大阪市住吉区	住吉
大阪府	大阪市住吉区	千躰
大阪府	大阪市住吉区	大領
大阪府	大阪市住吉区	帝塚山中
大阪府	大阪市住吉区	帝塚山東
大阪府	大阪市住吉区	帝塚山西
大阪府	大阪市住吉区	殿辻
大阪府	大阪市住吉区	長居
大阪府	大阪市住吉区	長居東
大阪府	大阪市住吉区	長居西
大阪府	大阪市住吉区	長峡町
大阪府	大阪市住吉区	庭井
大阪府	大阪市住吉区	万代
大阪府	大阪市住吉区	万代東
大阪府	大阪市住吉区	東粉浜
大阪府	大阪市住吉区	南住吉
大阪府	大阪市住吉区	山之内
大阪府	大阪市住吉区	山之内元町
大阪府	大阪市東住吉区	今川
大阪府	大阪市東住吉区	今林
大阪府	大阪市東住吉区	北田辺
大阪府	大阪市東住吉区	杭全
大阪府	大阪市東住吉区	桑津
大阪府	大阪市東住吉区	公園南矢田
大阪府	大阪市東住吉区	駒川
大阪府	大阪市東住吉区	住道矢田
大阪府	大阪市東住吉区	鷹合
大阪府	大阪市東住吉区	田辺
大阪府	大阪市東住吉区	照ケ丘矢田
大阪府	大阪市東住吉区	中野
大阪府	大阪市東住吉区	長居公園
大阪府	大阪市東住吉区	西今川
大阪府	大阪市東住吉区	針中野
大阪府	大阪市東住吉区	東田辺
大阪府	大阪市東住吉区	南田辺
大阪府	大阪市東住吉区	矢田
大阪府	大阪市東住吉区	山坂
大阪府	大阪市東住吉区	湯里
大阪府	大阪市西成区	旭
大阪府	大阪市西成区	岸里
大阪府	大阪市西成区	岸里東
大阪府	大阪市西成区	北津守
大阪府	大阪市西成区	北開
大阪府	大阪市西成区	山王
大阪府	大阪市西成区	潮路
大阪府	大阪市西成区	聖天下
大阪府	大阪市西成区	千本中
大阪府	大阪市西成区	千本南
大阪府	大阪市西成区	千本北
大阪府	大阪市西成区	太子
大阪府	大阪市西成区	橘
大阪府	大阪市西成区	玉出中
大阪府	大阪市西成区	玉出東
大阪府	大阪市西成区	玉出西
大阪府	大阪市西成区	津守
大阪府	大阪市西成区	鶴見橋
大阪府	大阪市西成区	出城
大阪府	大阪市西成区	天下茶屋
大阪府	大阪市西成区	天下茶屋東
大阪府	大阪市西成区	天下茶屋北
大阪府	大阪市西成区	天神ノ森
大阪府	大阪市西成区	中開
大阪府	大阪市西成区	長橋
大阪府	大阪市西成区	梅南
大阪府	大阪市西成区	萩之茶屋
大阪府	大阪市西成区	花園南
大阪府	大阪市西成区	花園北
大阪府	大阪市西成区	松
大阪府	大阪市西成区	南津守
大阪府	大阪市西成区	南開
大阪府	大阪市淀川区	加島
大阪府	大阪市淀川区	木川東
大阪府	大阪市淀川区	木川西
大阪府	大阪市淀川区	新北野
大阪府	大阪市淀川区	十三本町
大阪府	大阪市淀川区	十三元今里
大阪府	大阪市淀川区	十三東
大阪府	大阪市淀川区	十八条
大阪府	大阪市淀川区	田川
大阪府	大阪市淀川区	田川北
大阪府	大阪市淀川区	塚本
大阪府	大阪市淀川区	新高
大阪府	大阪市淀川区	西中島
大阪府	大阪市淀川区	西三国
大阪府	大阪市淀川区	西宮原
大阪府	大阪市淀川区	野中南
大阪府	大阪市淀川区	野中北
大阪府	大阪市淀川区	東三国
大阪府	大阪市淀川区	三国本町
大阪府	大阪市淀川区	三津屋中
大阪府	大阪市淀川区	三津屋南
大阪府	大阪市淀川区	三津屋北
大阪府	大阪市淀川区	宮原
大阪府	大阪市鶴見区	今津中
大阪府	大阪市鶴見区	今津南
大阪府	大阪市鶴見区	今津北
大阪府	大阪市鶴見区	鶴見
大阪府	大阪市鶴見区	徳庵
大阪府	大阪市鶴見区	中茶屋
大阪府	大阪市鶴見区	放出東
大阪府	大阪市鶴見区	浜
大阪府	大阪市鶴見区	茨田大宮
大阪府	大阪市鶴見区	緑
大阪府	大阪市鶴見区	諸口
大阪府	大阪市鶴見区	焼野
大阪府	大阪市鶴見区	安田
大阪府	大阪市鶴見区	横堤
大阪府	大阪市鶴見区	緑地公園
大阪府	大阪市住之江区	安立
大阪府	大阪市住之江区	泉
大阪府	大阪市住之江区	北加賀屋
大阪府	大阪市住之江区	北島
大阪府	大阪市住之江区	粉浜
大阪府	大阪市住之江区	粉浜西
大阪府	大阪市住之江区	柴谷
大阪府	大阪市住之江区	新北島
大阪府	大阪市住之江区	住之江
大阪府	大阪市住之江区	中加賀屋
大阪府	大阪市住之江区	南港中
大阪府	大阪市住之江区	南港東
大阪府	大阪市住之江区	南港南
大阪府	大阪市住之江区	南港北
大阪府	大阪市住之江区	西加賀屋
大阪府	大阪市住之江区	西住之江
大阪府	大阪市住之江区	浜口東
大阪府	大阪市住之江区	浜口西
大阪府	大阪市住之江区	東加賀屋
大阪府	大阪市住之江区	平林南
大阪府	大阪市住之江区	平林北
大阪府	大阪市住之江区	御崎
大阪府	大阪市住之江区	緑木
大阪府	大阪市住之江区	南加賀屋
大阪府	大阪市平野区	瓜破
大阪府	大阪市平野区	瓜破東
大阪府	大阪市平野区	瓜破西
大阪府	大阪市平野区	瓜破南
大阪府	大阪市平野区	加美鞍作
大阪府	大阪市平野区	加美正覚寺
大阪府	大阪市平野区	加美東
大阪府	大阪市平野区	加美西
大阪府	大阪市平野区	加美南
大阪府	大阪市平野区	加美北
大阪府	大阪市平野区	喜連
大阪府	大阪市平野区	喜連東
大阪府	大阪市平野区	喜連西
大阪府	大阪市平野区	背戸口
大阪府	大阪市平野区	長吉川辺
大阪府	大阪市平野区	長吉出戸
大阪府	大阪市平野区	長吉長原
大阪府	大阪市平野区	長吉長原東
大阪府	大阪市平野区	長吉長原西
大阪府	大阪市平野区	長吉六反
大阪府	大阪市平野区	流町
大阪府	大阪市平野区	西脇
大阪府	大阪市平野区	平野市町
大阪府	大阪市平野区	平野上町
大阪府	大阪市平野区	平野馬場
大阪府	大阪市平野区	平野本町
大阪府	大阪市平野区	平野宮町
大阪府	大阪市平野区	平野元町
大阪府	大阪市平野区	平野東
大阪府	大阪市平野区	平野西
大阪府	大阪市平野区	平野南
大阪府	大阪市平野区	平野北
大阪府	大阪市北区	池田町
大阪府	大阪市北区	浮田
大阪府	大阪市北区	梅田
大阪府	大阪市北区	扇町
大阪府	大阪市北区	大深町
大阪府	大阪市北区	大淀中（次のビルを除く）
大阪府	大阪市北区	大淀中梅田スカイビルタワーイースト（地階・階層不明）
大阪府	大阪市北区	大淀中梅田スカイビルタワーイースト（１階）
大阪府	大阪市北区	大淀中梅田スカイビルタワーイースト（２階）
大阪府	大阪市北区	大淀中梅田スカイビルタワーイースト（３階）
大阪府	大阪市北区	大淀中梅田スカイビルタワーイースト（４階）
大阪府	大阪市北区	大淀中梅田スカイビルタワーイースト（５階）
大阪府	大阪市北区	大淀中梅田スカイビルタワーイースト（６階）
大阪府	大阪市北区	大淀中梅田スカイビルタワーイースト（７階）
大阪府	大阪市北区	大淀中梅田スカイビルタワーイースト（８階）
大阪府	大阪市北区	大淀中梅田スカイビルタワーイースト（９階）
大阪府	大阪市北区	大淀中梅田スカイビルタワーイースト（１０階）
大阪府	大阪市北区	大淀中梅田スカイビルタワーイースト（１１階）
大阪府	大阪市北区	大淀中梅田スカイビルタワーイースト（１２階）
大阪府	大阪市北区	大淀中梅田スカイビルタワーイースト（１３階）
大阪府	大阪市北区	大淀中梅田スカイビルタワーイースト（１４階）
大阪府	大阪市北区	大淀中梅田スカイビルタワーイースト（１５階）
大阪府	大阪市北区	大淀中梅田スカイビルタワーイースト（１６階）
大阪府	大阪市北区	大淀中梅田スカイビルタワーイースト（１７階）
大阪府	大阪市北区	大淀中梅田スカイビルタワーイースト（１８階）
大阪府	大阪市北区	大淀中梅田スカイビルタワーイースト（１９階）
大阪府	大阪市北区	大淀中梅田スカイビルタワーイースト（２０階）
大阪府	大阪市北区	大淀中梅田スカイビルタワーイースト（２１階）
大阪府	大阪市北区	大淀中梅田スカイビルタワーイースト（２２階）
大阪府	大阪市北区	大淀中梅田スカイビルタワーイースト（２３階）
大阪府	大阪市北区	大淀中梅田スカイビルタワーイースト（２４階）
大阪府	大阪市北区	大淀中梅田スカイビルタワーイースト（２５階）
大阪府	大阪市北区	大淀中梅田スカイビルタワーイースト（２６階）
大阪府	大阪市北区	大淀中梅田スカイビルタワーイースト（２７階）
大阪府	大阪市北区	大淀中梅田スカイビルタワーイースト（２８階）
大阪府	大阪市北区	大淀中梅田スカイビルタワーイースト（２９階）
大阪府	大阪市北区	大淀中梅田スカイビルタワーイースト（３０階）
大阪府	大阪市北区	大淀中梅田スカイビルタワーイースト（３１階）
大阪府	大阪市北区	大淀中梅田スカイビルタワーイースト（３２階）
大阪府	大阪市北区	大淀中梅田スカイビルタワーイースト（３３階）
大阪府	大阪市北区	大淀中梅田スカイビルタワーイースト（３４階）
大阪府	大阪市北区	大淀中梅田スカイビルタワーイースト（３５階）
大阪府	大阪市北区	大淀中梅田スカイビルタワーイースト（３６階）
大阪府	大阪市北区	大淀中梅田スカイビルタワーイースト（３７階）
大阪府	大阪市北区	大淀中梅田スカイビルタワーイースト（３８階）
大阪府	大阪市北区	大淀中梅田スカイビルタワーイースト（３９階）
大阪府	大阪市北区	大淀中梅田スカイビルタワーウエスト（地階・階層不明）
大阪府	大阪市北区	大淀中梅田スカイビルタワーウエスト（１階）
大阪府	大阪市北区	大淀中梅田スカイビルタワーウエスト（２階）
大阪府	大阪市北区	大淀中梅田スカイビルタワーウエスト（３階）
大阪府	大阪市北区	大淀中梅田スカイビルタワーウエスト（４階）
大阪府	大阪市北区	大淀中梅田スカイビルタワーウエスト（５階）
大阪府	大阪市北区	大淀中梅田スカイビルタワーウエスト（６階）
大阪府	大阪市北区	大淀中梅田スカイビルタワーウエスト（７階）
大阪府	大阪市北区	大淀中梅田スカイビルタワーウエスト（８階）
大阪府	大阪市北区	大淀中梅田スカイビルタワーウエスト（９階）
大阪府	大阪市北区	大淀中梅田スカイビルタワーウエスト（１０階）
大阪府	大阪市北区	大淀中梅田スカイビルタワーウエスト（１１階）
大阪府	大阪市北区	大淀中梅田スカイビルタワーウエスト（１２階）
大阪府	大阪市北区	大淀中梅田スカイビルタワーウエスト（１３階）
大阪府	大阪市北区	大淀中梅田スカイビルタワーウエスト（１４階）
大阪府	大阪市北区	大淀中梅田スカイビルタワーウエスト（１５階）
大阪府	大阪市北区	大淀中梅田スカイビルタワーウエスト（１６階）
大阪府	大阪市北区	大淀中梅田スカイビルタワーウエスト（１７階）
大阪府	大阪市北区	大淀中梅田スカイビルタワーウエスト（１８階）
大阪府	大阪市北区	大淀中梅田スカイビルタワーウエスト（１９階）
大阪府	大阪市北区	大淀中梅田スカイビルタワーウエスト（２０階）
大阪府	大阪市北区	大淀中梅田スカイビルタワーウエスト（２１階）
大阪府	大阪市北区	大淀中梅田スカイビルタワーウエスト（２２階）
大阪府	大阪市北区	大淀中梅田スカイビルタワーウエスト（２３階）
大阪府	大阪市北区	大淀中梅田スカイビルタワーウエスト（２４階）
大阪府	大阪市北区	大淀中梅田スカイビルタワーウエスト（２５階）
大阪府	大阪市北区	大淀中梅田スカイビルタワーウエスト（２６階）
大阪府	大阪市北区	大淀中梅田スカイビルタワーウエスト（２７階）
大阪府	大阪市北区	大淀中梅田スカイビルタワーウエスト（２８階）
大阪府	大阪市北区	大淀中梅田スカイビルタワーウエスト（２９階）
大阪府	大阪市北区	大淀中梅田スカイビルタワーウエスト（３０階）
大阪府	大阪市北区	大淀中梅田スカイビルタワーウエスト（３１階）
大阪府	大阪市北区	大淀中梅田スカイビルタワーウエスト（３２階）
大阪府	大阪市北区	大淀中梅田スカイビルタワーウエスト（３３階）
大阪府	大阪市北区	大淀中梅田スカイビルタワーウエスト（３４階）
大阪府	大阪市北区	大淀中梅田スカイビルタワーウエスト（３５階）
大阪府	大阪市北区	大淀中梅田スカイビルタワーウエスト（３６階）
大阪府	大阪市北区	大淀中梅田スカイビルタワーウエスト（３７階）
大阪府	大阪市北区	大淀中梅田スカイビルタワーウエスト（３８階）
大阪府	大阪市北区	大淀中梅田スカイビルタワーウエスト（３９階）
大阪府	大阪市北区	大淀南
大阪府	大阪市北区	大淀北
大阪府	大阪市北区	角田町
大阪府	大阪市北区	神山町
大阪府	大阪市北区	菅栄町
大阪府	大阪市北区	黒崎町
大阪府	大阪市北区	紅梅町
大阪府	大阪市北区	国分寺
大阪府	大阪市北区	小松原町
大阪府	大阪市北区	芝田
大阪府	大阪市北区	末広町
大阪府	大阪市北区	菅原町
大阪府	大阪市北区	曽根崎
大阪府	大阪市北区	曽根崎新地
大阪府	大阪市北区	太融寺町
大阪府	大阪市北区	茶屋町
大阪府	大阪市北区	鶴野町
大阪府	大阪市北区	天神西町
大阪府	大阪市北区	天神橋（１～６丁目）
大阪府	大阪市北区	天神橋（７、８丁目）
大阪府	大阪市北区	天満
大阪府	大阪市北区	天満橋（次のビルを除く）
大阪府	大阪市北区	天満橋ＯＡＰタワー（地階・階層不明）
大阪府	大阪市北区	天満橋ＯＡＰタワー（１階）
大阪府	大阪市北区	天満橋ＯＡＰタワー（２階）
大阪府	大阪市北区	天満橋ＯＡＰタワー（３階）
大阪府	大阪市北区	天満橋ＯＡＰタワー（４階）
大阪府	大阪市北区	天満橋ＯＡＰタワー（５階）
大阪府	大阪市北区	天満橋ＯＡＰタワー（６階）
大阪府	大阪市北区	天満橋ＯＡＰタワー（７階）
大阪府	大阪市北区	天満橋ＯＡＰタワー（８階）
大阪府	大阪市北区	天満橋ＯＡＰタワー（９階）
大阪府	大阪市北区	天満橋ＯＡＰタワー（１０階）
大阪府	大阪市北区	天満橋ＯＡＰタワー（１１階）
大阪府	大阪市北区	天満橋ＯＡＰタワー（１２階）
大阪府	大阪市北区	天満橋ＯＡＰタワー（１３階）
大阪府	大阪市北区	天満橋ＯＡＰタワー（１４階）
大阪府	大阪市北区	天満橋ＯＡＰタワー（１５階）
大阪府	大阪市北区	天満橋ＯＡＰタワー（１６階）
大阪府	大阪市北区	天満橋ＯＡＰタワー（１７階）
大阪府	大阪市北区	天満橋ＯＡＰタワー（１８階）
大阪府	大阪市北区	天満橋ＯＡＰタワー（１９階）
大阪府	大阪市北区	天満橋ＯＡＰタワー（２０階）
大阪府	大阪市北区	天満橋ＯＡＰタワー（２１階）
大阪府	大阪市北区	天満橋ＯＡＰタワー（２２階）
大阪府	大阪市北区	天満橋ＯＡＰタワー（２３階）
大阪府	大阪市北区	天満橋ＯＡＰタワー（２４階）
大阪府	大阪市北区	天満橋ＯＡＰタワー（２５階）
大阪府	大阪市北区	天満橋ＯＡＰタワー（２６階）
大阪府	大阪市北区	天満橋ＯＡＰタワー（２７階）
大阪府	大阪市北区	天満橋ＯＡＰタワー（２８階）
大阪府	大阪市北区	天満橋ＯＡＰタワー（２９階）
大阪府	大阪市北区	天満橋ＯＡＰタワー（３０階）
大阪府	大阪市北区	天満橋ＯＡＰタワー（３１階）
大阪府	大阪市北区	天満橋ＯＡＰタワー（３２階）
大阪府	大阪市北区	天満橋ＯＡＰタワー（３３階）
大阪府	大阪市北区	天満橋ＯＡＰタワー（３４階）
大阪府	大阪市北区	天満橋ＯＡＰタワー（３５階）
大阪府	大阪市北区	天満橋ＯＡＰタワー（３６階）
大阪府	大阪市北区	天満橋ＯＡＰタワー（３７階）
大阪府	大阪市北区	天満橋ＯＡＰタワー（３８階）
大阪府	大阪市北区	天満橋ＯＡＰタワー（３９階）
大阪府	大阪市北区	堂島
大阪府	大阪市北区	堂島浜
大阪府	大阪市北区	同心
大阪府	大阪市北区	堂山町
大阪府	大阪市北区	兎我野町
大阪府	大阪市北区	豊崎
大阪府	大阪市北区	中崎
大阪府	大阪市北区	中崎西
大阪府	大阪市北区	中津
大阪府	大阪市北区	中之島（次のビルを除く）
大阪府	大阪市北区	中之島中之島ダイビル（地階・階層不明）
大阪府	大阪市北区	中之島中之島ダイビル（１階）
大阪府	大阪市北区	中之島中之島ダイビル（２階）
大阪府	大阪市北区	中之島中之島ダイビル（３階）
大阪府	大阪市北区	中之島中之島ダイビル（４階）
大阪府	大阪市北区	中之島中之島ダイビル（５階）
大阪府	大阪市北区	中之島中之島ダイビル（６階）
大阪府	大阪市北区	中之島中之島ダイビル（７階）
大阪府	大阪市北区	中之島中之島ダイビル（８階）
大阪府	大阪市北区	中之島中之島ダイビル（９階）
大阪府	大阪市北区	中之島中之島ダイビル（１０階）
大阪府	大阪市北区	中之島中之島ダイビル（１１階）
大阪府	大阪市北区	中之島中之島ダイビル（１２階）
大阪府	大阪市北区	中之島中之島ダイビル（１３階）
大阪府	大阪市北区	中之島中之島ダイビル（１４階）
大阪府	大阪市北区	中之島中之島ダイビル（１５階）
大阪府	大阪市北区	中之島中之島ダイビル（１６階）
大阪府	大阪市北区	中之島中之島ダイビル（１７階）
大阪府	大阪市北区	中之島中之島ダイビル（１８階）
大阪府	大阪市北区	中之島中之島ダイビル（１９階）
大阪府	大阪市北区	中之島中之島ダイビル（２０階）
大阪府	大阪市北区	中之島中之島ダイビル（２１階）
大阪府	大阪市北区	中之島中之島ダイビル（２２階）
大阪府	大阪市北区	中之島中之島ダイビル（２３階）
大阪府	大阪市北区	中之島中之島ダイビル（２４階）
大阪府	大阪市北区	中之島中之島ダイビル（２５階）
大阪府	大阪市北区	中之島中之島ダイビル（２６階）
大阪府	大阪市北区	中之島中之島ダイビル（２７階）
大阪府	大阪市北区	中之島中之島ダイビル（２８階）
大阪府	大阪市北区	中之島中之島ダイビル（２９階）
大阪府	大阪市北区	中之島中之島ダイビル（３０階）
大阪府	大阪市北区	中之島中之島ダイビル（３１階）
大阪府	大阪市北区	中之島中之島ダイビル（３２階）
大阪府	大阪市北区	中之島中之島ダイビル（３３階）
大阪府	大阪市北区	中之島中之島ダイビル（３４階）
大阪府	大阪市北区	中之島中之島ダイビル（３５階）
大阪府	大阪市北区	長柄中
大阪府	大阪市北区	長柄東
大阪府	大阪市北区	長柄西
大阪府	大阪市北区	浪花町
大阪府	大阪市北区	錦町
大阪府	大阪市北区	西天満
大阪府	大阪市北区	野崎町
大阪府	大阪市北区	万歳町
大阪府	大阪市北区	東天満
大阪府	大阪市北区	樋之口町
大阪府	大阪市北区	本庄東
大阪府	大阪市北区	本庄西
大阪府	大阪市北区	松ケ枝町
大阪府	大阪市北区	南扇町
大阪府	大阪市北区	南森町
大阪府	大阪市北区	山崎町
大阪府	大阪市北区	与力町
大阪府	大阪市中央区	安土町
大阪府	大阪市中央区	淡路町
大阪府	大阪市中央区	安堂寺町
大阪府	大阪市中央区	和泉町
大阪府	大阪市中央区	糸屋町
大阪府	大阪市中央区	今橋
大阪府	大阪市中央区	上汐
大阪府	大阪市中央区	上本町西
大阪府	大阪市中央区	上町
大阪府	大阪市中央区	内淡路町
大阪府	大阪市中央区	内久宝寺町
大阪府	大阪市中央区	内平野町
大阪府	大阪市中央区	内本町
大阪府	大阪市中央区	大阪城
大阪府	大阪市中央区	大手通
大阪府	大阪市中央区	大手前
大阪府	大阪市中央区	瓦町
大阪府	大阪市中央区	瓦屋町
大阪府	大阪市中央区	神崎町
大阪府	大阪市中央区	北久宝寺町
大阪府	大阪市中央区	北新町
大阪府	大阪市中央区	北浜
大阪府	大阪市中央区	北浜東
大阪府	大阪市中央区	久太郎町
大阪府	大阪市中央区	高津
大阪府	大阪市中央区	高麗橋
大阪府	大阪市中央区	粉川町
大阪府	大阪市中央区	石町
大阪府	大阪市中央区	材木町
大阪府	大阪市中央区	島之内
大阪府	大阪市中央区	島町
大阪府	大阪市中央区	十二軒町
大阪府	大阪市中央区	城見（次のビルを除く）
大阪府	大阪市中央区	城見ＭＩＤタワー（地階・階層不明）
大阪府	大阪市中央区	城見ＭＩＤタワー（１階）
大阪府	大阪市中央区	城見ＭＩＤタワー（２階）
大阪府	大阪市中央区	城見ＭＩＤタワー（３階）
大阪府	大阪市中央区	城見ＭＩＤタワー（４階）
大阪府	大阪市中央区	城見ＭＩＤタワー（５階）
大阪府	大阪市中央区	城見ＭＩＤタワー（６階）
大阪府	大阪市中央区	城見ＭＩＤタワー（７階）
大阪府	大阪市中央区	城見ＭＩＤタワー（８階）
大阪府	大阪市中央区	城見ＭＩＤタワー（９階）
大阪府	大阪市中央区	城見ＭＩＤタワー（１０階）
大阪府	大阪市中央区	城見ＭＩＤタワー（１１階）
大阪府	大阪市中央区	城見ＭＩＤタワー（１２階）
大阪府	大阪市中央区	城見ＭＩＤタワー（１３階）
大阪府	大阪市中央区	城見ＭＩＤタワー（１４階）
大阪府	大阪市中央区	城見ＭＩＤタワー（１５階）
大阪府	大阪市中央区	城見ＭＩＤタワー（１６階）
大阪府	大阪市中央区	城見ＭＩＤタワー（１７階）
大阪府	大阪市中央区	城見ＭＩＤタワー（１８階）
大阪府	大阪市中央区	城見ＭＩＤタワー（１９階）
大阪府	大阪市中央区	城見ＭＩＤタワー（２０階）
大阪府	大阪市中央区	城見ＭＩＤタワー（２１階）
大阪府	大阪市中央区	城見ＭＩＤタワー（２２階）
大阪府	大阪市中央区	城見ＭＩＤタワー（２３階）
大阪府	大阪市中央区	城見ＭＩＤタワー（２４階）
大阪府	大阪市中央区	城見ＭＩＤタワー（２５階）
大阪府	大阪市中央区	城見ＭＩＤタワー（２６階）
大阪府	大阪市中央区	城見ＭＩＤタワー（２７階）
大阪府	大阪市中央区	城見ＭＩＤタワー（２８階）
大阪府	大阪市中央区	城見ＭＩＤタワー（２９階）
大阪府	大阪市中央区	城見ＭＩＤタワー（３０階）
大阪府	大阪市中央区	城見ＭＩＤタワー（３１階）
大阪府	大阪市中央区	城見ＭＩＤタワー（３２階）
大阪府	大阪市中央区	城見ＭＩＤタワー（３３階）
大阪府	大阪市中央区	城見ＭＩＤタワー（３４階）
大阪府	大阪市中央区	城見ＭＩＤタワー（３５階）
大阪府	大阪市中央区	城見ＭＩＤタワー（３６階）
大阪府	大阪市中央区	城見ＭＩＤタワー（３７階）
大阪府	大阪市中央区	城見ＭＩＤタワー（３８階）
大阪府	大阪市中央区	城見クリスタルタワー（地階・階層不明）
大阪府	大阪市中央区	城見クリスタルタワー（１階）
大阪府	大阪市中央区	城見クリスタルタワー（２階）
大阪府	大阪市中央区	城見クリスタルタワー（３階）
大阪府	大阪市中央区	城見クリスタルタワー（４階）
大阪府	大阪市中央区	城見クリスタルタワー（５階）
大阪府	大阪市中央区	城見クリスタルタワー（６階）
大阪府	大阪市中央区	城見クリスタルタワー（７階）
大阪府	大阪市中央区	城見クリスタルタワー（８階）
大阪府	大阪市中央区	城見クリスタルタワー（９階）
大阪府	大阪市中央区	城見クリスタルタワー（１０階）
大阪府	大阪市中央区	城見クリスタルタワー（１１階）
大阪府	大阪市中央区	城見クリスタルタワー（１２階）
大阪府	大阪市中央区	城見クリスタルタワー（１３階）
大阪府	大阪市中央区	城見クリスタルタワー（１４階）
大阪府	大阪市中央区	城見クリスタルタワー（１５階）
大阪府	大阪市中央区	城見クリスタルタワー（１６階）
大阪府	大阪市中央区	城見クリスタルタワー（１７階）
大阪府	大阪市中央区	城見クリスタルタワー（１８階）
大阪府	大阪市中央区	城見クリスタルタワー（１９階）
大阪府	大阪市中央区	城見クリスタルタワー（２０階）
大阪府	大阪市中央区	城見クリスタルタワー（２１階）
大阪府	大阪市中央区	城見クリスタルタワー（２２階）
大阪府	大阪市中央区	城見クリスタルタワー（２３階）
大阪府	大阪市中央区	城見クリスタルタワー（２４階）
大阪府	大阪市中央区	城見クリスタルタワー（２５階）
大阪府	大阪市中央区	城見クリスタルタワー（２６階）
大阪府	大阪市中央区	城見クリスタルタワー（２７階）
大阪府	大阪市中央区	城見クリスタルタワー（２８階）
大阪府	大阪市中央区	城見クリスタルタワー（２９階）
大阪府	大阪市中央区	城見クリスタルタワー（３０階）
大阪府	大阪市中央区	城見クリスタルタワー（３１階）
大阪府	大阪市中央区	城見クリスタルタワー（３２階）
大阪府	大阪市中央区	城見クリスタルタワー（３３階）
大阪府	大阪市中央区	城見クリスタルタワー（３４階）
大阪府	大阪市中央区	城見クリスタルタワー（３５階）
大阪府	大阪市中央区	城見クリスタルタワー（３６階）
大阪府	大阪市中央区	城見クリスタルタワー（３７階）
大阪府	大阪市中央区	城見パナソニックタワー（地階・階層不明）
大阪府	大阪市中央区	城見パナソニックタワー（１階）
大阪府	大阪市中央区	城見パナソニックタワー（２階）
大阪府	大阪市中央区	城見パナソニックタワー（３階）
大阪府	大阪市中央区	城見パナソニックタワー（４階）
大阪府	大阪市中央区	城見パナソニックタワー（５階）
大阪府	大阪市中央区	城見パナソニックタワー（６階）
大阪府	大阪市中央区	城見パナソニックタワー（７階）
大阪府	大阪市中央区	城見パナソニックタワー（８階）
大阪府	大阪市中央区	城見パナソニックタワー（９階）
大阪府	大阪市中央区	城見パナソニックタワー（１０階）
大阪府	大阪市中央区	城見パナソニックタワー（１１階）
大阪府	大阪市中央区	城見パナソニックタワー（１２階）
大阪府	大阪市中央区	城見パナソニックタワー（１３階）
大阪府	大阪市中央区	城見パナソニックタワー（１４階）
大阪府	大阪市中央区	城見パナソニックタワー（１５階）
大阪府	大阪市中央区	城見パナソニックタワー（１６階）
大阪府	大阪市中央区	城見パナソニックタワー（１７階）
大阪府	大阪市中央区	城見パナソニックタワー（１８階）
大阪府	大阪市中央区	城見パナソニックタワー（１９階）
大阪府	大阪市中央区	城見パナソニックタワー（２０階）
大阪府	大阪市中央区	城見パナソニックタワー（２１階）
大阪府	大阪市中央区	城見パナソニックタワー（２２階）
大阪府	大阪市中央区	城見パナソニックタワー（２３階）
大阪府	大阪市中央区	城見パナソニックタワー（２４階）
大阪府	大阪市中央区	城見パナソニックタワー（２５階）
大阪府	大阪市中央区	城見パナソニックタワー（２６階）
大阪府	大阪市中央区	城見パナソニックタワー（２７階）
大阪府	大阪市中央区	城見パナソニックタワー（２８階）
大阪府	大阪市中央区	城見パナソニックタワー（２９階）
大阪府	大阪市中央区	城見パナソニックタワー（３０階）
大阪府	大阪市中央区	城見パナソニックタワー（３１階）
大阪府	大阪市中央区	城見パナソニックタワー（３２階）
大阪府	大阪市中央区	城見パナソニックタワー（３３階）
大阪府	大阪市中央区	城見パナソニックタワー（３４階）
大阪府	大阪市中央区	城見パナソニックタワー（３５階）
大阪府	大阪市中央区	城見パナソニックタワー（３６階）
大阪府	大阪市中央区	城見パナソニックタワー（３７階）
大阪府	大阪市中央区	城見パナソニックタワー（３８階）
大阪府	大阪市中央区	城見松下ＩＭＰビル（地階・階層不明）
大阪府	大阪市中央区	城見松下ＩＭＰビル（１階）
大阪府	大阪市中央区	城見松下ＩＭＰビル（２階）
大阪府	大阪市中央区	城見松下ＩＭＰビル（３階）
大阪府	大阪市中央区	城見松下ＩＭＰビル（４階）
大阪府	大阪市中央区	城見松下ＩＭＰビル（５階）
大阪府	大阪市中央区	城見松下ＩＭＰビル（６階）
大阪府	大阪市中央区	城見松下ＩＭＰビル（７階）
大阪府	大阪市中央区	城見松下ＩＭＰビル（８階）
大阪府	大阪市中央区	城見松下ＩＭＰビル（９階）
大阪府	大阪市中央区	城見松下ＩＭＰビル（１０階）
大阪府	大阪市中央区	城見松下ＩＭＰビル（１１階）
大阪府	大阪市中央区	城見松下ＩＭＰビル（１２階）
大阪府	大阪市中央区	城見松下ＩＭＰビル（１３階）
大阪府	大阪市中央区	城見松下ＩＭＰビル（１４階）
大阪府	大阪市中央区	城見松下ＩＭＰビル（１５階）
大阪府	大阪市中央区	城見松下ＩＭＰビル（１６階）
大阪府	大阪市中央区	城見松下ＩＭＰビル（１７階）
大阪府	大阪市中央区	城見松下ＩＭＰビル（１８階）
大阪府	大阪市中央区	城見松下ＩＭＰビル（１９階）
大阪府	大阪市中央区	城見松下ＩＭＰビル（２０階）
大阪府	大阪市中央区	城見松下ＩＭＰビル（２１階）
大阪府	大阪市中央区	城見松下ＩＭＰビル（２２階）
大阪府	大阪市中央区	城見松下ＩＭＰビル（２３階）
大阪府	大阪市中央区	城見松下ＩＭＰビル（２４階）
大阪府	大阪市中央区	城見松下ＩＭＰビル（２５階）
大阪府	大阪市中央区	城見松下ＩＭＰビル（２６階）
大阪府	大阪市中央区	心斎橋筋
大阪府	大阪市中央区	千日前
大阪府	大阪市中央区	船場中央
大阪府	大阪市中央区	宗右衛門町
大阪府	大阪市中央区	谷町（１～５丁目）
大阪府	大阪市中央区	谷町（６～９丁目）
大阪府	大阪市中央区	玉造
大阪府	大阪市中央区	釣鐘町
大阪府	大阪市中央区	天満橋京町
大阪府	大阪市中央区	東平
大阪府	大阪市中央区	常盤町
大阪府	大阪市中央区	徳井町
大阪府	大阪市中央区	道頓堀（１丁目東）
大阪府	大阪市中央区	道頓堀（その他）
大阪府	大阪市中央区	道修町
大阪府	大阪市中央区	中寺
大阪府	大阪市中央区	難波
大阪府	大阪市中央区	難波千日前
大阪府	大阪市中央区	西心斎橋
大阪府	大阪市中央区	日本橋
大阪府	大阪市中央区	農人橋
大阪府	大阪市中央区	博労町
大阪府	大阪市中央区	馬場町
大阪府	大阪市中央区	東高麗橋
大阪府	大阪市中央区	東心斎橋
大阪府	大阪市中央区	平野町
大阪府	大阪市中央区	備後町
大阪府	大阪市中央区	伏見町
大阪府	大阪市中央区	船越町
大阪府	大阪市中央区	法円坂
大阪府	大阪市中央区	本町
大阪府	大阪市中央区	本町橋
大阪府	大阪市中央区	松屋町
大阪府	大阪市中央区	松屋町住吉
大阪府	大阪市中央区	南久宝寺町
大阪府	大阪市中央区	南新町
大阪府	大阪市中央区	南船場
大阪府	大阪市中央区	南本町
大阪府	大阪市中央区	森ノ宮中央
大阪府	大阪市中央区	鎗屋町
大阪府	大阪市中央区	龍造寺町
大阪府	堺市堺区	浅香山町
大阪府	堺市堺区	旭ヶ丘北町
大阪府	堺市堺区	旭ヶ丘中町
大阪府	堺市堺区	旭ヶ丘南町
大阪府	堺市堺区	旭通
大阪府	堺市堺区	綾之町西
大阪府	堺市堺区	綾之町東
大阪府	堺市堺区	石津北町
大阪府	堺市堺区	石津町
大阪府	堺市堺区	一条通
大阪府	堺市堺区	市之町西
大阪府	堺市堺区	市之町東
大阪府	堺市堺区	今池町
大阪府	堺市堺区	永代町
大阪府	堺市堺区	榎元町
大阪府	堺市堺区	戎島町
大阪府	堺市堺区	戎之町西
大阪府	堺市堺区	戎之町東
大阪府	堺市堺区	老松町
大阪府	堺市堺区	大町西
大阪府	堺市堺区	大町東
大阪府	堺市堺区	大浜北町
大阪府	堺市堺区	大浜中町
大阪府	堺市堺区	大浜西町
大阪府	堺市堺区	大浜南町
大阪府	堺市堺区	翁橋町
大阪府	堺市堺区	遠里小野町
大阪府	堺市堺区	海山町
大阪府	堺市堺区	甲斐町西
大阪府	堺市堺区	甲斐町東
大阪府	堺市堺区	香ヶ丘町
大阪府	堺市堺区	柏木町
大阪府	堺市堺区	春日通
大阪府	堺市堺区	霞ヶ丘町
大阪府	堺市堺区	神石市之町
大阪府	堺市堺区	神南辺町
大阪府	堺市堺区	北瓦町
大阪府	堺市堺区	北向陽町
大阪府	堺市堺区	北清水町
大阪府	堺市堺区	北庄町
大阪府	堺市堺区	北田出井町
大阪府	堺市堺区	北旅籠町西
大阪府	堺市堺区	北旅籠町東
大阪府	堺市堺区	北波止町
大阪府	堺市堺区	北花田口町
大阪府	堺市堺区	北半町西
大阪府	堺市堺区	北半町東
大阪府	堺市堺区	北丸保園
大阪府	堺市堺区	北三国ヶ丘町
大阪府	堺市堺区	北安井町
大阪府	堺市堺区	京町通
大阪府	堺市堺区	協和町
大阪府	堺市堺区	錦綾町
大阪府	堺市堺区	九間町西
大阪府	堺市堺区	九間町東
大阪府	堺市堺区	櫛屋町西
大阪府	堺市堺区	櫛屋町東
大阪府	堺市堺区	楠町
大阪府	堺市堺区	熊野町西
大阪府	堺市堺区	熊野町東
大阪府	堺市堺区	車之町西
大阪府	堺市堺区	車之町東
大阪府	堺市堺区	向陵中町
大阪府	堺市堺区	向陵西町
大阪府	堺市堺区	向陵東町
大阪府	堺市堺区	五条通
大阪府	堺市堺区	御陵通
大阪府	堺市堺区	材木町西
大阪府	堺市堺区	材木町東
大阪府	堺市堺区	幸通
大阪府	堺市堺区	栄橋町
大阪府	堺市堺区	桜之町西
大阪府	堺市堺区	桜之町東
大阪府	堺市堺区	五月町
大阪府	堺市堺区	三条通
大阪府	堺市堺区	三宝町
大阪府	堺市堺区	塩浜町
大阪府	堺市堺区	四条通
大阪府	堺市堺区	七条通
大阪府	堺市堺区	七道西町
大阪府	堺市堺区	七道東町
大阪府	堺市堺区	東雲西町
大阪府	堺市堺区	宿院町西
大阪府	堺市堺区	宿院町東
大阪府	堺市堺区	宿屋町西
大阪府	堺市堺区	宿屋町東
大阪府	堺市堺区	少林寺町西
大阪府	堺市堺区	少林寺町東
大阪府	堺市堺区	昭和通
大阪府	堺市堺区	新在家町西
大阪府	堺市堺区	新在家町東
大阪府	堺市堺区	神保通
大阪府	堺市堺区	新町
大阪府	堺市堺区	神明町西
大阪府	堺市堺区	神明町東
大阪府	堺市堺区	菅原通
大阪府	堺市堺区	砂道町
大阪府	堺市堺区	住吉橋町
大阪府	堺市堺区	大仙町
大阪府	堺市堺区	大仙中町
大阪府	堺市堺区	大仙西町
大阪府	堺市堺区	高砂町
大阪府	堺市堺区	高須町
大阪府	堺市堺区	匠町
大阪府	堺市堺区	田出井町
大阪府	堺市堺区	築港南町
大阪府	堺市堺区	築港八幡町
大阪府	堺市堺区	出島海岸通
大阪府	堺市堺区	出島町
大阪府	堺市堺区	出島西町
大阪府	堺市堺区	出島浜通
大阪府	堺市堺区	鉄砲町
大阪府	堺市堺区	寺地町西
大阪府	堺市堺区	寺地町東
大阪府	堺市堺区	中瓦町
大阪府	堺市堺区	中向陽町
大阪府	堺市堺区	中田出井町
大阪府	堺市堺区	中永山園
大阪府	堺市堺区	中之町西
大阪府	堺市堺区	中之町東
大阪府	堺市堺区	中三国ヶ丘町
大阪府	堺市堺区	中安井町
大阪府	堺市堺区	並松町
大阪府	堺市堺区	南陵町
大阪府	堺市堺区	賑町
大阪府	堺市堺区	錦之町西
大阪府	堺市堺区	錦之町東
大阪府	堺市堺区	西永山園
大阪府	堺市堺区	西湊町
大阪府	堺市堺区	二条通
大阪府	堺市堺区	東上野芝町（１丁）
大阪府	堺市堺区	東永山園
大阪府	堺市堺区	東湊町
大阪府	堺市堺区	松屋町
大阪府	堺市堺区	松屋大和川通
大阪府	堺市堺区	三国ヶ丘御幸通
大阪府	堺市堺区	緑ヶ丘北町
大阪府	堺市堺区	緑ヶ丘中町
大阪府	堺市堺区	緑ヶ丘南町
大阪府	堺市堺区	緑町
大阪府	堺市堺区	南瓦町
大阪府	堺市堺区	南向陽町
大阪府	堺市堺区	南島町
大阪府	堺市堺区	南清水町
大阪府	堺市堺区	南庄町
大阪府	堺市堺区	南田出井町
大阪府	堺市堺区	南旅篭町西
大阪府	堺市堺区	南旅篭町東
大阪府	堺市堺区	南花田口町
大阪府	堺市堺区	南半町西
大阪府	堺市堺区	南半町東
大阪府	堺市堺区	南丸保園
大阪府	堺市堺区	南三国ヶ丘町
大阪府	堺市堺区	南安井町
大阪府	堺市堺区	百舌鳥夕雲町
大阪府	堺市堺区	文珠橋通
大阪府	堺市堺区	八千代通
大阪府	堺市堺区	柳之町西
大阪府	堺市堺区	柳之町東
大阪府	堺市堺区	八幡通
大阪府	堺市堺区	山本町
大阪府	堺市堺区	竜神橋町
大阪府	堺市堺区	陵西通
大阪府	堺市堺区	六条通
大阪府	堺市中区	上之
大阪府	堺市中区	大野芝町
大阪府	堺市中区	学園町
大阪府	堺市中区	毛穴町
大阪府	堺市中区	小阪
大阪府	堺市中区	小阪西町
大阪府	堺市中区	新家町
大阪府	堺市中区	田園
大阪府	堺市中区	辻之
大阪府	堺市中区	陶器北
大阪府	堺市中区	土塔町
大阪府	堺市中区	楢葉
大阪府	堺市中区	土師町
大阪府	堺市中区	八田寺町（その他）
大阪府	堺市中区	八田北町
大阪府	堺市中区	八田西町
大阪府	堺市中区	八田南之町
大阪府	堺市中区	東八田
大阪府	堺市中区	東山
大阪府	堺市中区	平井
大阪府	堺市中区	深井北町
大阪府	堺市中区	深井沢町
大阪府	堺市中区	深井清水町
大阪府	堺市中区	深井中町
大阪府	堺市中区	深井畑山町
大阪府	堺市中区	深井東町
大阪府	堺市中区	深井水池町
大阪府	堺市中区	深阪
大阪府	堺市中区	福田
大阪府	堺市中区	伏尾
大阪府	堺市中区	堀上町
大阪府	堺市中区	見野山
大阪府	堺市中区	宮園町
大阪府	堺市東区	石原町
大阪府	堺市東区	大美野
大阪府	堺市東区	北野田
大阪府	堺市東区	草尾
大阪府	堺市東区	丈六
大阪府	堺市東区	白鷺町
大阪府	堺市東区	関茶屋
大阪府	堺市東区	高松
大阪府	堺市東区	中茶屋
大阪府	堺市東区	西野
大阪府	堺市東区	野尻町
大阪府	堺市東区	日置荘北町
大阪府	堺市東区	日置荘田中町
大阪府	堺市東区	日置荘西町
大阪府	堺市東区	日置荘原寺町
大阪府	堺市東区	引野町
大阪府	堺市東区	菩提町
大阪府	堺市東区	南野田
大阪府	堺市東区	八下町
大阪府	堺市西区	石津西町
大阪府	堺市西区	上野芝町
大阪府	堺市西区	上野芝向ヶ丘町
大阪府	堺市西区	家原寺町
大阪府	堺市西区	鳳北町
大阪府	堺市西区	鳳中町
大阪府	堺市西区	鳳西町
大阪府	堺市西区	鳳東町
大阪府	堺市西区	鳳南町
大阪府	堺市西区	上
大阪府	堺市西区	草部
大阪府	堺市西区	神野町
大阪府	堺市西区	小代（２９２－１番地）
大阪府	堺市西区	下田町
大阪府	堺市西区	太平寺（その他）
大阪府	堺市西区	築港新町
大阪府	堺市西区	築港浜寺町
大阪府	堺市西区	築港浜寺西町
大阪府	堺市西区	津久野町
大阪府	堺市西区	鶴田町
大阪府	堺市西区	浜寺石津町中
大阪府	堺市西区	浜寺石津町西
大阪府	堺市西区	浜寺石津町東
大阪府	堺市西区	浜寺公園町
大阪府	堺市西区	浜寺昭和町
大阪府	堺市西区	浜寺諏訪森町中
大阪府	堺市西区	浜寺諏訪森町西
大阪府	堺市西区	浜寺諏訪森町東
大阪府	堺市西区	浜寺船尾町西
大阪府	堺市西区	浜寺船尾町東
大阪府	堺市西区	浜寺南町
大阪府	堺市西区	浜寺元町
大阪府	堺市西区	原田
大阪府	堺市西区	八田寺町（４０－１～４０－３番地）
大阪府	堺市西区	菱木
大阪府	堺市西区	平岡町
大阪府	堺市西区	北条町
大阪府	堺市西区	堀上緑町
大阪府	堺市西区	宮下町
大阪府	堺市西区	山田
大阪府	堺市南区	赤坂台
大阪府	堺市南区	泉田中
大阪府	堺市南区	稲葉
大阪府	堺市南区	岩室
大阪府	堺市南区	大庭寺
大阪府	堺市南区	大森
大阪府	堺市南区	片蔵
大阪府	堺市南区	釜室
大阪府	堺市南区	鴨谷台
大阪府	堺市南区	小代（その他）
大阪府	堺市南区	逆瀬川
大阪府	堺市南区	城山台
大阪府	堺市南区	新檜尾台
大阪府	堺市南区	太平寺（５０８－５、６９６－２～６９６－３、７２４－１、７２５－１、
大阪府	堺市南区	７２６－１、７２７、７２８、７２８－１、７２９、７３０、７３１、７３２、
大阪府	堺市南区	７３３－１～７３３－２、７３５、７８６－３番地）
大阪府	堺市南区	高尾
大阪府	堺市南区	高倉台
大阪府	堺市南区	竹城台
大阪府	堺市南区	茶山台
大阪府	堺市南区	栂
大阪府	堺市南区	土佐屋台
大阪府	堺市南区	富蔵
大阪府	堺市南区	豊田
大阪府	堺市南区	庭代台
大阪府	堺市南区	野々井
大阪府	堺市南区	畑
大阪府	堺市南区	鉢ヶ峯寺
大阪府	堺市南区	原山台
大阪府	堺市南区	晴美台
大阪府	堺市南区	檜尾
大阪府	堺市南区	深阪南
大阪府	堺市南区	別所
大阪府	堺市南区	槇塚台
大阪府	堺市南区	御池台
大阪府	堺市南区	美木多上
大阪府	堺市南区	三木閉
大阪府	堺市南区	三原台
大阪府	堺市南区	宮山台
大阪府	堺市南区	桃山台
大阪府	堺市南区	若松台
大阪府	堺市南区	和田
大阪府	堺市南区	和田東
大阪府	堺市北区	奥本町
大阪府	堺市北区	金岡町
大阪府	堺市北区	北長尾町
大阪府	堺市北区	北花田町
大阪府	堺市北区	蔵前町
大阪府	堺市北区	黒土町
大阪府	堺市北区	東雲東町
大阪府	堺市北区	新金岡町
大阪府	堺市北区	新堀町
大阪府	堺市北区	船堂町
大阪府	堺市北区	常磐町
大阪府	堺市北区	長曽根町
大阪府	堺市北区	中長尾町
大阪府	堺市北区	中村町
大阪府	堺市北区	中百舌鳥町
大阪府	堺市北区	野遠町
大阪府	堺市北区	東浅香山町
大阪府	堺市北区	東上野芝町（２丁）
大阪府	堺市北区	東三国ヶ丘町
大阪府	堺市北区	大豆塚町
大阪府	堺市北区	南長尾町
大阪府	堺市北区	南花田町
大阪府	堺市北区	宮本町
大阪府	堺市北区	百舌鳥赤畑町
大阪府	堺市北区	百舌鳥梅北町
大阪府	堺市北区	百舌鳥梅町
大阪府	堺市北区	百舌鳥西之町
大阪府	堺市北区	百舌鳥本町
大阪府	堺市北区	百舌鳥陵南町
大阪府	堺市北区	八下北
大阪府	堺市美原区	阿弥
大阪府	堺市美原区	石原
大阪府	堺市美原区	今井
大阪府	堺市美原区	大饗
大阪府	堺市美原区	北余部
大阪府	堺市美原区	北余部西
大阪府	堺市美原区	黒山
大阪府	堺市美原区	小寺
大阪府	堺市美原区	小平尾
大阪府	堺市美原区	さつき野西
大阪府	堺市美原区	さつき野東
大阪府	堺市美原区	真福寺
大阪府	堺市美原区	菅生
大阪府	堺市美原区	青南台
大阪府	堺市美原区	太井
大阪府	堺市美原区	大保
大阪府	堺市美原区	多治井
大阪府	堺市美原区	丹上
大阪府	堺市美原区	丹南
大阪府	堺市美原区	平尾
大阪府	堺市美原区	菩提
大阪府	堺市美原区	南余部
大阪府	堺市美原区	南余部西
大阪府	堺市美原区	木材通
大阪府	岸和田市	阿間河滝町
大阪府	岸和田市	荒木町
大阪府	岸和田市	池尻町
大阪府	岸和田市	磯上町
大阪府	岸和田市	稲葉町
大阪府	岸和田市	今木町
大阪府	岸和田市	上町
大阪府	岸和田市	魚屋町
大阪府	岸和田市	内畑町
大阪府	岸和田市	戎町
大阪府	岸和田市	大北町
大阪府	岸和田市	大沢町
大阪府	岸和田市	大手町
大阪府	岸和田市	大町
大阪府	岸和田市	岡山町
大阪府	岸和田市	尾生町
大阪府	岸和田市	河合町
大阪府	岸和田市	額原町
大阪府	岸和田市	葛城町
大阪府	岸和田市	包近町
大阪府	岸和田市	上白原町
大阪府	岸和田市	上野町東
大阪府	岸和田市	上野町西
大阪府	岸和田市	上松町
大阪府	岸和田市	紙屋町
大阪府	岸和田市	加守町
大阪府	岸和田市	岸城町
大阪府	岸和田市	岸之浦町
大阪府	岸和田市	岸の丘町
大阪府	岸和田市	岸野町
大阪府	岸和田市	北阪町
大阪府	岸和田市	北町
大阪府	岸和田市	神須屋町
大阪府	岸和田市	神於町
大阪府	岸和田市	極楽寺町
大阪府	岸和田市	五軒屋町
大阪府	岸和田市	小松里町
大阪府	岸和田市	堺町
大阪府	岸和田市	作才町
大阪府	岸和田市	三ケ山町
大阪府	岸和田市	地蔵浜町
大阪府	岸和田市	下池田町
大阪府	岸和田市	下野町
大阪府	岸和田市	下松町
大阪府	岸和田市	新港町
大阪府	岸和田市	筋海町
大阪府	岸和田市	相川町
大阪府	岸和田市	大工町
大阪府	岸和田市	田治米町
大阪府	岸和田市	積川町
大阪府	岸和田市	天神山町
大阪府	岸和田市	塔原町
大阪府	岸和田市	中井町
大阪府	岸和田市	中北町
大阪府	岸和田市	中之浜町
大阪府	岸和田市	中町
大阪府	岸和田市	流木町
大阪府	岸和田市	並松町
大阪府	岸和田市	西大路町
大阪府	岸和田市	西之内町
大阪府	岸和田市	沼町
大阪府	岸和田市	野田町
大阪府	岸和田市	畑町
大阪府	岸和田市	八幡町
大阪府	岸和田市	八田町
大阪府	岸和田市	土生滝町
大阪府	岸和田市	土生町
大阪府	岸和田市	春木旭町
大阪府	岸和田市	春木泉町
大阪府	岸和田市	春木大小路町
大阪府	岸和田市	春木大国町
大阪府	岸和田市	春木中町
大阪府	岸和田市	春木本町
大阪府	岸和田市	春木南浜町
大阪府	岸和田市	春木北浜町
大阪府	岸和田市	春木宮川町
大阪府	岸和田市	春木宮本町
大阪府	岸和田市	春木元町
大阪府	岸和田市	春木若松町
大阪府	岸和田市	東大路町
大阪府	岸和田市	東ケ丘町
大阪府	岸和田市	藤井町
大阪府	岸和田市	別所町
大阪府	岸和田市	本町
大阪府	岸和田市	真上町
大阪府	岸和田市	松風町
大阪府	岸和田市	摩湯町
大阪府	岸和田市	三田町
大阪府	岸和田市	箕土路町
大阪府	岸和田市	港緑町
大阪府	岸和田市	南上町
大阪府	岸和田市	南町
大阪府	岸和田市	宮前町
大阪府	岸和田市	宮本町
大阪府	岸和田市	木材町
大阪府	岸和田市	門前町
大阪府	岸和田市	山直中町
大阪府	岸和田市	八阪町
大阪府	岸和田市	行遇町
大阪府	岸和田市	吉井町
大阪府	岸和田市	臨海町
大阪府	豊中市	赤阪
大阪府	豊中市	旭丘
大阪府	豊中市	石橋麻田町
大阪府	豊中市	稲津町
大阪府	豊中市	今在家町
大阪府	豊中市	上野東
大阪府	豊中市	上野西
大阪府	豊中市	上野坂
大阪府	豊中市	永楽荘
大阪府	豊中市	大島町
大阪府	豊中市	岡上の町
大阪府	豊中市	岡町
大阪府	豊中市	岡町南
大阪府	豊中市	岡町北
大阪府	豊中市	小曽根
大阪府	豊中市	春日町
大阪府	豊中市	勝部
大阪府	豊中市	上新田
大阪府	豊中市	神州町
大阪府	豊中市	北桜塚
大阪府	豊中市	北条町
大阪府	豊中市	北緑丘
大阪府	豊中市	熊野町
大阪府	豊中市	栗ケ丘町
大阪府	豊中市	上津島
大阪府	豊中市	桜の町
大阪府	豊中市	三和町
大阪府	豊中市	柴原町
大阪府	豊中市	島江町
大阪府	豊中市	少路
大阪府	豊中市	庄内幸町
大阪府	豊中市	庄内栄町
大阪府	豊中市	庄内宝町
大阪府	豊中市	庄内東町
大阪府	豊中市	庄内西町
大阪府	豊中市	庄本町
大阪府	豊中市	城山町
大阪府	豊中市	新千里東町
大阪府	豊中市	新千里西町
大阪府	豊中市	新千里南町
大阪府	豊中市	新千里北町
大阪府	豊中市	末広町
大阪府	豊中市	清風荘
大阪府	豊中市	千成町
大阪府	豊中市	千里園
大阪府	豊中市	曽根東町
大阪府	豊中市	曽根西町
大阪府	豊中市	曽根南町
大阪府	豊中市	大黒町
大阪府	豊中市	立花町
大阪府	豊中市	玉井町
大阪府	豊中市	長興寺南
大阪府	豊中市	長興寺北
大阪府	豊中市	寺内
大阪府	豊中市	利倉
大阪府	豊中市	利倉東
大阪府	豊中市	利倉西
大阪府	豊中市	刀根山
大阪府	豊中市	刀根山元町
大阪府	豊中市	中桜塚
大阪府	豊中市	西泉丘
大阪府	豊中市	西緑丘
大阪府	豊中市	野田町
大阪府	豊中市	走井
大阪府	豊中市	服部寿町
大阪府	豊中市	服部本町
大阪府	豊中市	服部西町
大阪府	豊中市	服部南町
大阪府	豊中市	服部元町
大阪府	豊中市	服部豊町
大阪府	豊中市	服部緑地
大阪府	豊中市	浜
大阪府	豊中市	原田西町
大阪府	豊中市	原田元町
大阪府	豊中市	原田南
大阪府	豊中市	原田中
大阪府	豊中市	東泉丘
大阪府	豊中市	東寺内町
大阪府	豊中市	東豊中町
大阪府	豊中市	日出町
大阪府	豊中市	広田町
大阪府	豊中市	二葉町
大阪府	豊中市	宝山町
大阪府	豊中市	豊南町東
大阪府	豊中市	豊南町西
大阪府	豊中市	豊南町南
大阪府	豊中市	螢池東町
大阪府	豊中市	螢池西町
大阪府	豊中市	螢池南町
大阪府	豊中市	螢池北町
大阪府	豊中市	螢池中町
大阪府	豊中市	穂積
大阪府	豊中市	本町
大阪府	豊中市	待兼山町
大阪府	豊中市	三国
大阪府	豊中市	緑丘
大阪府	豊中市	南桜塚
大阪府	豊中市	箕輪
大阪府	豊中市	宮山町
大阪府	豊中市	向丘
大阪府	豊中市	名神口
大阪府	豊中市	山ノ上町
大阪府	豊中市	夕日丘
大阪府	豊中市	若竹町
大阪府	池田市	旭丘
大阪府	池田市	綾羽
大阪府	池田市	井口堂
大阪府	池田市	石橋
大阪府	池田市	上池田
大阪府	池田市	宇保町
大阪府	池田市	木部町
大阪府	池田市	空港
大阪府	池田市	呉服町
大阪府	池田市	神田
大阪府	池田市	栄本町
大阪府	池田市	栄町
大阪府	池田市	五月丘
大阪府	池田市	渋谷
大阪府	池田市	城南
大阪府	池田市	城山町
大阪府	池田市	新町
大阪府	池田市	菅原町
大阪府	池田市	住吉
大阪府	池田市	荘園
大阪府	池田市	ダイハツ町
大阪府	池田市	大和町
大阪府	池田市	建石町
大阪府	池田市	槻木町
大阪府	池田市	天神
大阪府	池田市	豊島南
大阪府	池田市	豊島北
大阪府	池田市	中川原町
大阪府	池田市	西本町
大阪府	池田市	畑
大阪府	池田市	八王寺
大阪府	池田市	鉢塚
大阪府	池田市	東山町
大阪府	池田市	姫室町
大阪府	池田市	伏尾台
大阪府	池田市	伏尾町
大阪府	池田市	古江町
大阪府	池田市	満寿美町
大阪府	池田市	緑丘
大阪府	池田市	室町
大阪府	池田市	桃園
大阪府	池田市	吉田町
大阪府	吹田市	青葉丘南
大阪府	吹田市	青葉丘北
大阪府	吹田市	青山台
大阪府	吹田市	朝日が丘町
大阪府	吹田市	朝日町
大阪府	吹田市	泉町
大阪府	吹田市	内本町
大阪府	吹田市	江坂町
大阪府	吹田市	江の木町
大阪府	吹田市	樫切山
大阪府	吹田市	春日
大阪府	吹田市	片山町
大阪府	吹田市	金田町
大阪府	吹田市	上山田
大阪府	吹田市	上山手町
大阪府	吹田市	川岸町
大阪府	吹田市	川園町
大阪府	吹田市	岸部中
大阪府	吹田市	岸部南
大阪府	吹田市	岸部北
大阪府	吹田市	岸部新町
大阪府	吹田市	寿町
大阪府	吹田市	佐井寺
大阪府	吹田市	佐井寺南が丘
大阪府	吹田市	幸町
大阪府	吹田市	佐竹台
大阪府	吹田市	五月が丘東
大阪府	吹田市	五月が丘西
大阪府	吹田市	五月が丘南
大阪府	吹田市	五月が丘北
大阪府	吹田市	芝田町
大阪府	吹田市	清水
大阪府	吹田市	尺谷
大阪府	吹田市	昭和町
大阪府	吹田市	新芦屋上
大阪府	吹田市	新芦屋下
大阪府	吹田市	吹東町
大阪府	吹田市	末広町
大阪府	吹田市	清和園町
大阪府	吹田市	千里万博公園
大阪府	吹田市	千里丘上
大阪府	吹田市	千里丘中
大阪府	吹田市	千里丘下
大阪府	吹田市	千里丘西
大阪府	吹田市	千里丘北
大阪府	吹田市	千里山霧が丘
大阪府	吹田市	千里山高塚
大阪府	吹田市	千里山竹園
大阪府	吹田市	千里山月が丘
大阪府	吹田市	千里山虹が丘
大阪府	吹田市	千里山星が丘
大阪府	吹田市	千里山松が丘
大阪府	吹田市	千里山東
大阪府	吹田市	千里山西
大阪府	吹田市	高城町
大阪府	吹田市	高野台
大阪府	吹田市	高浜町
大阪府	吹田市	竹谷町
大阪府	吹田市	竹見台
大阪府	吹田市	垂水町
大阪府	吹田市	津雲台
大阪府	吹田市	出口町
大阪府	吹田市	天道町
大阪府	吹田市	豊津町
大阪府	吹田市	中の島町
大阪府	吹田市	長野東
大阪府	吹田市	長野西
大阪府	吹田市	西御旅町
大阪府	吹田市	西の庄町
大阪府	吹田市	原町
大阪府	吹田市	東御旅町
大阪府	吹田市	日の出町
大阪府	吹田市	平松町
大阪府	吹田市	広芝町
大阪府	吹田市	藤が丘町
大阪府	吹田市	藤白台
大阪府	吹田市	古江台
大阪府	吹田市	穂波町
大阪府	吹田市	円山町
大阪府	吹田市	南金田
大阪府	吹田市	南正雀
大阪府	吹田市	南吹田
大阪府	吹田市	南清和園町
大阪府	吹田市	南高浜町
大阪府	吹田市	目俵町
大阪府	吹田市	元町
大阪府	吹田市	桃山台
大阪府	吹田市	山田市場
大阪府	吹田市	山田東
大阪府	吹田市	山田西
大阪府	吹田市	山田南
大阪府	吹田市	山田北
大阪府	吹田市	山田丘
大阪府	吹田市	山手町
大阪府	吹田市	芳野町
大阪府	泉大津市	青葉町
大阪府	泉大津市	旭町
大阪府	泉大津市	穴田
大阪府	泉大津市	我孫子
大阪府	泉大津市	綾井
大阪府	泉大津市	池浦
大阪府	泉大津市	池浦町
大阪府	泉大津市	池園町
大阪府	泉大津市	板原
大阪府	泉大津市	板原町
大阪府	泉大津市	上之町
大阪府	泉大津市	宇多
大阪府	泉大津市	戎町
大阪府	泉大津市	尾井千原町
大阪府	泉大津市	小津島町
大阪府	泉大津市	春日町
大阪府	泉大津市	要池住宅
大阪府	泉大津市	河原町
大阪府	泉大津市	北豊中町
大阪府	泉大津市	楠町西
大阪府	泉大津市	楠町東
大阪府	泉大津市	下条町
大阪府	泉大津市	寿町
大阪府	泉大津市	小松町
大阪府	泉大津市	汐見町
大阪府	泉大津市	式内町
大阪府	泉大津市	下之町
大阪府	泉大津市	東雲町
大阪府	泉大津市	清水町
大阪府	泉大津市	条南町
大阪府	泉大津市	昭和町
大阪府	泉大津市	新港町
大阪府	泉大津市	神明町
大阪府	泉大津市	末広町
大阪府	泉大津市	菅原町
大阪府	泉大津市	助松町
大阪府	泉大津市	助松団地
大阪府	泉大津市	曽根町
大阪府	泉大津市	高津町
大阪府	泉大津市	田中町
大阪府	泉大津市	千原町
大阪府	泉大津市	豊中町
大阪府	泉大津市	なぎさ町
大阪府	泉大津市	西港町
大阪府	泉大津市	東助松町
大阪府	泉大津市	東豊中町
大阪府	泉大津市	東港町
大阪府	泉大津市	二田町
大阪府	泉大津市	本町
大阪府	泉大津市	松之浜町
大阪府	泉大津市	南曾根
大阪府	泉大津市	宮町
大阪府	泉大津市	虫取
大阪府	泉大津市	虫取町
大阪府	泉大津市	森町
大阪府	泉大津市	夕凪町
大阪府	泉大津市	臨海町
大阪府	泉大津市	若宮町
大阪府	高槻市	赤大路町
大阪府	高槻市	芥川町
大阪府	高槻市	明田町
大阪府	高槻市	明野町
大阪府	高槻市	朝日町
大阪府	高槻市	阿武野
大阪府	高槻市	安満磐手町
大阪府	高槻市	安満御所の町
大阪府	高槻市	安満新町
大阪府	高槻市	安満中の町
大阪府	高槻市	安満東の町
大阪府	高槻市	安満西の町
大阪府	高槻市	安満北の町
大阪府	高槻市	天川新町
大阪府	高槻市	天川町
大阪府	高槻市	安岡寺町
大阪府	高槻市	井尻
大阪府	高槻市	出灰
大阪府	高槻市	今城町
大阪府	高槻市	美しが丘
大阪府	高槻市	浦堂
大阪府	高槻市	浦堂本町
大阪府	高槻市	永楽町
大阪府	高槻市	大冠町
大阪府	高槻市	大塚町
大阪府	高槻市	大手町
大阪府	高槻市	大畑町
大阪府	高槻市	岡本町
大阪府	高槻市	奥天神町
大阪府	高槻市	梶原
大阪府	高槻市	梶原中村町
大阪府	高槻市	春日町
大阪府	高槻市	上田辺町
大阪府	高槻市	上土室
大阪府	高槻市	上本町
大阪府	高槻市	唐崎
大阪府	高槻市	唐崎中
大阪府	高槻市	唐崎西
大阪府	高槻市	唐崎南
大阪府	高槻市	唐崎北
大阪府	高槻市	花林苑
大阪府	高槻市	川久保
大阪府	高槻市	川添
大阪府	高槻市	川西町
大阪府	高槻市	上牧南駅前町
大阪府	高槻市	上牧北駅前町
大阪府	高槻市	上牧山手町
大阪府	高槻市	上牧町
大阪府	高槻市	北大樋町
大阪府	高槻市	北昭和台町
大阪府	高槻市	北園町
大阪府	高槻市	北柳川町
大阪府	高槻市	京口町
大阪府	高槻市	郡家新町
大阪府	高槻市	郡家本町
大阪府	高槻市	高西町
大阪府	高槻市	神内
大阪府	高槻市	黄金の里
大阪府	高槻市	古曽部町
大阪府	高槻市	寿町
大阪府	高槻市	五領町
大阪府	高槻市	紺屋町
大阪府	高槻市	西面中
大阪府	高槻市	西面南
大阪府	高槻市	西面北
大阪府	高槻市	幸町
大阪府	高槻市	栄町
大阪府	高槻市	桜ケ丘南町
大阪府	高槻市	桜ケ丘北町
大阪府	高槻市	桜町
大阪府	高槻市	沢良木町
大阪府	高槻市	三箇牧
大阪府	高槻市	芝谷町
大阪府	高槻市	芝生町
大阪府	高槻市	清水台
大阪府	高槻市	下田部町
大阪府	高槻市	庄所町
大阪府	高槻市	昭和台町
大阪府	高槻市	城東町
大阪府	高槻市	城西町
大阪府	高槻市	城南町
大阪府	高槻市	城北町
大阪府	高槻市	城内町
大阪府	高槻市	須賀町
大阪府	高槻市	杉生
大阪府	高槻市	辻子
大阪府	高槻市	清福寺町
大阪府	高槻市	高垣町
大阪府	高槻市	高槻町
大阪府	高槻市	高見台
大阪府	高槻市	竹の内町
大阪府	高槻市	大学町
大阪府	高槻市	大蔵司
大阪府	高槻市	大和
大阪府	高槻市	田能
大阪府	高槻市	玉川
大阪府	高槻市	玉川新町
大阪府	高槻市	千代田町
大阪府	高槻市	塚原
大阪府	高槻市	塚脇
大阪府	高槻市	月見町
大阪府	高槻市	堤町
大阪府	高槻市	津之江北町
大阪府	高槻市	津之江町
大阪府	高槻市	出丸町
大阪府	高槻市	寺谷町
大阪府	高槻市	天神町
大阪府	高槻市	天王町
大阪府	高槻市	道鵜町
大阪府	高槻市	桃園町
大阪府	高槻市	東和町
大阪府	高槻市	殿町
大阪府	高槻市	土橋町
大阪府	高槻市	登美の里町
大阪府	高槻市	富田丘町
大阪府	高槻市	富田町
大阪府	高槻市	中川町
大阪府	高槻市	中畑
大阪府	高槻市	奈佐原
大阪府	高槻市	奈佐原元町
大阪府	高槻市	成合
大阪府	高槻市	成合東の町
大阪府	高槻市	成合西の町
大阪府	高槻市	成合南の町
大阪府	高槻市	成合北の町
大阪府	高槻市	成合中の町
大阪府	高槻市	南平台
大阪府	高槻市	西大樋町
大阪府	高槻市	西冠
大阪府	高槻市	西之川原
大阪府	高槻市	西真上
大阪府	高槻市	西町
大阪府	高槻市	西五百住町
大阪府	高槻市	如是町
大阪府	高槻市	二料
大阪府	高槻市	野田
大阪府	高槻市	野田東
大阪府	高槻市	登町
大阪府	高槻市	野見町
大阪府	高槻市	萩谷
大阪府	高槻市	萩谷月見台
大阪府	高槻市	萩之庄
大阪府	高槻市	白梅町
大阪府	高槻市	柱本
大阪府	高槻市	柱本新町
大阪府	高槻市	柱本南町
大阪府	高槻市	八丁畷町
大阪府	高槻市	八丁西町
大阪府	高槻市	土室町
大阪府	高槻市	原
大阪府	高槻市	番田
大阪府	高槻市	東天川
大阪府	高槻市	東上牧
大阪府	高槻市	東城山町
大阪府	高槻市	東五百住町
大阪府	高槻市	氷室町
大阪府	高槻市	日向町
大阪府	高槻市	日吉台
大阪府	高槻市	深沢町
大阪府	高槻市	深沢本町
大阪府	高槻市	藤の里町
大阪府	高槻市	別所新町
大阪府	高槻市	別所中の町
大阪府	高槻市	別所本町
大阪府	高槻市	紅茸町
大阪府	高槻市	本町
大阪府	高槻市	前島
大阪府	高槻市	真上町
大阪府	高槻市	牧田町
大阪府	高槻市	松川町
大阪府	高槻市	松が丘
大阪府	高槻市	松原町
大阪府	高槻市	三島江
大阪府	高槻市	緑が丘
大阪府	高槻市	緑町
大阪府	高槻市	南芥川町
大阪府	高槻市	南大樋町
大阪府	高槻市	南庄所町
大阪府	高槻市	南総持寺町
大阪府	高槻市	南松原町
大阪府	高槻市	宮が谷町
大阪府	高槻市	宮田町
大阪府	高槻市	宮之川原
大阪府	高槻市	宮之川原元町
大阪府	高槻市	宮野町
大阪府	高槻市	紫町
大阪府	高槻市	名神町
大阪府	高槻市	柳川町
大阪府	高槻市	八幡町
大阪府	高槻市	山手町
大阪府	高槻市	弥生が丘町
大阪府	高槻市	淀の原町
大阪府	高槻市	霊仙寺町
大阪府	高槻市	若松町
大阪府	貝塚市	麻生中
大阪府	貝塚市	石才
大阪府	貝塚市	海塚
大阪府	貝塚市	浦田
大阪府	貝塚市	王子
大阪府	貝塚市	大川
大阪府	貝塚市	加治
大阪府	貝塚市	加神
大阪府	貝塚市	北町
大阪府	貝塚市	秬谷
大阪府	貝塚市	久保
大阪府	貝塚市	窪田
大阪府	貝塚市	神前
大阪府	貝塚市	近木町
大阪府	貝塚市	小瀬
大阪府	貝塚市	木積
大阪府	貝塚市	澤
大阪府	貝塚市	地藏堂（６１１、６９５、７３２、６７５）
大阪府	貝塚市	地藏堂（その他）
大阪府	貝塚市	新町
大阪府	貝塚市	清児
大阪府	貝塚市	蕎原
大阪府	貝塚市	津田
大阪府	貝塚市	津田南町
大阪府	貝塚市	津田北町
大阪府	貝塚市	堤
大阪府	貝塚市	鳥羽
大阪府	貝塚市	中町
大阪府	貝塚市	永吉
大阪府	貝塚市	名越
大阪府	貝塚市	新井
大阪府	貝塚市	二色
大阪府	貝塚市	二色中町
大阪府	貝塚市	二色港町
大阪府	貝塚市	二色南町
大阪府	貝塚市	二色北町
大阪府	貝塚市	西町
大阪府	貝塚市	橋本
大阪府	貝塚市	畠中（６３２－１、６３３、６４２－３）
大阪府	貝塚市	畠中（その他）
大阪府	貝塚市	馬場
大阪府	貝塚市	半田
大阪府	貝塚市	東
大阪府	貝塚市	東山
大阪府	貝塚市	福田
大阪府	貝塚市	堀
大阪府	貝塚市	三ケ山
大阪府	貝塚市	水間
大阪府	貝塚市	三ツ松（５９６、８９４－１、９１５－４、９２５、９２７－２、９３２
大阪府	貝塚市	－４、９３４～９６８、１０１３－１、１４６４番地）
大阪府	貝塚市	三ツ松（２５７６番地）
大阪府	貝塚市	三ツ松（その他）
大阪府	貝塚市	港
大阪府	貝塚市	南町
大阪府	貝塚市	森
大阪府	貝塚市	脇浜
大阪府	守口市	暁町
大阪府	守口市	祝町
大阪府	守口市	梅園町
大阪府	守口市	梅町
大阪府	守口市	大枝東町
大阪府	守口市	大枝西町
大阪府	守口市	大枝南町
大阪府	守口市	大枝北町
大阪府	守口市	大久保町
大阪府	守口市	大庭町
大阪府	守口市	大宮通
大阪府	守口市	梶町
大阪府	守口市	春日町
大阪府	守口市	金下町
大阪府	守口市	神木町
大阪府	守口市	河原町
大阪府	守口市	菊水通
大阪府	守口市	金田町
大阪府	守口市	京阪北本通
大阪府	守口市	京阪本通
大阪府	守口市	寿町
大阪府	守口市	小春町
大阪府	守口市	西郷通
大阪府	守口市	桜町
大阪府	守口市	佐太中町
大阪府	守口市	佐太東町
大阪府	守口市	佐太西町
大阪府	守口市	早苗町
大阪府	守口市	寺内町
大阪府	守口市	下島町
大阪府	守口市	松月町
大阪府	守口市	新橋寺町
大阪府	守口市	外島町
大阪府	守口市	大日町
大阪府	守口市	大日東町
大阪府	守口市	大門町
大阪府	守口市	高瀬町
大阪府	守口市	滝井西町
大阪府	守口市	滝井元町
大阪府	守口市	竹町
大阪府	守口市	竜田通
大阪府	守口市	寺方錦通
大阪府	守口市	寺方本通
大阪府	守口市	寺方元町
大阪府	守口市	土居町
大阪府	守口市	東光町
大阪府	守口市	東郷通
大阪府	守口市	藤田町
大阪府	守口市	豊秀町
大阪府	守口市	長池町
大阪府	守口市	日光町
大阪府	守口市	橋波東之町
大阪府	守口市	橋波西之町
大阪府	守口市	浜町
大阪府	守口市	馬場町
大阪府	守口市	東町
大阪府	守口市	日向町
大阪府	守口市	日吉町
大阪府	守口市	平代町
大阪府	守口市	文園町
大阪府	守口市	紅屋町
大阪府	守口市	北斗町
大阪府	守口市	本町
大阪府	守口市	松下町
大阪府	守口市	松町
大阪府	守口市	緑町
大阪府	守口市	南寺方中通
大阪府	守口市	南寺方東通
大阪府	守口市	南寺方南通
大阪府	守口市	南寺方北通
大阪府	守口市	桃町
大阪府	守口市	八雲中町
大阪府	守口市	八雲東町
大阪府	守口市	八雲西町
大阪府	守口市	八雲北町
大阪府	守口市	八島町
大阪府	守口市	淀江町
大阪府	守口市	来迎町
大阪府	枚方市	朝日丘町
大阪府	枚方市	天之川町
大阪府	枚方市	伊加賀東町
大阪府	枚方市	伊加賀西町
大阪府	枚方市	伊加賀南町
大阪府	枚方市	伊加賀北町
大阪府	枚方市	伊加賀寿町
大阪府	枚方市	伊加賀栄町
大阪府	枚方市	伊加賀本町
大阪府	枚方市	伊加賀緑町
大阪府	枚方市	池之宮
大阪府	枚方市	磯島茶屋町
大阪府	枚方市	磯島南町
大阪府	枚方市	磯島北町
大阪府	枚方市	磯島元町
大阪府	枚方市	印田町
大阪府	枚方市	上野
大阪府	枚方市	宇山町
大阪府	枚方市	宇山東町
大阪府	枚方市	大垣内町
大阪府	枚方市	大峰東町
大阪府	枚方市	大峰南町
大阪府	枚方市	大峰北町
大阪府	枚方市	大峰元町
大阪府	枚方市	岡東町
大阪府	枚方市	岡本町
大阪府	枚方市	岡南町
大阪府	枚方市	岡山手町
大阪府	枚方市	小倉町
大阪府	枚方市	小倉東町
大阪府	枚方市	甲斐田新町
大阪府	枚方市	甲斐田東町
大阪府	枚方市	甲斐田町
大阪府	枚方市	春日東町
大阪府	枚方市	春日西町
大阪府	枚方市	春日北町
大阪府	枚方市	春日元町
大阪府	枚方市	春日野
大阪府	枚方市	片鉾東町
大阪府	枚方市	片鉾本町
大阪府	枚方市	上島町
大阪府	枚方市	上島東町
大阪府	枚方市	川原町
大阪府	枚方市	菊丘町
大阪府	枚方市	菊丘南町
大阪府	枚方市	北片鉾町
大阪府	枚方市	北楠葉町
大阪府	枚方市	北中振
大阪府	枚方市	北船橋町
大阪府	枚方市	北山
大阪府	枚方市	禁野本町
大阪府	枚方市	楠葉朝日
大阪府	枚方市	楠葉丘
大阪府	枚方市	楠葉中之芝
大阪府	枚方市	楠葉中町
大阪府	枚方市	楠葉並木
大阪府	枚方市	楠葉野田
大阪府	枚方市	楠葉花園町
大阪府	枚方市	楠葉美咲
大阪府	枚方市	楠葉面取町
大阪府	枚方市	車塚
大阪府	枚方市	高田
大阪府	枚方市	交北
大阪府	枚方市	高野道
大阪府	枚方市	香里園桜木町
大阪府	枚方市	香里園東之町
大阪府	枚方市	香里園山之手町
大阪府	枚方市	香里園町
大阪府	枚方市	香里ケ丘
大阪府	枚方市	黄金野
大阪府	枚方市	御殿山町
大阪府	枚方市	御殿山南町
大阪府	枚方市	桜丘町
大阪府	枚方市	桜町
大阪府	枚方市	釈尊寺町
大阪府	枚方市	招提大谷
大阪府	枚方市	招提田近
大阪府	枚方市	招提中町
大阪府	枚方市	招提平野町
大阪府	枚方市	招提東町
大阪府	枚方市	招提南町
大阪府	枚方市	招提北町
大阪府	枚方市	招提元町
大阪府	枚方市	新之栄町
大阪府	枚方市	新町
大阪府	枚方市	翠香園町
大阪府	枚方市	杉
大阪府	枚方市	杉北町
大阪府	枚方市	杉責谷
大阪府	枚方市	杉山手
大阪府	枚方市	須山町
大阪府	枚方市	宗谷
大阪府	枚方市	尊延寺
大阪府	枚方市	高塚町
大阪府	枚方市	田口
大阪府	枚方市	田口山
大阪府	枚方市	田宮本町
大阪府	枚方市	津田
大阪府	枚方市	津田駅前
大阪府	枚方市	津田東町
大阪府	枚方市	津田西町
大阪府	枚方市	津田南町
大阪府	枚方市	津田北町
大阪府	枚方市	津田元町
大阪府	枚方市	津田山手
大阪府	枚方市	堤町
大阪府	枚方市	出口
大阪府	枚方市	出屋敷西町
大阪府	枚方市	出屋敷元町
大阪府	枚方市	藤田町
大阪府	枚方市	堂山
大阪府	枚方市	堂山東町
大阪府	枚方市	中宮大池
大阪府	枚方市	中宮北町
大阪府	枚方市	中宮東之町
大阪府	枚方市	中宮西之町
大阪府	枚方市	中宮本町
大阪府	枚方市	中宮山戸町
大阪府	枚方市	長尾荒阪
大阪府	枚方市	長尾家具町
大阪府	枚方市	長尾谷町
大阪府	枚方市	長尾峠町
大阪府	枚方市	長尾播磨谷
大阪府	枚方市	長尾東町
大阪府	枚方市	長尾西町
大阪府	枚方市	長尾北町
大阪府	枚方市	長尾宮前
大阪府	枚方市	長尾元町
大阪府	枚方市	長尾台
大阪府	枚方市	渚内野
大阪府	枚方市	渚栄町
大阪府	枚方市	渚本町
大阪府	枚方市	渚東町
大阪府	枚方市	渚南町
大阪府	枚方市	渚元町
大阪府	枚方市	渚西
大阪府	枚方市	茄子作
大阪府	枚方市	茄子作東町
大阪府	枚方市	茄子作南町
大阪府	枚方市	茄子作北町
大阪府	枚方市	西禁野
大阪府	枚方市	西招提町
大阪府	枚方市	西田宮町
大阪府	枚方市	西船橋
大阪府	枚方市	西牧野
大阪府	枚方市	野村中町
大阪府	枚方市	野村南町
大阪府	枚方市	野村北町
大阪府	枚方市	野村元町
大阪府	枚方市	走谷
大阪府	枚方市	東香里
大阪府	枚方市	東香里新町
大阪府	枚方市	東香里南町
大阪府	枚方市	東香里元町
大阪府	枚方市	東田宮
大阪府	枚方市	東藤田町
大阪府	枚方市	東中振
大阪府	枚方市	東船橋
大阪府	枚方市	東牧野町
大阪府	枚方市	東山
大阪府	枚方市	樋之上町
大阪府	枚方市	氷室台
大阪府	枚方市	枚方上之町
大阪府	枚方市	枚方公園町
大阪府	枚方市	枚方元町
大阪府	枚方市	藤阪天神町
大阪府	枚方市	藤阪中町
大阪府	枚方市	藤阪東町
大阪府	枚方市	藤阪西町
大阪府	枚方市	藤阪南町
大阪府	枚方市	藤阪北町
大阪府	枚方市	藤阪元町
大阪府	枚方市	船橋本町
大阪府	枚方市	星丘
大阪府	枚方市	穂谷
大阪府	枚方市	牧野北町
大阪府	枚方市	牧野阪
大阪府	枚方市	牧野下島町
大阪府	枚方市	牧野本町
大阪府	枚方市	町楠葉
大阪府	枚方市	松丘町
大阪府	枚方市	三矢町
大阪府	枚方市	南楠葉
大阪府	枚方市	南中振
大阪府	枚方市	南船橋
大阪府	枚方市	都丘町
大阪府	枚方市	宮之阪
大阪府	枚方市	宮之下町
大阪府	枚方市	村野高見台
大阪府	枚方市	村野東町
大阪府	枚方市	村野西町
大阪府	枚方市	村野南町
大阪府	枚方市	村野本町
大阪府	枚方市	三栗
大阪府	枚方市	養父東町
大阪府	枚方市	養父西町
大阪府	枚方市	養父元町
大阪府	枚方市	養父丘
大阪府	枚方市	山田池公園
大阪府	枚方市	山田池東町
大阪府	枚方市	山田池南町
大阪府	枚方市	山田池北町
大阪府	枚方市	山之上
大阪府	枚方市	山之上東町
大阪府	枚方市	山之上西町
大阪府	枚方市	山之上北町
大阪府	枚方市	王仁公園
大阪府	茨木市	安威
大阪府	茨木市	粟生岩阪
大阪府	茨木市	鮎川
大阪府	茨木市	主原町
大阪府	茨木市	井口台
大阪府	茨木市	五十鈴町
大阪府	茨木市	泉原
大阪府	茨木市	五日市
大阪府	茨木市	五日市緑町
大阪府	茨木市	稲葉町
大阪府	茨木市	岩倉町
大阪府	茨木市	上野町
大阪府	茨木市	丑寅
大阪府	茨木市	宇野辺
大阪府	茨木市	永代町
大阪府	茨木市	駅前
大阪府	茨木市	大池
大阪府	茨木市	大岩
大阪府	茨木市	大住町
大阪府	茨木市	太田
大阪府	茨木市	太田東芝町
大阪府	茨木市	大手町
大阪府	茨木市	小川町
大阪府	茨木市	学園町
大阪府	茨木市	学園南町
大阪府	茨木市	春日
大阪府	茨木市	片桐町
大阪府	茨木市	上泉町
大阪府	茨木市	上音羽
大阪府	茨木市	上郡
大阪府	茨木市	上中条
大阪府	茨木市	上穂積
大阪府	茨木市	上穂東町
大阪府	茨木市	北春日丘
大阪府	茨木市	清阪
大阪府	茨木市	蔵垣内
大阪府	茨木市	車作
大阪府	茨木市	桑田町
大阪府	茨木市	桑原
大阪府	茨木市	郡
大阪府	茨木市	郡山
大阪府	茨木市	小坪井
大阪府	茨木市	小柳町
大阪府	茨木市	彩都あかね
大阪府	茨木市	彩都あさぎ
大阪府	茨木市	彩都はなだ
大阪府	茨木市	彩都もえぎ
大阪府	茨木市	彩都やまぶき
大阪府	茨木市	道祖本
大阪府	茨木市	佐保
大阪府	茨木市	沢良宜浜
大阪府	茨木市	沢良宜東町
大阪府	茨木市	沢良宜西
大阪府	茨木市	島
大阪府	茨木市	清水
大阪府	茨木市	紫明園
大阪府	茨木市	下井町
大阪府	茨木市	下音羽
大阪府	茨木市	下中条町
大阪府	茨木市	下穂積
大阪府	茨木市	宿川原町
大阪府	茨木市	宿久庄
大阪府	茨木市	庄
大阪府	茨木市	生保
大阪府	茨木市	白川
大阪府	茨木市	城の前町
大阪府	茨木市	新郡山
大阪府	茨木市	新庄町
大阪府	茨木市	新中条町
大阪府	茨木市	新堂
大阪府	茨木市	新和町
大阪府	茨木市	末広町
大阪府	茨木市	銭原
大阪府	茨木市	千提寺
大阪府	茨木市	総持寺
大阪府	茨木市	総持寺駅前町
大阪府	茨木市	総持寺台
大阪府	茨木市	園田町
大阪府	茨木市	大正町
大阪府	茨木市	大同町
大阪府	茨木市	大門寺
大阪府	茨木市	高田町
大阪府	茨木市	高浜町
大阪府	茨木市	竹橋町
大阪府	茨木市	田中町
大阪府	茨木市	玉櫛
大阪府	茨木市	玉島
大阪府	茨木市	玉島台
大阪府	茨木市	玉瀬町
大阪府	茨木市	玉水町
大阪府	茨木市	寺田町
大阪府	茨木市	天王
大阪府	茨木市	東宮町
大阪府	茨木市	十日市町
大阪府	茨木市	戸伏町
大阪府	茨木市	豊川
大阪府	茨木市	豊原町
大阪府	茨木市	中河原町
大阪府	茨木市	中総持寺町
大阪府	茨木市	中津町
大阪府	茨木市	中穂積
大阪府	茨木市	中村町
大阪府	茨木市	長谷
大阪府	茨木市	並木町
大阪府	茨木市	奈良町
大阪府	茨木市	西安威
大阪府	茨木市	西駅前町
大阪府	茨木市	西太田町
大阪府	茨木市	西河原
大阪府	茨木市	西河原北町
大阪府	茨木市	西田中町
大阪府	茨木市	西中条町
大阪府	茨木市	西豊川町
大阪府	茨木市	西福井
大阪府	茨木市	西穂積町
大阪府	茨木市	忍頂寺
大阪府	茨木市	野々宮
大阪府	茨木市	橋の内
大阪府	茨木市	畑田町
大阪府	茨木市	花園
大阪府	茨木市	東安威
大阪府	茨木市	東宇野辺町
大阪府	茨木市	東太田
大阪府	茨木市	東中条町
大阪府	茨木市	東奈良
大阪府	茨木市	東野々宮町
大阪府	茨木市	東福井
大阪府	茨木市	平田
大阪府	茨木市	平田台
大阪府	茨木市	福井
大阪府	茨木市	藤の里
大阪府	茨木市	双葉町
大阪府	茨木市	舟木町
大阪府	茨木市	別院町
大阪府	茨木市	星見町
大阪府	茨木市	穂積台
大阪府	茨木市	本町
大阪府	茨木市	真砂
大阪府	茨木市	真砂玉島台
大阪府	茨木市	松ケ本町
大阪府	茨木市	松下町
大阪府	茨木市	三咲町
大阪府	茨木市	美沢町
大阪府	茨木市	三島丘
大阪府	茨木市	三島町
大阪府	茨木市	水尾
大阪府	茨木市	見付山
大阪府	茨木市	南安威
大阪府	茨木市	南春日丘
大阪府	茨木市	南清水町
大阪府	茨木市	南耳原
大阪府	茨木市	南目垣
大阪府	茨木市	耳原
大阪府	茨木市	美穂ケ丘
大阪府	茨木市	宮島
大阪府	茨木市	宮元町
大阪府	茨木市	室山
大阪府	茨木市	目垣
大阪府	茨木市	元町
大阪府	茨木市	安元
大阪府	茨木市	山手台
大阪府	茨木市	山手台新町
大阪府	茨木市	山手台東町
大阪府	茨木市	横江
大阪府	茨木市	若草町
大阪府	茨木市	若園町
大阪府	八尾市	相生町
大阪府	八尾市	青山町
大阪府	八尾市	曙川東
大阪府	八尾市	曙町
大阪府	八尾市	明美町
大阪府	八尾市	旭ケ丘
大阪府	八尾市	跡部本町
大阪府	八尾市	跡部南の町
大阪府	八尾市	跡部北の町
大阪府	八尾市	泉町
大阪府	八尾市	植松町
大阪府	八尾市	老原
大阪府	八尾市	大窪
大阪府	八尾市	太田
大阪府	八尾市	大竹
大阪府	八尾市	太田新町
大阪府	八尾市	刑部
大阪府	八尾市	恩智中町
大阪府	八尾市	恩智南町
大阪府	八尾市	恩智北町
大阪府	八尾市	垣内
大阪府	八尾市	楽音寺
大阪府	八尾市	柏村町
大阪府	八尾市	春日町
大阪府	八尾市	桂町
大阪府	八尾市	上尾町
大阪府	八尾市	上之島町南
大阪府	八尾市	上之島町北
大阪府	八尾市	亀井町
大阪府	八尾市	萱振町
大阪府	八尾市	北亀井町
大阪府	八尾市	北木の本
大阪府	八尾市	北久宝寺
大阪府	八尾市	北本町
大阪府	八尾市	木の本
大阪府	八尾市	久宝園
大阪府	八尾市	久宝寺
大阪府	八尾市	教興寺
大阪府	八尾市	空港
大阪府	八尾市	楠根町
大阪府	八尾市	黒谷
大阪府	八尾市	神立
大阪府	八尾市	光南町
大阪府	八尾市	郡川
大阪府	八尾市	小阪合町
大阪府	八尾市	小畑町
大阪府	八尾市	幸町
大阪府	八尾市	栄町
大阪府	八尾市	桜ケ丘
大阪府	八尾市	佐堂町
大阪府	八尾市	志紀町
大阪府	八尾市	志紀町西
大阪府	八尾市	志紀町南
大阪府	八尾市	渋川町
大阪府	八尾市	清水町
大阪府	八尾市	新家町
大阪府	八尾市	神宮寺
大阪府	八尾市	神武町
大阪府	八尾市	末広町
大阪府	八尾市	荘内町
大阪府	八尾市	太子堂
大阪府	八尾市	田井中
大阪府	八尾市	高砂町
大阪府	八尾市	高町
大阪府	八尾市	高美町
大阪府	八尾市	高安町南
大阪府	八尾市	高安町北
大阪府	八尾市	竹渕
大阪府	八尾市	竹渕東
大阪府	八尾市	竹渕西
大阪府	八尾市	千塚
大阪府	八尾市	堤町
大阪府	八尾市	天王寺屋
大阪府	八尾市	中田
大阪府	八尾市	長池町
大阪府	八尾市	永畑町
大阪府	八尾市	西木の本
大阪府	八尾市	西久宝寺
大阪府	八尾市	西高安町
大阪府	八尾市	西山本町
大阪府	八尾市	西弓削
大阪府	八尾市	沼
大阪府	八尾市	服部川
大阪府	八尾市	光町
大阪府	八尾市	東老原
大阪府	八尾市	東久宝寺
大阪府	八尾市	東太子
大阪府	八尾市	東本町
大阪府	八尾市	東町
大阪府	八尾市	東山本新町
大阪府	八尾市	東山本町
大阪府	八尾市	東弓削
大阪府	八尾市	福栄町
大阪府	八尾市	福万寺町
大阪府	八尾市	福万寺町南
大阪府	八尾市	福万寺町北
大阪府	八尾市	二俣
大阪府	八尾市	本町
大阪府	八尾市	松山町
大阪府	八尾市	水越
大阪府	八尾市	美園町
大阪府	八尾市	緑ケ丘
大阪府	八尾市	南植松町
大阪府	八尾市	南亀井町
大阪府	八尾市	南木の本
大阪府	八尾市	南久宝寺
大阪府	八尾市	南小阪合町
大阪府	八尾市	南太子堂
大阪府	八尾市	南本町
大阪府	八尾市	都塚
大阪府	八尾市	都塚北
大阪府	八尾市	都塚南
大阪府	八尾市	宮町
大阪府	八尾市	八尾木（丁目）
大阪府	八尾市	八尾木東
大阪府	八尾市	八尾木北
大阪府	八尾市	安中町
大阪府	八尾市	山賀町
大阪府	八尾市	山城町
大阪府	八尾市	山畑
大阪府	八尾市	山本高安町
大阪府	八尾市	山本町
大阪府	八尾市	山本町南
大阪府	八尾市	山本町北
大阪府	八尾市	弓削町
大阪府	八尾市	弓削町南
大阪府	八尾市	陽光園
大阪府	八尾市	八尾木（大字）
大阪府	八尾市	龍華町
大阪府	八尾市	若草町
大阪府	八尾市	若林町
大阪府	泉佐野市	葵町
大阪府	泉佐野市	旭町
大阪府	泉佐野市	泉ケ丘
大阪府	泉佐野市	市場東
大阪府	泉佐野市	市場西
大阪府	泉佐野市	市場南
大阪府	泉佐野市	上町
大阪府	泉佐野市	大木
大阪府	泉佐野市	大宮町
大阪府	泉佐野市	大西
大阪府	泉佐野市	岡本
大阪府	泉佐野市	貝田町
大阪府	泉佐野市	笠松
大阪府	泉佐野市	春日町
大阪府	泉佐野市	上瓦屋
大阪府	泉佐野市	上之郷
大阪府	泉佐野市	栄町
大阪府	泉佐野市	佐野台
大阪府	泉佐野市	下瓦屋
大阪府	泉佐野市	松風台
大阪府	泉佐野市	新町
大阪府	泉佐野市	新安松
大阪府	泉佐野市	住吉町
大阪府	泉佐野市	泉州空港北
大阪府	泉佐野市	高松東
大阪府	泉佐野市	高松西
大阪府	泉佐野市	高松南
大阪府	泉佐野市	高松北
大阪府	泉佐野市	俵屋
大阪府	泉佐野市	土丸
大阪府	泉佐野市	鶴原
大阪府	泉佐野市	中庄
大阪府	泉佐野市	中町
大阪府	泉佐野市	長滝
大阪府	泉佐野市	新浜町
大阪府	泉佐野市	西本町
大阪府	泉佐野市	野出町
大阪府	泉佐野市	羽倉崎
大阪府	泉佐野市	羽倉崎上町
大阪府	泉佐野市	東佐野台
大阪府	泉佐野市	東羽倉崎町
大阪府	泉佐野市	日根野
大阪府	泉佐野市	本町
大阪府	泉佐野市	松原
大阪府	泉佐野市	湊
大阪府	泉佐野市	南泉ケ丘
大阪府	泉佐野市	南中岡本
大阪府	泉佐野市	南中樫井
大阪府	泉佐野市	南中安松
大阪府	泉佐野市	元町
大阪府	泉佐野市	りんくう往来南
大阪府	泉佐野市	りんくう往来北
大阪府	泉佐野市	若宮町
大阪府	富田林市	青葉丘
大阪府	富田林市	旭ケ丘町
大阪府	富田林市	粟ケ池町
大阪府	富田林市	梅の里
大阪府	富田林市	嬉
大阪府	富田林市	毛人谷
大阪府	富田林市	彼方
大阪府	富田林市	かがり台
大阪府	富田林市	加太
大阪府	富田林市	川面町
大阪府	富田林市	川向町
大阪府	富田林市	甘南備
大阪府	富田林市	喜志
大阪府	富田林市	喜志新家町
大阪府	富田林市	喜志町
大阪府	富田林市	北大伴町
大阪府	富田林市	木戸山町
大阪府	富田林市	楠町
大阪府	富田林市	久野喜台
大阪府	富田林市	甲田
大阪府	富田林市	向陽台
大阪府	富田林市	小金台
大阪府	富田林市	五軒家
大阪府	富田林市	寿町
大阪府	富田林市	金剛錦織台
大阪府	富田林市	金剛伏山台
大阪府	富田林市	西条町
大阪府	富田林市	桜井町
大阪府	富田林市	桜ケ丘町
大阪府	富田林市	佐備
大阪府	富田林市	清水町
大阪府	富田林市	昭和町
大阪府	富田林市	新青葉丘町
大阪府	富田林市	新家
大阪府	富田林市	新堂
大阪府	富田林市	須賀
大阪府	富田林市	高辺台
大阪府	富田林市	谷川町
大阪府	富田林市	通法寺町
大阪府	富田林市	廿山
大阪府	富田林市	津々山台
大阪府	富田林市	寺池台
大阪府	富田林市	常盤町
大阪府	富田林市	富田林町
大阪府	富田林市	中野
大阪府	富田林市	中野町
大阪府	富田林市	中野町東
大阪府	富田林市	中野町西
大阪府	富田林市	楠風台
大阪府	富田林市	西板持町
大阪府	富田林市	錦織
大阪府	富田林市	錦織北
大阪府	富田林市	錦織中
大阪府	富田林市	錦織東
大阪府	富田林市	錦織南
大阪府	富田林市	錦ケ丘町
大阪府	富田林市	東板持町
大阪府	富田林市	平町
大阪府	富田林市	伏見堂
大阪府	富田林市	伏山
大阪府	富田林市	藤沢台
大阪府	富田林市	不動ケ丘町
大阪府	富田林市	富美ケ丘町
大阪府	富田林市	別井
大阪府	富田林市	本町
大阪府	富田林市	緑ケ丘町
大阪府	富田林市	南旭ケ丘町
大阪府	富田林市	南大伴町
大阪府	富田林市	宮甲田町
大阪府	富田林市	宮町
大阪府	富田林市	美山台
大阪府	富田林市	山中田町
大阪府	富田林市	山手町
大阪府	富田林市	横山
大阪府	富田林市	龍泉
大阪府	富田林市	若松町
大阪府	富田林市	若松町東
大阪府	富田林市	若松町西
大阪府	寝屋川市	池田
大阪府	寝屋川市	池田旭町
大阪府	寝屋川市	池田東町
大阪府	寝屋川市	池田西町
大阪府	寝屋川市	池田南町
大阪府	寝屋川市	池田北町
大阪府	寝屋川市	池田新町
大阪府	寝屋川市	池田中町
大阪府	寝屋川市	池田本町
大阪府	寝屋川市	池の瀬町
大阪府	寝屋川市	石津中町
大阪府	寝屋川市	石津東町
大阪府	寝屋川市	石津南町
大阪府	寝屋川市	石津元町
大阪府	寝屋川市	出雲町
大阪府	寝屋川市	太秦桜が丘
大阪府	寝屋川市	太秦高塚町
大阪府	寝屋川市	太秦中町
大阪府	寝屋川市	太秦東が丘
大阪府	寝屋川市	太秦緑が丘
大阪府	寝屋川市	太秦元町
大阪府	寝屋川市	宇谷町
大阪府	寝屋川市	打上新町
大阪府	寝屋川市	打上高塚町
大阪府	寝屋川市	打上中町
大阪府	寝屋川市	打上南町
大阪府	寝屋川市	打上宮前町
大阪府	寝屋川市	打上元町
大阪府	寝屋川市	梅が丘
大阪府	寝屋川市	大谷町
大阪府	寝屋川市	大利町
大阪府	寝屋川市	大利元町
大阪府	寝屋川市	音羽町
大阪府	寝屋川市	春日町
大阪府	寝屋川市	上神田
大阪府	寝屋川市	萱島桜園町
大阪府	寝屋川市	萱島信和町
大阪府	寝屋川市	萱島本町
大阪府	寝屋川市	萱島南町
大阪府	寝屋川市	萱島東
大阪府	寝屋川市	川勝町
大阪府	寝屋川市	河北中町
大阪府	寝屋川市	河北東町
大阪府	寝屋川市	河北西町
大阪府	寝屋川市	菅相塚町
大阪府	寝屋川市	北大利町
大阪府	寝屋川市	木田町
大阪府	寝屋川市	木田元宮
大阪府	寝屋川市	楠根南町
大阪府	寝屋川市	楠根北町
大阪府	寝屋川市	葛原
大阪府	寝屋川市	葛原新町
大阪府	寝屋川市	国松町
大阪府	寝屋川市	黒原旭町
大阪府	寝屋川市	黒原新町
大阪府	寝屋川市	黒原城内町
大阪府	寝屋川市	黒原橘町
大阪府	寝屋川市	香里新町
大阪府	寝屋川市	香里本通町
大阪府	寝屋川市	香里西之町
大阪府	寝屋川市	香里南之町
大阪府	寝屋川市	香里北之町
大阪府	寝屋川市	郡元町
大阪府	寝屋川市	寿町
大阪府	寝屋川市	木屋町
大阪府	寝屋川市	木屋元町
大阪府	寝屋川市	幸町
大阪府	寝屋川市	境橋町
大阪府	寝屋川市	桜木町
大阪府	寝屋川市	讃良東町
大阪府	寝屋川市	讃良西町
大阪府	寝屋川市	清水町
大阪府	寝屋川市	点野
大阪府	寝屋川市	下神田町
大阪府	寝屋川市	下木田町
大阪府	寝屋川市	昭栄町
大阪府	寝屋川市	小路北町
大阪府	寝屋川市	小路南町
大阪府	寝屋川市	新家
大阪府	寝屋川市	末広町
大阪府	寝屋川市	成美町
大阪府	寝屋川市	大成町
大阪府	寝屋川市	田井町
大阪府	寝屋川市	田井西町
大阪府	寝屋川市	太間町
大阪府	寝屋川市	太間東町
大阪府	寝屋川市	高倉
大阪府	寝屋川市	高宮
大阪府	寝屋川市	高宮あさひ丘
大阪府	寝屋川市	高宮栄町
大阪府	寝屋川市	高宮新町
大阪府	寝屋川市	高柳
大阪府	寝屋川市	高柳栄町
大阪府	寝屋川市	宝町
大阪府	寝屋川市	長栄寺町
大阪府	寝屋川市	対馬江東町
大阪府	寝屋川市	対馬江西町
大阪府	寝屋川市	豊里町
大阪府	寝屋川市	豊野町
大阪府	寝屋川市	中神田町
大阪府	寝屋川市	中木田町
大阪府	寝屋川市	成田東が丘
大阪府	寝屋川市	成田東町
大阪府	寝屋川市	成田西町
大阪府	寝屋川市	成田南町
大阪府	寝屋川市	成田町
大阪府	寝屋川市	南水苑町
大阪府	寝屋川市	錦町
大阪府	寝屋川市	日新町
大阪府	寝屋川市	仁和寺町
大阪府	寝屋川市	仁和寺本町
大阪府	寝屋川市	寝屋
大阪府	寝屋川市	寝屋川公園
大阪府	寝屋川市	寝屋北町
大阪府	寝屋川市	寝屋新町
大阪府	寝屋川市	寝屋南
大阪府	寝屋川市	秦町
大阪府	寝屋川市	八幡台
大阪府	寝屋川市	初町
大阪府	寝屋川市	早子町
大阪府	寝屋川市	東大利町
大阪府	寝屋川市	東神田町
大阪府	寝屋川市	東香里園町
大阪府	寝屋川市	日之出町
大阪府	寝屋川市	平池町
大阪府	寝屋川市	堀溝
大阪府	寝屋川市	堀溝北町
大阪府	寝屋川市	本町
大阪府	寝屋川市	松屋町
大阪府	寝屋川市	三井が丘
大阪府	寝屋川市	美井町
大阪府	寝屋川市	三井南町
大阪府	寝屋川市	美井元町
大阪府	寝屋川市	緑町
大阪府	寝屋川市	御幸東町
大阪府	寝屋川市	御幸西町
大阪府	寝屋川市	明徳
大阪府	寝屋川市	明和
大阪府	寝屋川市	八坂町
大阪府	寝屋川市	若葉町
大阪府	河内長野市	あかしあ台
大阪府	河内長野市	旭ケ丘
大阪府	河内長野市	天野町
大阪府	河内長野市	天見
大阪府	河内長野市	石仏
大阪府	河内長野市	石見川
大阪府	河内長野市	市町
大阪府	河内長野市	岩瀬
大阪府	河内長野市	上田町
大阪府	河内長野市	上原町
大阪府	河内長野市	上原西町
大阪府	河内長野市	太井
大阪府	河内長野市	大矢船中町
大阪府	河内長野市	大矢船西町
大阪府	河内長野市	大矢船南町
大阪府	河内長野市	大矢船北町
大阪府	河内長野市	小塩町
大阪府	河内長野市	小山田町
大阪府	河内長野市	加賀田
大阪府	河内長野市	神ガ丘
大阪府	河内長野市	唐久谷
大阪府	河内長野市	河合寺
大阪府	河内長野市	菊水町
大阪府	河内長野市	北青葉台
大阪府	河内長野市	北貴望ケ丘
大阪府	河内長野市	喜多町
大阪府	河内長野市	木戸
大阪府	河内長野市	木戸西町
大阪府	河内長野市	木戸東町
大阪府	河内長野市	木戸町
大阪府	河内長野市	清見台
大阪府	河内長野市	桐ケ丘
大阪府	河内長野市	楠ケ丘
大阪府	河内長野市	楠町東
大阪府	河内長野市	楠町西
大阪府	河内長野市	寿町
大阪府	河内長野市	小深
大阪府	河内長野市	栄町
大阪府	河内長野市	汐の宮町
大阪府	河内長野市	清水
大阪府	河内長野市	下里町
大阪府	河内長野市	自由ケ丘
大阪府	河内長野市	昭栄町
大阪府	河内長野市	末広町
大阪府	河内長野市	荘園町
大阪府	河内長野市	大師町
大阪府	河内長野市	滝畑
大阪府	河内長野市	高向
大阪府	河内長野市	千代田台町
大阪府	河内長野市	千代田南町
大阪府	河内長野市	寺元
大阪府	河内長野市	中片添町
大阪府	河内長野市	長野町
大阪府	河内長野市	流谷
大阪府	河内長野市	南花台
大阪府	河内長野市	西片添町
大阪府	河内長野市	錦町
大阪府	河内長野市	西代町
大阪府	河内長野市	西之山町
大阪府	河内長野市	日東町
大阪府	河内長野市	野作町
大阪府	河内長野市	鳩原
大阪府	河内長野市	原町
大阪府	河内長野市	東片添町
大阪府	河内長野市	日野
大阪府	河内長野市	古野町
大阪府	河内長野市	本多町
大阪府	河内長野市	本町
大阪府	河内長野市	松ケ丘中町
大阪府	河内長野市	松ケ丘東町
大阪府	河内長野市	松ケ丘西町
大阪府	河内長野市	美加の台
大阪府	河内長野市	三日市町
大阪府	河内長野市	緑ケ丘中町
大阪府	河内長野市	緑ケ丘南町
大阪府	河内長野市	緑ケ丘北町
大阪府	河内長野市	南青葉台
大阪府	河内長野市	南ケ丘
大阪府	河内長野市	南貴望ケ丘
大阪府	河内長野市	向野町
大阪府	松原市	阿保
大阪府	松原市	天美東
大阪府	松原市	天美西
大阪府	松原市	天美南
大阪府	松原市	天美北
大阪府	松原市	天美我堂
大阪府	松原市	上田
大阪府	松原市	大堀
大阪府	松原市	岡
大阪府	松原市	小川
大阪府	松原市	河合
大阪府	松原市	北新町
大阪府	松原市	柴垣
大阪府	松原市	新堂
大阪府	松原市	田井城
大阪府	松原市	高見の里
大阪府	松原市	立部
大阪府	松原市	丹南
大阪府	松原市	西大塚
大阪府	松原市	西野々
大阪府	松原市	東新町
大阪府	松原市	一津屋
大阪府	松原市	別所
大阪府	松原市	松ケ丘
大阪府	松原市	南新町
大阪府	松原市	三宅中
大阪府	松原市	三宅東
大阪府	松原市	三宅西
大阪府	松原市	若林
大阪府	大東市	赤井
大阪府	大東市	曙町
大阪府	大東市	明美の里町
大阪府	大東市	泉町
大阪府	大東市	栄和町
大阪府	大東市	扇町
大阪府	大東市	大野
大阪府	大東市	学園町
大阪府	大東市	川中新町
大阪府	大東市	北楠の里町
大阪府	大東市	北新町
大阪府	大東市	御供田
大阪府	大東市	御領
大阪府	大東市	幸町
大阪府	大東市	三箇
大阪府	大東市	三洋町
大阪府	大東市	新田旭町
大阪府	大東市	新田境町
大阪府	大東市	新田中町
大阪府	大東市	新田西町
大阪府	大東市	新田北町
大阪府	大東市	新田東本町
大阪府	大東市	新田本町
大阪府	大東市	新町
大阪府	大東市	末広町
大阪府	大東市	住道
大阪府	大東市	大東町
大阪府	大東市	太子田
大阪府	大東市	龍間
大阪府	大東市	谷川
大阪府	大東市	津の辺町
大阪府	大東市	寺川
大阪府	大東市	中垣内
大阪府	大東市	中楠の里町
大阪府	大東市	南郷町
大阪府	大東市	錦町
大阪府	大東市	西楠の里町
大阪府	大東市	野崎
大阪府	大東市	灰塚
大阪府	大東市	浜町
大阪府	大東市	氷野
大阪府	大東市	平野屋
大阪府	大東市	平野屋新町
大阪府	大東市	深野
大阪府	大東市	深野南町
大阪府	大東市	深野北
大阪府	大東市	北条
大阪府	大東市	朋来
大阪府	大東市	三住町
大阪府	大東市	緑が丘
大阪府	大東市	南楠の里町
大阪府	大東市	南新田
大阪府	大東市	南津の辺町
大阪府	大東市	諸福
大阪府	和泉市	青葉台
大阪府	和泉市	芦部町
大阪府	和泉市	あゆみ野
大阪府	和泉市	池上町
大阪府	和泉市	池田下町
大阪府	和泉市	一条院町
大阪府	和泉市	井ノ口町
大阪府	和泉市	いぶき野
大阪府	和泉市	今福町
大阪府	和泉市	上代町
大阪府	和泉市	内田町
大阪府	和泉市	浦田町
大阪府	和泉市	王子町
大阪府	和泉市	大野町
大阪府	和泉市	岡町
大阪府	和泉市	小田町
大阪府	和泉市	尾井町
大阪府	和泉市	小野田町
大阪府	和泉市	小野町
大阪府	和泉市	鍛治屋町
大阪府	和泉市	上町
大阪府	和泉市	唐国町
大阪府	和泉市	観音寺町
大阪府	和泉市	北田中町
大阪府	和泉市	九鬼町
大阪府	和泉市	葛の葉町
大阪府	和泉市	黒石町
大阪府	和泉市	黒鳥町
大阪府	和泉市	桑原町
大阪府	和泉市	光明台
大阪府	和泉市	国分町
大阪府	和泉市	幸
大阪府	和泉市	阪本町
大阪府	和泉市	山荘町
大阪府	和泉市	下宮町
大阪府	和泉市	善正町
大阪府	和泉市	太町
大阪府	和泉市	父鬼町
大阪府	和泉市	坪井町
大阪府	和泉市	鶴山台
大阪府	和泉市	テクノステージ
大阪府	和泉市	寺門町
大阪府	和泉市	寺田町
大阪府	和泉市	富秋町
大阪府	和泉市	南面利町
大阪府	和泉市	納花町
大阪府	和泉市	のぞみ野
大阪府	和泉市	伯太町
大阪府	和泉市	はつが野
大阪府	和泉市	春木川町
大阪府	和泉市	春木町
大阪府	和泉市	繁和町
大阪府	和泉市	東阪本町
大阪府	和泉市	肥子町
大阪府	和泉市	久井町
大阪府	和泉市	平井町
大阪府	和泉市	福瀬町
大阪府	和泉市	伏屋町
大阪府	和泉市	府中町
大阪府	和泉市	仏並町
大阪府	和泉市	舞町
大阪府	和泉市	槇尾山町
大阪府	和泉市	松尾寺町
大阪府	和泉市	まなび野
大阪府	和泉市	万町
大阪府	和泉市	箕形町
大阪府	和泉市	みずき台
大阪府	和泉市	緑ケ丘
大阪府	和泉市	三林町
大阪府	和泉市	室堂町
大阪府	和泉市	弥生町
大阪府	和泉市	若樫町
大阪府	和泉市	和気町
大阪府	和泉市	和田町
大阪府	箕面市	粟生外院
大阪府	箕面市	粟生新家
大阪府	箕面市	粟生間谷
大阪府	箕面市	粟生間谷東
大阪府	箕面市	粟生間谷西
大阪府	箕面市	石丸
大阪府	箕面市	稲
大阪府	箕面市	今宮
大阪府	箕面市	小野原東
大阪府	箕面市	小野原西
大阪府	箕面市	温泉町
大阪府	箕面市	上止々呂美
大阪府	箕面市	萱野
大阪府	箕面市	外院
大阪府	箕面市	彩都粟生南
大阪府	箕面市	彩都粟生北
大阪府	箕面市	桜
大阪府	箕面市	桜井
大阪府	箕面市	桜ケ丘
大阪府	箕面市	下止々呂美
大阪府	箕面市	森町北
大阪府	箕面市	森町中
大阪府	箕面市	森町西
大阪府	箕面市	森町南
大阪府	箕面市	瀬川
大阪府	箕面市	船場東
大阪府	箕面市	船場西
大阪府	箕面市	新稲
大阪府	箕面市	西小路
大阪府	箕面市	西宿
大阪府	箕面市	如意谷
大阪府	箕面市	白島
大阪府	箕面市	半町
大阪府	箕面市	百楽荘
大阪府	箕面市	坊島
大阪府	箕面市	牧落
大阪府	箕面市	箕面
大阪府	箕面市	箕面公園
大阪府	柏原市	青谷
大阪府	柏原市	旭ケ丘
大阪府	柏原市	安堂町
大阪府	柏原市	石川町
大阪府	柏原市	今町
大阪府	柏原市	円明町
大阪府	柏原市	大県
大阪府	柏原市	片山町
大阪府	柏原市	上市
大阪府	柏原市	雁多尾畑
大阪府	柏原市	河原町
大阪府	柏原市	清州
大阪府	柏原市	国分市場
大阪府	柏原市	国分東条町
大阪府	柏原市	国分本町
大阪府	柏原市	国分西
大阪府	柏原市	大正
大阪府	柏原市	太平寺
大阪府	柏原市	高井田
大阪府	柏原市	田辺
大阪府	柏原市	玉手町
大阪府	柏原市	峠
大阪府	柏原市	堂島町
大阪府	柏原市	平野
大阪府	柏原市	古町
大阪府	柏原市	法善寺
大阪府	柏原市	本郷
大阪府	柏原市	本堂
大阪府	柏原市	山ノ井町
大阪府	羽曳野市	飛鳥
大阪府	羽曳野市	伊賀
大阪府	羽曳野市	碓井
大阪府	羽曳野市	恵我之荘
大阪府	羽曳野市	大黒
大阪府	羽曳野市	学園前
大阪府	羽曳野市	樫山
大阪府	羽曳野市	軽里
大阪府	羽曳野市	河原城
大阪府	羽曳野市	川向
大阪府	羽曳野市	蔵之内
大阪府	羽曳野市	郡戸
大阪府	羽曳野市	駒ケ谷
大阪府	羽曳野市	誉田
大阪府	羽曳野市	栄町
大阪府	羽曳野市	島泉
大阪府	羽曳野市	尺度
大阪府	羽曳野市	翠鳥園
大阪府	羽曳野市	高鷲
大阪府	羽曳野市	通法寺
大阪府	羽曳野市	壺井
大阪府	羽曳野市	西浦
大阪府	羽曳野市	野
大阪府	羽曳野市	野々上
大阪府	羽曳野市	白鳥
大阪府	羽曳野市	埴生野
大阪府	羽曳野市	羽曳が丘
大阪府	羽曳野市	羽曳が丘西
大阪府	羽曳野市	はびきの
大阪府	羽曳野市	東阪田
大阪府	羽曳野市	広瀬
大阪府	羽曳野市	古市
大阪府	羽曳野市	南恵我之荘
大阪府	羽曳野市	南古市
大阪府	羽曳野市	向野
大阪府	羽曳野市	桃山台
大阪府	門真市	朝日町
大阪府	門真市	石原町
大阪府	門真市	泉町
大阪府	門真市	一番町
大阪府	門真市	打越
大阪府	門真市	打越町
大阪府	門真市	江端町
大阪府	門真市	大池町
大阪府	門真市	大倉町
大阪府	門真市	大橋町
大阪府	門真市	沖町
大阪府	門真市	垣内町
大阪府	門真市	門真
大阪府	門真市	上島町
大阪府	門真市	上野口町
大阪府	門真市	岸和田
大阪府	門真市	北岸和田
大阪府	門真市	北島
大阪府	門真市	北島東町
大阪府	門真市	北島町
大阪府	門真市	北巣本町
大阪府	門真市	桑才新町
大阪府	門真市	桑才町
大阪府	門真市	幸福町
大阪府	門真市	寿町
大阪府	門真市	栄町
大阪府	門真市	五月田町
大阪府	門真市	四宮
大阪府	門真市	島頭
大阪府	門真市	下島町
大阪府	門真市	下馬伏町
大阪府	門真市	小路町
大阪府	門真市	常称寺町
大阪府	門真市	城垣町
大阪府	門真市	新橋町
大阪府	門真市	末広町
大阪府	門真市	巣本町
大阪府	門真市	千石東町
大阪府	門真市	千石西町
大阪府	門真市	月出町
大阪府	門真市	堂山町
大阪府	門真市	常盤町
大阪府	門真市	殿島町
大阪府	門真市	中町
大阪府	門真市	野口
大阪府	門真市	野里町
大阪府	門真市	浜町
大阪府	門真市	速見町
大阪府	門真市	ひえ島町
大阪府	門真市	東江端町
大阪府	門真市	東田町
大阪府	門真市	深田町
大阪府	門真市	舟田町
大阪府	門真市	古川町
大阪府	門真市	本町
大阪府	門真市	松生町
大阪府	門真市	松葉町
大阪府	門真市	三ツ島
大阪府	門真市	御堂町
大阪府	門真市	南野口町
大阪府	門真市	宮野町
大阪府	門真市	宮前町
大阪府	門真市	向島町
大阪府	門真市	元町
大阪府	門真市	柳田町
大阪府	門真市	柳町
大阪府	門真市	横地
大阪府	門真市	脇田町
大阪府	摂津市	安威川南町
大阪府	摂津市	学園町
大阪府	摂津市	北別府町
大阪府	摂津市	香露園
大阪府	摂津市	桜町
大阪府	摂津市	正雀
大阪府	摂津市	正雀本町
大阪府	摂津市	庄屋
大阪府	摂津市	昭和園
大阪府	摂津市	新在家
大阪府	摂津市	千里丘
大阪府	摂津市	千里丘新町
大阪府	摂津市	千里丘東
大阪府	摂津市	鶴野
大阪府	摂津市	鳥飼上
大阪府	摂津市	鳥飼中
大阪府	摂津市	鳥飼下
大阪府	摂津市	鳥飼新町
大阪府	摂津市	鳥飼野々
大阪府	摂津市	鳥飼八防
大阪府	摂津市	鳥飼八町
大阪府	摂津市	鳥飼本町
大阪府	摂津市	鳥飼銘木町
大阪府	摂津市	鳥飼和道
大阪府	摂津市	鳥飼西
大阪府	摂津市	西一津屋
大阪府	摂津市	浜町
大阪府	摂津市	阪急正雀
大阪府	摂津市	東正雀
大阪府	摂津市	東一津屋
大阪府	摂津市	東別府
大阪府	摂津市	一津屋
大阪府	摂津市	別府
大阪府	摂津市	三島
大阪府	摂津市	南千里丘
大阪府	摂津市	南別府町
大阪府	高石市	綾園
大阪府	高石市	加茂
大阪府	高石市	高砂
大阪府	高石市	高師浜
大阪府	高石市	高師浜丁
大阪府	高石市	千代田
大阪府	高石市	取石
大阪府	高石市	西取石
大阪府	高石市	羽衣
大阪府	高石市	羽衣公園丁
大阪府	高石市	東羽衣
大阪府	高石市	南高砂
大阪府	藤井寺市	青山
大阪府	藤井寺市	梅が園町
大阪府	藤井寺市	恵美坂
大阪府	藤井寺市	大井
大阪府	藤井寺市	岡
大阪府	藤井寺市	春日丘
大阪府	藤井寺市	春日丘新町
大阪府	藤井寺市	川北
大阪府	藤井寺市	北岡
大阪府	藤井寺市	国府
大阪府	藤井寺市	古室
大阪府	藤井寺市	小山
大阪府	藤井寺市	小山新町
大阪府	藤井寺市	小山藤の里町
大阪府	藤井寺市	小山藤美町
大阪府	藤井寺市	さくら町
大阪府	藤井寺市	沢田
大阪府	藤井寺市	惣社
大阪府	藤井寺市	津堂
大阪府	藤井寺市	道明寺
大阪府	藤井寺市	西大井
大阪府	藤井寺市	西古室
大阪府	藤井寺市	野中
大阪府	藤井寺市	林
大阪府	藤井寺市	東藤井寺町
大阪府	藤井寺市	藤井寺
大阪府	藤井寺市	藤ケ丘
大阪府	藤井寺市	船橋町
大阪府	藤井寺市	北條町
大阪府	藤井寺市	御舟町
大阪府	藤井寺市	陵南町
大阪府	東大阪市	旭町
大阪府	東大阪市	足代
大阪府	東大阪市	足代新町
大阪府	東大阪市	足代南
大阪府	東大阪市	足代北
大阪府	東大阪市	荒川
大阪府	東大阪市	荒本
大阪府	東大阪市	荒本新町
大阪府	東大阪市	荒本西
大阪府	東大阪市	荒本北
大阪府	東大阪市	池島町
大阪府	東大阪市	池之端町
大阪府	東大阪市	出雲井町
大阪府	東大阪市	出雲井本町
大阪府	東大阪市	稲田上町
大阪府	東大阪市	稲田新町
大阪府	東大阪市	稲田本町
大阪府	東大阪市	稲田三島町
大阪府	東大阪市	稲葉
大阪府	東大阪市	今米
大阪府	東大阪市	岩田町
大阪府	東大阪市	瓜生堂
大阪府	東大阪市	永和
大阪府	東大阪市	近江堂
大阪府	東大阪市	大蓮東
大阪府	東大阪市	大蓮南
大阪府	東大阪市	大蓮北
大阪府	東大阪市	柏田東町
大阪府	東大阪市	柏田本町
大阪府	東大阪市	柏田西
大阪府	東大阪市	金岡
大阪府	東大阪市	金物町
大阪府	東大阪市	加納
大阪府	東大阪市	上石切町（２丁目８６３、１４５１番地）
大阪府	東大阪市	上石切町（その他）
大阪府	東大阪市	上小阪
大阪府	東大阪市	上四条町
大阪府	東大阪市	上六万寺町
大阪府	東大阪市	川田
大阪府	東大阪市	河内町
大阪府	東大阪市	川中
大阪府	東大阪市	川俣
大阪府	東大阪市	川俣本町
大阪府	東大阪市	神田町
大阪府	東大阪市	岸田堂南町
大阪府	東大阪市	岸田堂北町
大阪府	東大阪市	岸田堂西
大阪府	東大阪市	衣摺
大阪府	東大阪市	北石切町
大阪府	東大阪市	北鴻池町
大阪府	東大阪市	客坊町
大阪府	東大阪市	喜里川町
大阪府	東大阪市	日下町
大阪府	東大阪市	楠根
大阪府	東大阪市	源氏ケ丘
大阪府	東大阪市	鴻池徳庵町
大阪府	東大阪市	鴻池本町
大阪府	東大阪市	鴻池元町
大阪府	東大阪市	鴻池町
大阪府	東大阪市	小阪
大阪府	東大阪市	小阪本町
大阪府	東大阪市	五条町
大阪府	東大阪市	寿町
大阪府	東大阪市	古箕輪
大阪府	東大阪市	小若江
大阪府	東大阪市	桜町
大阪府	東大阪市	三ノ瀬
大阪府	東大阪市	新喜多
大阪府	東大阪市	四条町
大阪府	東大阪市	七軒家
大阪府	東大阪市	渋川町
大阪府	東大阪市	島之内
大阪府	東大阪市	下小阪
大阪府	東大阪市	下六万寺町
大阪府	東大阪市	俊徳町
大阪府	東大阪市	昭和町
大阪府	東大阪市	新池島町
大阪府	東大阪市	新上小阪
大阪府	東大阪市	新家
大阪府	東大阪市	新家中町
大阪府	東大阪市	新家東町
大阪府	東大阪市	新家西町
大阪府	東大阪市	新鴻池町
大阪府	東大阪市	新庄
大阪府	東大阪市	新庄東
大阪府	東大阪市	新庄西
大阪府	東大阪市	新庄南
大阪府	東大阪市	新町
大阪府	東大阪市	末広町
大阪府	東大阪市	角田
大阪府	東大阪市	善根寺町
大阪府	東大阪市	太平寺
大阪府	東大阪市	高井田
大阪府	東大阪市	高井田中
大阪府	東大阪市	高井田本通
大阪府	東大阪市	高井田元町
大阪府	東大阪市	高井田西
大阪府	東大阪市	鷹殿町
大阪府	東大阪市	宝町
大阪府	東大阪市	立花町
大阪府	東大阪市	玉串町東
大阪府	東大阪市	玉串町西
大阪府	東大阪市	玉串元町
大阪府	東大阪市	長栄寺
大阪府	東大阪市	長堂
大阪府	東大阪市	寺前町
大阪府	東大阪市	徳庵本町
大阪府	東大阪市	友井
大阪府	東大阪市	豊浦町
大阪府	東大阪市	鳥居町
大阪府	東大阪市	中石切町
大阪府	東大阪市	中鴻池町
大阪府	東大阪市	中小阪
大阪府	東大阪市	中新開
大阪府	東大阪市	長瀬町
大阪府	東大阪市	長田
大阪府	東大阪市	長田内介
大阪府	東大阪市	長田中
大阪府	東大阪市	長田東
大阪府	東大阪市	長田西
大阪府	東大阪市	中野
大阪府	東大阪市	中野南
大阪府	東大阪市	南荘町
大阪府	東大阪市	西石切町
大阪府	東大阪市	西岩田
大阪府	東大阪市	西上小阪
大阪府	東大阪市	西鴻池町
大阪府	東大阪市	西堤
大阪府	東大阪市	西堤学園町
大阪府	東大阪市	西堤楠町
大阪府	東大阪市	西堤西
大阪府	東大阪市	西堤本通東
大阪府	東大阪市	西堤本通西
大阪府	東大阪市	額田町
大阪府	東大阪市	布市町
大阪府	東大阪市	箱殿町
大阪府	東大阪市	花園東町
大阪府	東大阪市	花園西町
大阪府	東大阪市	花園本町
大阪府	東大阪市	東石切町
大阪府	東大阪市	東上小阪
大阪府	東大阪市	東鴻池町
大阪府	東大阪市	東豊浦町
大阪府	東大阪市	東山町
大阪府	東大阪市	菱江
大阪府	東大阪市	菱屋東
大阪府	東大阪市	菱屋西
大阪府	東大阪市	瓢箪山町
大阪府	東大阪市	藤戸新田
大阪府	東大阪市	宝持
大阪府	東大阪市	本庄
大阪府	東大阪市	本庄中
大阪府	東大阪市	本庄東
大阪府	東大阪市	本庄西
大阪府	東大阪市	本町
大阪府	東大阪市	松原
大阪府	東大阪市	松原南
大阪府	東大阪市	御厨
大阪府	東大阪市	御厨栄町
大阪府	東大阪市	御厨中
大阪府	東大阪市	御厨西ノ町
大阪府	東大阪市	御厨東
大阪府	東大阪市	御厨南
大阪府	東大阪市	三島
大阪府	東大阪市	水走
大阪府	東大阪市	南上小阪
大阪府	東大阪市	南鴻池町
大阪府	東大阪市	南四条町
大阪府	東大阪市	箕輪
大阪府	東大阪市	御幸町
大阪府	東大阪市	元町
大阪府	東大阪市	森河内東
大阪府	東大阪市	森河内西
大阪府	東大阪市	山手町
大阪府	東大阪市	山手町（２０１７、２０１８、２０２７、２０２８番地）
大阪府	東大阪市	弥生町
大阪府	東大阪市	横小路町
大阪府	東大阪市	横沼町
大阪府	東大阪市	横枕
大阪府	東大阪市	横枕西
大阪府	東大阪市	横枕南
大阪府	東大阪市	吉田
大阪府	東大阪市	吉田下島
大阪府	東大阪市	吉田本町
大阪府	東大阪市	吉原
大阪府	東大阪市	吉松
大阪府	東大阪市	六万寺町
大阪府	東大阪市	若江東町
大阪府	東大阪市	若江南町
大阪府	東大阪市	若江北町
大阪府	東大阪市	若江西新町
大阪府	東大阪市	若江本町
大阪府	東大阪市	若草町
大阪府	泉南市	兎田
大阪府	泉南市	岡田
大阪府	泉南市	男里
大阪府	泉南市	北野
大阪府	泉南市	新家
大阪府	泉南市	信達市場
大阪府	泉南市	信達岡中
大阪府	泉南市	信達大苗代
大阪府	泉南市	信達金熊寺
大阪府	泉南市	信達楠畑
大阪府	泉南市	信達葛畑
大阪府	泉南市	信達牧野
大阪府	泉南市	信達六尾
大阪府	泉南市	信達童子畑
大阪府	泉南市	泉州空港南
大阪府	泉南市	樽井
大阪府	泉南市	中小路
大阪府	泉南市	鳴滝
大阪府	泉南市	馬場
大阪府	泉南市	幡代
大阪府	泉南市	別所
大阪府	泉南市	りんくう南浜
大阪府	四條畷市	江瀬美町
大阪府	四條畷市	逢阪
大阪府	四條畷市	岡山（番地）
大阪府	四條畷市	岡山（丁目）
大阪府	四條畷市	岡山東
大阪府	四條畷市	上田原
大阪府	四條畷市	雁屋西町
大阪府	四條畷市	雁屋南町
大阪府	四條畷市	雁屋北町
大阪府	四條畷市	北出町
大阪府	四條畷市	清瀧
大阪府	四條畷市	清滝新町
大阪府	四條畷市	清滝中町
大阪府	四條畷市	米崎町
大阪府	四條畷市	さつきケ丘
大阪府	四條畷市	蔀屋新町
大阪府	四條畷市	蔀屋本町
大阪府	四條畷市	下田原
大阪府	四條畷市	砂
大阪府	四條畷市	田原台
大阪府	四條畷市	塚脇町
大阪府	四條畷市	中野（番地）
大阪府	四條畷市	中野（丁目）
大阪府	四條畷市	中野新町
大阪府	四條畷市	中野本町
大阪府	四條畷市	楠公
大阪府	四條畷市	西中野
大阪府	四條畷市	二丁通町
大阪府	四條畷市	美田町
大阪府	四條畷市	南野（番地）
大阪府	四條畷市	南野（丁目）
大阪府	四條畷市	緑風台
大阪府	交野市	青山
大阪府	交野市	天野が原町
大阪府	交野市	幾野
大阪府	交野市	梅が枝
大阪府	交野市	私市（丁目）
大阪府	交野市	私市（番地）
大阪府	交野市	私市山手
大阪府	交野市	私部（丁目）
大阪府	交野市	私部（番地）
大阪府	交野市	私部西
大阪府	交野市	私部南
大阪府	交野市	倉治（丁目）
大阪府	交野市	倉治（番地）
大阪府	交野市	郡津
大阪府	交野市	神宮寺
大阪府	交野市	寺（丁目）
大阪府	交野市	寺（番地）
大阪府	交野市	寺南野
大阪府	交野市	南星台
大阪府	交野市	東倉治
大阪府	交野市	藤が尾
大阪府	交野市	傍示
大阪府	交野市	星田（丁目）
大阪府	交野市	星田（番地）
大阪府	交野市	星田山手
大阪府	交野市	星田西
大阪府	交野市	星田北
大阪府	交野市	松塚
大阪府	交野市	妙見坂
大阪府	交野市	妙見東
大阪府	交野市	向井田
大阪府	交野市	森
大阪府	交野市	森南
大阪府	交野市	森北
大阪府	大阪狭山市	池尻自由丘
大阪府	大阪狭山市	池尻中
大阪府	大阪狭山市	池尻北
大阪府	大阪狭山市	池之原
大阪府	大阪狭山市	今熊
大阪府	大阪狭山市	岩室
大阪府	大阪狭山市	大野台
大阪府	大阪狭山市	大野中
大阪府	大阪狭山市	大野東
大阪府	大阪狭山市	大野西
大阪府	大阪狭山市	茱萸木
大阪府	大阪狭山市	金剛
大阪府	大阪狭山市	狭山
大阪府	大阪狭山市	西山台
大阪府	大阪狭山市	半田
大阪府	大阪狭山市	東池尻
大阪府	大阪狭山市	東茱萸木
大阪府	大阪狭山市	東野中
大阪府	大阪狭山市	東野東
大阪府	大阪狭山市	東野西
大阪府	大阪狭山市	山本中
大阪府	大阪狭山市	山本東
大阪府	大阪狭山市	山本南
大阪府	大阪狭山市	山本北
大阪府	阪南市	石田
大阪府	阪南市	和泉鳥取
大阪府	阪南市	尾崎町
大阪府	阪南市	貝掛
大阪府	阪南市	黒田
大阪府	阪南市	桑畑
大阪府	阪南市	光陽台
大阪府	阪南市	さつき台
大阪府	阪南市	自然田
大阪府	阪南市	下出
大阪府	阪南市	新町
大阪府	阪南市	淡輪
大阪府	阪南市	鳥取
大阪府	阪南市	鳥取中
大阪府	阪南市	鳥取三井
大阪府	阪南市	箱作
大阪府	阪南市	箱の浦
大阪府	阪南市	舞
大阪府	阪南市	緑ケ丘
大阪府	阪南市	南山中
大阪府	阪南市	桃の木台
大阪府	阪南市	山中渓
大阪府	三島郡島本町	青葉
大阪府	三島郡島本町	江川
大阪府	三島郡島本町	大沢
大阪府	三島郡島本町	桜井
大阪府	三島郡島本町	桜井台
大阪府	三島郡島本町	尺代
大阪府	三島郡島本町	高浜
大阪府	三島郡島本町	東大寺
大阪府	三島郡島本町	百山
大阪府	三島郡島本町	広瀬
大阪府	三島郡島本町	水無瀬
大阪府	三島郡島本町	山崎
大阪府	三島郡島本町	若山台
大阪府	豊能郡豊能町	川尻
大阪府	豊能郡豊能町	木代
大阪府	豊能郡豊能町	希望ケ丘
大阪府	豊能郡豊能町	切畑
大阪府	豊能郡豊能町	光風台
大阪府	豊能郡豊能町	新光風台
大阪府	豊能郡豊能町	高山
大阪府	豊能郡豊能町	寺田
大阪府	豊能郡豊能町	ときわ台
大阪府	豊能郡豊能町	野間口
大阪府	豊能郡豊能町	東ときわ台
大阪府	豊能郡豊能町	牧
大阪府	豊能郡豊能町	吉川
大阪府	豊能郡豊能町	余野
大阪府	豊能郡能勢町	稲地
大阪府	豊能郡能勢町	今西
大阪府	豊能郡能勢町	上杉
大阪府	豊能郡能勢町	大里
大阪府	豊能郡能勢町	柏原
大阪府	豊能郡能勢町	片山
大阪府	豊能郡能勢町	上田尻
大阪府	豊能郡能勢町	倉垣
大阪府	豊能郡能勢町	栗栖
大阪府	豊能郡能勢町	神山
大阪府	豊能郡能勢町	地黄
大阪府	豊能郡能勢町	下田尻
大阪府	豊能郡能勢町	下田
大阪府	豊能郡能勢町	宿野
大阪府	豊能郡能勢町	杉原
大阪府	豊能郡能勢町	垂水
大阪府	豊能郡能勢町	天王
大阪府	豊能郡能勢町	長谷
大阪府	豊能郡能勢町	野間稲地
大阪府	豊能郡能勢町	野間大原
大阪府	豊能郡能勢町	野間出野
大阪府	豊能郡能勢町	野間中
大阪府	豊能郡能勢町	野間西山
大阪府	豊能郡能勢町	平通
大阪府	豊能郡能勢町	平野
大阪府	豊能郡能勢町	森上
大阪府	豊能郡能勢町	山内
大阪府	豊能郡能勢町	山田
大阪府	豊能郡能勢町	山辺
大阪府	豊能郡能勢町	吉野
大阪府	泉北郡忠岡町	北出
大阪府	泉北郡忠岡町	高月南
大阪府	泉北郡忠岡町	高月北
大阪府	泉北郡忠岡町	忠岡中
大阪府	泉北郡忠岡町	忠岡東
大阪府	泉北郡忠岡町	忠岡南
大阪府	泉北郡忠岡町	忠岡北
大阪府	泉北郡忠岡町	新浜
大阪府	泉北郡忠岡町	馬瀬
大阪府	泉南郡熊取町	青葉台
大阪府	泉南郡熊取町	朝代西
大阪府	泉南郡熊取町	朝代東
大阪府	泉南郡熊取町	朝代台
大阪府	泉南郡熊取町	大久保
大阪府	泉南郡熊取町	大久保北
大阪府	泉南郡熊取町	大久保中
大阪府	泉南郡熊取町	大久保西
大阪府	泉南郡熊取町	大久保東
大阪府	泉南郡熊取町	大久保南
大阪府	泉南郡熊取町	大宮
大阪府	泉南郡熊取町	小垣内
大阪府	泉南郡熊取町	小谷
大阪府	泉南郡熊取町	小谷北
大阪府	泉南郡熊取町	小谷南
大阪府	泉南郡熊取町	希望が丘
大阪府	泉南郡熊取町	久保
大阪府	泉南郡熊取町	高田
大阪府	泉南郡熊取町	五門
大阪府	泉南郡熊取町	五門西
大阪府	泉南郡熊取町	五門東
大阪府	泉南郡熊取町	紺屋
大阪府	泉南郡熊取町	桜が丘
大阪府	泉南郡熊取町	五月ケ丘
大阪府	泉南郡熊取町	七山
大阪府	泉南郡熊取町	七山東
大阪府	泉南郡熊取町	七山西
大阪府	泉南郡熊取町	七山南
大阪府	泉南郡熊取町	七山北
大阪府	泉南郡熊取町	自由が丘
大阪府	泉南郡熊取町	新野田
大阪府	泉南郡熊取町	つばさが丘北
大阪府	泉南郡熊取町	つばさが丘西
大阪府	泉南郡熊取町	つばさが丘東
大阪府	泉南郡熊取町	東和苑
大阪府	泉南郡熊取町	長池
大阪府	泉南郡熊取町	成合東
大阪府	泉南郡熊取町	成合西
大阪府	泉南郡熊取町	成合南
大阪府	泉南郡熊取町	成合北
大阪府	泉南郡熊取町	野田
大阪府	泉南郡熊取町	美熊台
大阪府	泉南郡熊取町	南山の手台
大阪府	泉南郡熊取町	山の手台
大阪府	泉南郡熊取町	若葉
大阪府	泉南郡熊取町	和田
大阪府	泉南郡田尻町	嘉祥寺
大阪府	泉南郡田尻町	泉州空港中
大阪府	泉南郡田尻町	吉見
大阪府	泉南郡田尻町	りんくうポート南
大阪府	泉南郡田尻町	りんくうポート北
大阪府	泉南郡岬町	孝子
大阪府	泉南郡岬町	多奈川小島
大阪府	泉南郡岬町	多奈川谷川
大阪府	泉南郡岬町	多奈川東畑
大阪府	泉南郡岬町	多奈川西畑
大阪府	泉南郡岬町	淡輪
大阪府	泉南郡岬町	望海坂
大阪府	泉南郡岬町	深日
大阪府	南河内郡太子町	春日
大阪府	南河内郡太子町	聖和台
大阪府	南河内郡太子町	太子
大阪府	南河内郡太子町	畑
大阪府	南河内郡太子町	葉室
大阪府	南河内郡太子町	山田
大阪府	南河内郡河南町	一須賀
大阪府	南河内郡河南町	加納
大阪府	南河内郡河南町	上河内
大阪府	南河内郡河南町	寛弘寺
大阪府	南河内郡河南町	神山
大阪府	南河内郡河南町	さくら坂
大阪府	南河内郡河南町	さくら坂南
大阪府	南河内郡河南町	下河内
大阪府	南河内郡河南町	白木
大阪府	南河内郡河南町	鈴美台
大阪府	南河内郡河南町	芹生谷
大阪府	南河内郡河南町	大ケ塚
大阪府	南河内郡河南町	大宝
大阪府	南河内郡河南町	寺田
大阪府	南河内郡河南町	中
大阪府	南河内郡河南町	葉室
大阪府	南河内郡河南町	東山
大阪府	南河内郡河南町	平石
大阪府	南河内郡河南町	弘川
大阪府	南河内郡河南町	馬谷
大阪府	南河内郡河南町	持尾
大阪府	南河内郡河南町	山城
大阪府	南河内郡千早赤阪村	東阪
大阪府	南河内郡千早赤阪村	川野辺
大阪府	南河内郡千早赤阪村	桐山
大阪府	南河内郡千早赤阪村	小吹
大阪府	南河内郡千早赤阪村	水分
大阪府	南河内郡千早赤阪村	千早
大阪府	南河内郡千早赤阪村	中津原
大阪府	南河内郡千早赤阪村	二河原辺
大阪府	南河内郡千早赤阪村	森屋
大阪府	南河内郡千早赤阪村	吉年
