都道府県	市区町村	町名
兵庫県	神戸市東灘区	魚崎中町
兵庫県	神戸市東灘区	魚崎西町
兵庫県	神戸市東灘区	魚崎南町
兵庫県	神戸市東灘区	魚崎北町
兵庫県	神戸市東灘区	魚崎浜町
兵庫県	神戸市東灘区	渦森台
兵庫県	神戸市東灘区	青木
兵庫県	神戸市東灘区	岡本
兵庫県	神戸市東灘区	鴨子ケ原
兵庫県	神戸市東灘区	北青木
兵庫県	神戸市東灘区	甲南台
兵庫県	神戸市東灘区	甲南町
兵庫県	神戸市東灘区	向洋町中
兵庫県	神戸市東灘区	向洋町東
兵庫県	神戸市東灘区	向洋町西
兵庫県	神戸市東灘区	住吉台
兵庫県	神戸市東灘区	住吉浜町
兵庫県	神戸市東灘区	住吉本町
兵庫県	神戸市東灘区	住吉東町
兵庫県	神戸市東灘区	住吉南町
兵庫県	神戸市東灘区	住吉宮町
兵庫県	神戸市東灘区	住吉山手
兵庫県	神戸市東灘区	田中町
兵庫県	神戸市東灘区	西岡本
兵庫県	神戸市東灘区	深江浜町
兵庫県	神戸市東灘区	深江本町
兵庫県	神戸市東灘区	深江南町
兵庫県	神戸市東灘区	深江北町
兵庫県	神戸市東灘区	本庄町
兵庫県	神戸市東灘区	御影
兵庫県	神戸市東灘区	御影石町
兵庫県	神戸市東灘区	御影郡家
兵庫県	神戸市東灘区	御影塚町
兵庫県	神戸市東灘区	御影中町
兵庫県	神戸市東灘区	御影浜町
兵庫県	神戸市東灘区	御影本町
兵庫県	神戸市東灘区	御影山手
兵庫県	神戸市東灘区	本山北町
兵庫県	神戸市東灘区	本山町岡本
兵庫県	神戸市東灘区	本山町北畑
兵庫県	神戸市東灘区	本山町田中
兵庫県	神戸市東灘区	本山町田辺
兵庫県	神戸市東灘区	本山町森（７４８－１番地）
兵庫県	神戸市東灘区	本山中町
兵庫県	神戸市東灘区	本山南町
兵庫県	神戸市東灘区	森北町
兵庫県	神戸市東灘区	森南町
兵庫県	神戸市灘区	青谷町
兵庫県	神戸市灘区	赤坂通
兵庫県	神戸市灘区	赤松町
兵庫県	神戸市灘区	天城通
兵庫県	神戸市灘区	泉通
兵庫県	神戸市灘区	一王山町
兵庫県	神戸市灘区	岩屋
兵庫県	神戸市灘区	岩屋北町
兵庫県	神戸市灘区	岩屋中町
兵庫県	神戸市灘区	岩屋南町
兵庫県	神戸市灘区	上野（小ヤバ三ノ休原）
兵庫県	神戸市灘区	上野通
兵庫県	神戸市灘区	烏帽子町
兵庫県	神戸市灘区	王子町
兵庫県	神戸市灘区	大石北町
兵庫県	神戸市灘区	大石東町
兵庫県	神戸市灘区	大石南町
兵庫県	神戸市灘区	大内通
兵庫県	神戸市灘区	大月台
兵庫県	神戸市灘区	大土平町
兵庫県	神戸市灘区	上河原通
兵庫県	神戸市灘区	神ノ木通
兵庫県	神戸市灘区	神前町
兵庫県	神戸市灘区	岸地通
兵庫県	神戸市灘区	記田町
兵庫県	神戸市灘区	楠丘町
兵庫県	神戸市灘区	国玉通
兵庫県	神戸市灘区	倉石通
兵庫県	神戸市灘区	高徳町
兵庫県	神戸市灘区	五毛
兵庫県	神戸市灘区	五毛通
兵庫県	神戸市灘区	桜ケ丘町
兵庫県	神戸市灘区	桜口町
兵庫県	神戸市灘区	鹿ノ下通
兵庫県	神戸市灘区	篠原伯母野山町
兵庫県	神戸市灘区	篠原北町
兵庫県	神戸市灘区	篠原台
兵庫県	神戸市灘区	篠原中町
兵庫県	神戸市灘区	篠原本町
兵庫県	神戸市灘区	篠原南町
兵庫県	神戸市灘区	篠原（その他）
兵庫県	神戸市灘区	下河原通
兵庫県	神戸市灘区	将軍通
兵庫県	神戸市灘区	城内通
兵庫県	神戸市灘区	城の下通
兵庫県	神戸市灘区	新在家南町
兵庫県	神戸市灘区	新在家北町
兵庫県	神戸市灘区	水車新田
兵庫県	神戸市灘区	水道筋
兵庫県	神戸市灘区	千旦通
兵庫県	神戸市灘区	曾和町
兵庫県	神戸市灘区	高尾通
兵庫県	神戸市灘区	高羽
兵庫県	神戸市灘区	高羽町
兵庫県	神戸市灘区	土山町
兵庫県	神戸市灘区	鶴甲
兵庫県	神戸市灘区	寺口町
兵庫県	神戸市灘区	徳井町
兵庫県	神戸市灘区	友田町
兵庫県	神戸市灘区	中郷町
兵庫県	神戸市灘区	中原通
兵庫県	神戸市灘区	永手町
兵庫県	神戸市灘区	長峰台
兵庫県	神戸市灘区	灘北通
兵庫県	神戸市灘区	灘浜町
兵庫県	神戸市灘区	灘浜東町
兵庫県	神戸市灘区	灘南通
兵庫県	神戸市灘区	畑原（ノタ山）
兵庫県	神戸市灘区	畑原通
兵庫県	神戸市灘区	浜田町
兵庫県	神戸市灘区	原田
兵庫県	神戸市灘区	原田通
兵庫県	神戸市灘区	稗原町
兵庫県	神戸市灘区	日尾町
兵庫県	神戸市灘区	琵琶町
兵庫県	神戸市灘区	備後町
兵庫県	神戸市灘区	深田町
兵庫県	神戸市灘区	福住通
兵庫県	神戸市灘区	船寺通
兵庫県	神戸市灘区	摩耶海岸通
兵庫県	神戸市灘区	摩耶山
兵庫県	神戸市灘区	摩耶山町
兵庫県	神戸市灘区	摩耶埠頭
兵庫県	神戸市灘区	味泥町
兵庫県	神戸市灘区	箕岡通
兵庫県	神戸市灘区	都通
兵庫県	神戸市灘区	宮山町
兵庫県	神戸市灘区	森後町
兵庫県	神戸市灘区	薬師通
兵庫県	神戸市灘区	八幡町
兵庫県	神戸市灘区	山田町
兵庫県	神戸市灘区	大和町
兵庫県	神戸市灘区	弓木町
兵庫県	神戸市灘区	六甲山町
兵庫県	神戸市灘区	六甲台町
兵庫県	神戸市灘区	六甲町
兵庫県	神戸市兵庫区	芦原通
兵庫県	神戸市兵庫区	荒田町
兵庫県	神戸市兵庫区	石井町
兵庫県	神戸市兵庫区	磯之町
兵庫県	神戸市兵庫区	今出在家町
兵庫県	神戸市兵庫区	入江通
兵庫県	神戸市兵庫区	梅元町
兵庫県	神戸市兵庫区	永沢町
兵庫県	神戸市兵庫区	駅前通
兵庫県	神戸市兵庫区	駅南通
兵庫県	神戸市兵庫区	会下山町
兵庫県	神戸市兵庫区	大井通
兵庫県	神戸市兵庫区	小河通
兵庫県	神戸市兵庫区	笠松通
兵庫県	神戸市兵庫区	鍛冶屋町
兵庫県	神戸市兵庫区	上祇園町
兵庫県	神戸市兵庫区	上沢通
兵庫県	神戸市兵庫区	上三条町
兵庫県	神戸市兵庫区	上庄通
兵庫県	神戸市兵庫区	烏原町
兵庫県	神戸市兵庫区	神田町
兵庫県	神戸市兵庫区	菊水町
兵庫県	神戸市兵庫区	北逆瀬川町
兵庫県	神戸市兵庫区	北山町
兵庫県	神戸市兵庫区	切戸町
兵庫県	神戸市兵庫区	金平町
兵庫県	神戸市兵庫区	楠谷町
兵庫県	神戸市兵庫区	熊野町
兵庫県	神戸市兵庫区	御所通
兵庫県	神戸市兵庫区	五宮町
兵庫県	神戸市兵庫区	小松通
兵庫県	神戸市兵庫区	小山町
兵庫県	神戸市兵庫区	材木町
兵庫県	神戸市兵庫区	里山町
兵庫県	神戸市兵庫区	佐比江町
兵庫県	神戸市兵庫区	山王町
兵庫県	神戸市兵庫区	七宮町
兵庫県	神戸市兵庫区	島上町
兵庫県	神戸市兵庫区	清水町
兵庫県	神戸市兵庫区	下祇園町
兵庫県	神戸市兵庫区	下沢通
兵庫県	神戸市兵庫区	下三条町
兵庫県	神戸市兵庫区	新開地
兵庫県	神戸市兵庫区	神明町
兵庫県	神戸市兵庫区	須佐野通
兵庫県	神戸市兵庫区	大同町
兵庫県	神戸市兵庫区	高松町
兵庫県	神戸市兵庫区	滝山町
兵庫県	神戸市兵庫区	大開通
兵庫県	神戸市兵庫区	千鳥町
兵庫県	神戸市兵庫区	塚本通
兵庫県	神戸市兵庫区	築地町
兵庫県	神戸市兵庫区	都由乃町
兵庫県	神戸市兵庫区	出在家町
兵庫県	神戸市兵庫区	天王町
兵庫県	神戸市兵庫区	遠矢浜町
兵庫県	神戸市兵庫区	中之島
兵庫県	神戸市兵庫区	中道通
兵庫県	神戸市兵庫区	西上橘通
兵庫県	神戸市兵庫区	西橘通
兵庫県	神戸市兵庫区	西多聞通
兵庫県	神戸市兵庫区	西出町
兵庫県	神戸市兵庫区	西仲町
兵庫県	神戸市兵庫区	西宮内町
兵庫県	神戸市兵庫区	西柳原町
兵庫県	神戸市兵庫区	羽坂通
兵庫県	神戸市兵庫区	馬場町
兵庫県	神戸市兵庫区	浜崎通
兵庫県	神戸市兵庫区	浜中町
兵庫県	神戸市兵庫区	浜山通
兵庫県	神戸市兵庫区	東出町
兵庫県	神戸市兵庫区	東柳原町
兵庫県	神戸市兵庫区	東山町
兵庫県	神戸市兵庫区	氷室町
兵庫県	神戸市兵庫区	兵庫町
兵庫県	神戸市兵庫区	鵯越筋
兵庫県	神戸市兵庫区	鵯越町
兵庫県	神戸市兵庫区	平野町
兵庫県	神戸市兵庫区	福原町
兵庫県	神戸市兵庫区	船大工町
兵庫県	神戸市兵庫区	本町
兵庫県	神戸市兵庫区	松原通
兵庫県	神戸市兵庫区	松本通
兵庫県	神戸市兵庫区	三川口町
兵庫県	神戸市兵庫区	御崎町
兵庫県	神戸市兵庫区	御崎本町
兵庫県	神戸市兵庫区	水木通
兵庫県	神戸市兵庫区	三石通
兵庫県	神戸市兵庫区	湊川町
兵庫県	神戸市兵庫区	湊町
兵庫県	神戸市兵庫区	湊山町
兵庫県	神戸市兵庫区	南逆瀬川町
兵庫県	神戸市兵庫区	南仲町
兵庫県	神戸市兵庫区	明和通
兵庫県	神戸市兵庫区	門口町
兵庫県	神戸市兵庫区	矢部町
兵庫県	神戸市兵庫区	雪御所町
兵庫県	神戸市兵庫区	夢野町
兵庫県	神戸市兵庫区	吉田町
兵庫県	神戸市兵庫区	和田崎町
兵庫県	神戸市兵庫区	和田宮通
兵庫県	神戸市兵庫区	和田山通
兵庫県	神戸市長田区	池田上町
兵庫県	神戸市長田区	池田経町
兵庫県	神戸市長田区	池田塩町
兵庫県	神戸市長田区	池田新町
兵庫県	神戸市長田区	池田惣町
兵庫県	神戸市長田区	池田寺町
兵庫県	神戸市長田区	池田広町
兵庫県	神戸市長田区	池田宮町
兵庫県	神戸市長田区	池田谷町
兵庫県	神戸市長田区	一番町
兵庫県	神戸市長田区	一里山町
兵庫県	神戸市長田区	鶯町
兵庫県	神戸市長田区	腕塚町
兵庫県	神戸市長田区	梅ケ香町
兵庫県	神戸市長田区	大谷町
兵庫県	神戸市長田区	大塚町
兵庫県	神戸市長田区	大橋町
兵庫県	神戸市長田区	大道通
兵庫県	神戸市長田区	重池町
兵庫県	神戸市長田区	御屋敷通
兵庫県	神戸市長田区	海運町
兵庫県	神戸市長田区	神楽町
兵庫県	神戸市長田区	片山町
兵庫県	神戸市長田区	上池田
兵庫県	神戸市長田区	苅藻島町
兵庫県	神戸市長田区	苅藻通
兵庫県	神戸市長田区	川西通
兵庫県	神戸市長田区	北町
兵庫県	神戸市長田区	久保町
兵庫県	神戸市長田区	源平町
兵庫県	神戸市長田区	五位ノ池町
兵庫県	神戸市長田区	高東町
兵庫県	神戸市長田区	五番町
兵庫県	神戸市長田区	駒栄町
兵庫県	神戸市長田区	駒ケ林町
兵庫県	神戸市長田区	駒ケ林南町
兵庫県	神戸市長田区	三番町
兵庫県	神戸市長田区	鹿松町
兵庫県	神戸市長田区	庄田町
兵庫県	神戸市長田区	庄山町
兵庫県	神戸市長田区	菅原通
兵庫県	神戸市長田区	大丸町
兵庫県	神戸市長田区	高取山町
兵庫県	神戸市長田区	滝谷町
兵庫県	神戸市長田区	大日丘町
兵庫県	神戸市長田区	長者町
兵庫県	神戸市長田区	寺池町
兵庫県	神戸市長田区	戸崎通
兵庫県	神戸市長田区	長尾町
兵庫県	神戸市長田区	長田町
兵庫県	神戸市長田区	長田天神町
兵庫県	神戸市長田区	長楽町
兵庫県	神戸市長田区	名倉町
兵庫県	神戸市長田区	七番町
兵庫県	神戸市長田区	浪松町
兵庫県	神戸市長田区	西尻池町
兵庫県	神戸市長田区	西代通
兵庫県	神戸市長田区	西丸山町
兵庫県	神戸市長田区	西山町
兵庫県	神戸市長田区	二番町
兵庫県	神戸市長田区	野田町
兵庫県	神戸市長田区	萩乃町
兵庫県	神戸市長田区	蓮池町
兵庫県	神戸市長田区	蓮宮通
兵庫県	神戸市長田区	花山町
兵庫県	神戸市長田区	浜添通
兵庫県	神戸市長田区	林山町
兵庫県	神戸市長田区	檜川町
兵庫県	神戸市長田区	東尻池新町
兵庫県	神戸市長田区	東尻池町
兵庫県	神戸市長田区	東丸山町
兵庫県	神戸市長田区	雲雀ケ丘
兵庫県	神戸市長田区	日吉町
兵庫県	神戸市長田区	二葉町
兵庫県	神戸市長田区	平和台町
兵庫県	神戸市長田区	房王寺町
兵庫県	神戸市長田区	細田町
兵庫県	神戸市長田区	堀切町
兵庫県	神戸市長田区	本庄町
兵庫県	神戸市長田区	前原町
兵庫県	神戸市長田区	松野通
兵庫県	神戸市長田区	真野町
兵庫県	神戸市長田区	丸山町
兵庫県	神戸市長田区	御蔵通
兵庫県	神戸市長田区	水笠通
兵庫県	神戸市長田区	南駒栄町
兵庫県	神戸市長田区	御船通
兵庫県	神戸市長田区	宮丘町
兵庫県	神戸市長田区	宮川町
兵庫県	神戸市長田区	明泉寺町
兵庫県	神戸市長田区	山下町
兵庫県	神戸市長田区	四番町
兵庫県	神戸市長田区	六番町
兵庫県	神戸市長田区	若松町
兵庫県	神戸市須磨区	青葉町
兵庫県	神戸市須磨区	磯馴町
兵庫県	神戸市須磨区	板宿町
兵庫県	神戸市須磨区	一ノ谷町
兵庫県	神戸市須磨区	稲葉町
兵庫県	神戸市須磨区	永楽町
兵庫県	神戸市須磨区	戎町
兵庫県	神戸市須磨区	大池町
兵庫県	神戸市須磨区	大田町
兵庫県	神戸市須磨区	大手
兵庫県	神戸市須磨区	大手町
兵庫県	神戸市須磨区	奥山畑町
兵庫県	神戸市須磨区	神の谷
兵庫県	神戸市須磨区	上細沢町
兵庫県	神戸市須磨区	川上町
兵庫県	神戸市須磨区	菊池町
兵庫県	神戸市須磨区	北落合
兵庫県	神戸市須磨区	北町
兵庫県	神戸市須磨区	衣掛町
兵庫県	神戸市須磨区	車
兵庫県	神戸市須磨区	小寺町
兵庫県	神戸市須磨区	権現町
兵庫県	神戸市須磨区	桜木町
兵庫県	神戸市須磨区	桜の杜
兵庫県	神戸市須磨区	潮見台町
兵庫県	神戸市須磨区	清水台
兵庫県	神戸市須磨区	白川
兵庫県	神戸市須磨区	白川台
兵庫県	神戸市須磨区	神撫町
兵庫県	神戸市須磨区	菅の台
兵庫県	神戸市須磨区	須磨浦通
兵庫県	神戸市須磨区	須磨寺町
兵庫県	神戸市須磨区	須磨本町
兵庫県	神戸市須磨区	関守町
兵庫県	神戸市須磨区	禅昌寺町
兵庫県	神戸市須磨区	外浜町
兵庫県	神戸市須磨区	大黒町
兵庫県	神戸市須磨区	多井畑
兵庫県	神戸市須磨区	多井畑東町
兵庫県	神戸市須磨区	多井畑南町
兵庫県	神戸市須磨区	高尾台
兵庫県	神戸市須磨区	高倉台
兵庫県	神戸市須磨区	高倉町
兵庫県	神戸市須磨区	鷹取町
兵庫県	神戸市須磨区	千歳町
兵庫県	神戸市須磨区	千守町
兵庫県	神戸市須磨区	月見山町
兵庫県	神戸市須磨区	月見山本町
兵庫県	神戸市須磨区	寺田町
兵庫県	神戸市須磨区	天神町
兵庫県	神戸市須磨区	道正台
兵庫県	神戸市須磨区	常盤町
兵庫県	神戸市須磨区	飛松町
兵庫県	神戸市須磨区	戸政町
兵庫県	神戸市須磨区	友が丘
兵庫県	神戸市須磨区	中落合
兵庫県	神戸市須磨区	中島町
兵庫県	神戸市須磨区	西落合
兵庫県	神戸市須磨区	西須磨
兵庫県	神戸市須磨区	東落合
兵庫県	神戸市須磨区	東白川台
兵庫県	神戸市須磨区	東須磨
兵庫県	神戸市須磨区	東町
兵庫県	神戸市須磨区	平田町
兵庫県	神戸市須磨区	古川町
兵庫県	神戸市須磨区	宝田町
兵庫県	神戸市須磨区	堀池町
兵庫県	神戸市須磨区	前池町
兵庫県	神戸市須磨区	松風町
兵庫県	神戸市須磨区	水野町
兵庫県	神戸市須磨区	緑が丘
兵庫県	神戸市須磨区	緑台
兵庫県	神戸市須磨区	南落合
兵庫県	神戸市須磨区	南町
兵庫県	神戸市須磨区	行幸町
兵庫県	神戸市須磨区	明神町
兵庫県	神戸市須磨区	妙法寺
兵庫県	神戸市須磨区	村雨町
兵庫県	神戸市須磨区	弥栄台
兵庫県	神戸市須磨区	行平町
兵庫県	神戸市須磨区	養老町
兵庫県	神戸市須磨区	横尾
兵庫県	神戸市須磨区	離宮西町
兵庫県	神戸市須磨区	離宮前町
兵庫県	神戸市須磨区	竜が台
兵庫県	神戸市須磨区	若木町
兵庫県	神戸市須磨区	若草町
兵庫県	神戸市須磨区	若宮町
兵庫県	神戸市垂水区	青山台
兵庫県	神戸市垂水区	朝谷町
兵庫県	神戸市垂水区	旭が丘
兵庫県	神戸市垂水区	泉が丘
兵庫県	神戸市垂水区	歌敷山
兵庫県	神戸市垂水区	王居殿
兵庫県	神戸市垂水区	大町
兵庫県	神戸市垂水区	乙木
兵庫県	神戸市垂水区	海岸通
兵庫県	神戸市垂水区	霞ケ丘
兵庫県	神戸市垂水区	上高丸
兵庫県	神戸市垂水区	狩口台
兵庫県	神戸市垂水区	川原
兵庫県	神戸市垂水区	神田町
兵庫県	神戸市垂水区	北舞子
兵庫県	神戸市垂水区	陸ノ町
兵庫県	神戸市垂水区	向陽
兵庫県	神戸市垂水区	小束台
兵庫県	神戸市垂水区	小束台東
兵庫県	神戸市垂水区	小束山
兵庫県	神戸市垂水区	小束山手
兵庫県	神戸市垂水区	小束山本町
兵庫県	神戸市垂水区	五色山
兵庫県	神戸市垂水区	御霊町
兵庫県	神戸市垂水区	坂上
兵庫県	神戸市垂水区	潮見が丘
兵庫県	神戸市垂水区	塩屋北町
兵庫県	神戸市垂水区	塩屋台
兵庫県	神戸市垂水区	塩屋町
兵庫県	神戸市垂水区	清水が丘
兵庫県	神戸市垂水区	清水通
兵庫県	神戸市垂水区	下畑町
兵庫県	神戸市垂水区	松風台
兵庫県	神戸市垂水区	城が山
兵庫県	神戸市垂水区	神陵台
兵庫県	神戸市垂水区	神和台
兵庫県	神戸市垂水区	清玄町
兵庫県	神戸市垂水区	星陵台
兵庫県	神戸市垂水区	高丸
兵庫県	神戸市垂水区	多聞台
兵庫県	神戸市垂水区	多聞町
兵庫県	神戸市垂水区	千鳥が丘
兵庫県	神戸市垂水区	千代が丘
兵庫県	神戸市垂水区	つつじが丘
兵庫県	神戸市垂水区	天ノ下町
兵庫県	神戸市垂水区	仲田
兵庫県	神戸市垂水区	中道
兵庫県	神戸市垂水区	西舞子
兵庫県	神戸市垂水区	西脇
兵庫県	神戸市垂水区	野田通
兵庫県	神戸市垂水区	馬場通
兵庫県	神戸市垂水区	東垂水
兵庫県	神戸市垂水区	東垂水町
兵庫県	神戸市垂水区	東舞子町
兵庫県	神戸市垂水区	日向
兵庫県	神戸市垂水区	平磯
兵庫県	神戸市垂水区	福田
兵庫県	神戸市垂水区	星が丘
兵庫県	神戸市垂水区	本多聞
兵庫県	神戸市垂水区	舞子坂
兵庫県	神戸市垂水区	舞子台
兵庫県	神戸市垂水区	舞多聞西
兵庫県	神戸市垂水区	舞多聞東
兵庫県	神戸市垂水区	学が丘
兵庫県	神戸市垂水区	瑞ケ丘
兵庫県	神戸市垂水区	みずき台
兵庫県	神戸市垂水区	瑞穂通
兵庫県	神戸市垂水区	南多聞台
兵庫県	神戸市垂水区	美山台
兵庫県	神戸市垂水区	宮本町
兵庫県	神戸市垂水区	名谷町
兵庫県	神戸市垂水区	桃山台
兵庫県	神戸市垂水区	山手
兵庫県	神戸市北区	青葉台
兵庫県	神戸市北区	赤松台
兵庫県	神戸市北区	有野台
兵庫県	神戸市北区	有野町有野
兵庫県	神戸市北区	有野町唐櫃
兵庫県	神戸市北区	有野町二郎
兵庫県	神戸市北区	有野中町
兵庫県	神戸市北区	有馬町
兵庫県	神戸市北区	泉台
兵庫県	神戸市北区	淡河町淡河
兵庫県	神戸市北区	淡河町勝雄
兵庫県	神戸市北区	淡河町北僧尾
兵庫県	神戸市北区	淡河町北畑
兵庫県	神戸市北区	淡河町木津
兵庫県	神戸市北区	淡河町行原
兵庫県	神戸市北区	淡河町神田
兵庫県	神戸市北区	淡河町中山
兵庫県	神戸市北区	淡河町野瀬
兵庫県	神戸市北区	淡河町萩原
兵庫県	神戸市北区	淡河町東畑
兵庫県	神戸市北区	淡河町神影
兵庫県	神戸市北区	淡河町南僧尾
兵庫県	神戸市北区	大池見山台
兵庫県	神戸市北区	大沢町市原
兵庫県	神戸市北区	大沢町上大沢
兵庫県	神戸市北区	大沢町神付
兵庫県	神戸市北区	大沢町簾
兵庫県	神戸市北区	大沢町中大沢
兵庫県	神戸市北区	大沢町日西原
兵庫県	神戸市北区	大原
兵庫県	神戸市北区	大脇台
兵庫県	神戸市北区	小倉台
兵庫県	神戸市北区	柏尾台
兵庫県	神戸市北区	桂木
兵庫県	神戸市北区	鹿の子台南町
兵庫県	神戸市北区	鹿の子台北町
兵庫県	神戸市北区	唐櫃台
兵庫県	神戸市北区	唐櫃六甲台
兵庫県	神戸市北区	北五葉
兵庫県	神戸市北区	君影町
兵庫県	神戸市北区	京地
兵庫県	神戸市北区	甲栄台
兵庫県	神戸市北区	上津台
兵庫県	神戸市北区	幸陽町
兵庫県	神戸市北区	広陵町
兵庫県	神戸市北区	桜森町
兵庫県	神戸市北区	しあわせの村
兵庫県	神戸市北区	菖蒲が丘
兵庫県	神戸市北区	杉尾台
兵庫県	神戸市北区	鈴蘭台東町
兵庫県	神戸市北区	鈴蘭台西町
兵庫県	神戸市北区	鈴蘭台南町
兵庫県	神戸市北区	鈴蘭台北町
兵庫県	神戸市北区	星和台
兵庫県	神戸市北区	惣山町
兵庫県	神戸市北区	谷上東町
兵庫県	神戸市北区	谷上西町
兵庫県	神戸市北区	谷上南町
兵庫県	神戸市北区	筑紫が丘
兵庫県	神戸市北区	道場町日下部
兵庫県	神戸市北区	道場町塩田
兵庫県	神戸市北区	道場町道場
兵庫県	神戸市北区	道場町平田
兵庫県	神戸市北区	道場町生野（１１７２番地）
兵庫県	神戸市北区	道場町生野（その他）
兵庫県	神戸市北区	中里町
兵庫県	神戸市北区	長尾町宅原
兵庫県	神戸市北区	長尾町上津
兵庫県	神戸市北区	鳴子
兵庫県	神戸市北区	西大池
兵庫県	神戸市北区	西山
兵庫県	神戸市北区	八多町上小名田
兵庫県	神戸市北区	八多町下小名田
兵庫県	神戸市北区	八多町附物
兵庫県	神戸市北区	八多町中
兵庫県	神戸市北区	八多町西畑
兵庫県	神戸市北区	八多町屏風
兵庫県	神戸市北区	八多町深谷
兵庫県	神戸市北区	八多町柳谷
兵庫県	神戸市北区	八多町吉尾
兵庫県	神戸市北区	花山台
兵庫県	神戸市北区	花山中尾台
兵庫県	神戸市北区	花山東町
兵庫県	神戸市北区	東有野台
兵庫県	神戸市北区	東大池
兵庫県	神戸市北区	日の峰
兵庫県	神戸市北区	ひよどり北町
兵庫県	神戸市北区	ひよどり台
兵庫県	神戸市北区	ひよどり台南町
兵庫県	神戸市北区	藤原台北町
兵庫県	神戸市北区	藤原台中町
兵庫県	神戸市北区	藤原台南町
兵庫県	神戸市北区	松が枝町
兵庫県	神戸市北区	松宮台
兵庫県	神戸市北区	緑町
兵庫県	神戸市北区	南五葉
兵庫県	神戸市北区	山田町藍那
兵庫県	神戸市北区	山田町小河
兵庫県	神戸市北区	山田町小部
兵庫県	神戸市北区	山田町大池
兵庫県	神戸市北区	山田町上谷上
兵庫県	神戸市北区	山田町坂本
兵庫県	神戸市北区	山田町下谷上（大上谷、修法ケ原、中一里山「９番地の４、１２番地を除く」、
兵庫県	神戸市北区	長尾山、再度公園）
兵庫県	神戸市北区	山田町下谷上（菊水山、高座川向、中一里山「９番地の４、１２番地」、
兵庫県	神戸市北区	念仏堂、ひよどり越）
兵庫県	神戸市北区	山田町下谷上（その他）
兵庫県	神戸市北区	山田町衝原
兵庫県	神戸市北区	山田町中
兵庫県	神戸市北区	山田町西下
兵庫県	神戸市北区	山田町原野
兵庫県	神戸市北区	山田町東下
兵庫県	神戸市北区	山田町福地
兵庫県	神戸市北区	山田町与左衛門新田
兵庫県	神戸市北区	山の街
兵庫県	神戸市北区	若葉台
兵庫県	神戸市中央区	相生町
兵庫県	神戸市中央区	明石町
兵庫県	神戸市中央区	旭通
兵庫県	神戸市中央区	吾妻通
兵庫県	神戸市中央区	生田町
兵庫県	神戸市中央区	磯上通
兵庫県	神戸市中央区	磯辺通
兵庫県	神戸市中央区	伊藤町
兵庫県	神戸市中央区	江戸町
兵庫県	神戸市中央区	小野柄通
兵庫県	神戸市中央区	小野浜町
兵庫県	神戸市中央区	海岸通
兵庫県	神戸市中央区	籠池通
兵庫県	神戸市中央区	加納町
兵庫県	神戸市中央区	上筒井通
兵庫県	神戸市中央区	神若通
兵庫県	神戸市中央区	北長狭通
兵庫県	神戸市中央区	北野町
兵庫県	神戸市中央区	北本町通
兵庫県	神戸市中央区	京町
兵庫県	神戸市中央区	楠町
兵庫県	神戸市中央区	国香通
兵庫県	神戸市中央区	雲井通
兵庫県	神戸市中央区	熊内町
兵庫県	神戸市中央区	熊内橋通
兵庫県	神戸市中央区	神戸空港
兵庫県	神戸市中央区	神戸港地方
兵庫県	神戸市中央区	御幸通
兵庫県	神戸市中央区	琴ノ緒町
兵庫県	神戸市中央区	古湊通
兵庫県	神戸市中央区	栄町通
兵庫県	神戸市中央区	坂口通
兵庫県	神戸市中央区	三宮町
兵庫県	神戸市中央区	東雲通
兵庫県	神戸市中央区	下山手通
兵庫県	神戸市中央区	新港町
兵庫県	神戸市中央区	神仙寺通
兵庫県	神戸市中央区	諏訪山町
兵庫県	神戸市中央区	大日通
兵庫県	神戸市中央区	橘通
兵庫県	神戸市中央区	多聞通
兵庫県	神戸市中央区	筒井町
兵庫県	神戸市中央区	中尾町
兵庫県	神戸市中央区	中島通
兵庫県	神戸市中央区	中町通
兵庫県	神戸市中央区	中山手通
兵庫県	神戸市中央区	浪花町
兵庫県	神戸市中央区	西町
兵庫県	神戸市中央区	二宮町
兵庫県	神戸市中央区	布引町
兵庫県	神戸市中央区	野崎通
兵庫県	神戸市中央区	旗塚通
兵庫県	神戸市中央区	八幡通
兵庫県	神戸市中央区	波止場町
兵庫県	神戸市中央区	花隈町
兵庫県	神戸市中央区	浜辺通
兵庫県	神戸市中央区	播磨町
兵庫県	神戸市中央区	東川崎町
兵庫県	神戸市中央区	東町
兵庫県	神戸市中央区	日暮通
兵庫県	神戸市中央区	葺合町
兵庫県	神戸市中央区	再度筋町
兵庫県	神戸市中央区	弁天町
兵庫県	神戸市中央区	前町
兵庫県	神戸市中央区	真砂通
兵庫県	神戸市中央区	港島
兵庫県	神戸市中央区	港島中町
兵庫県	神戸市中央区	港島南町
兵庫県	神戸市中央区	南本町通
兵庫県	神戸市中央区	宮本通
兵庫県	神戸市中央区	元町高架通
兵庫県	神戸市中央区	元町通
兵庫県	神戸市中央区	八雲通
兵庫県	神戸市中央区	山本通
兵庫県	神戸市中央区	若菜通
兵庫県	神戸市中央区	脇浜海岸通
兵庫県	神戸市中央区	脇浜町
兵庫県	神戸市中央区	割塚通
兵庫県	神戸市西区	秋葉台
兵庫県	神戸市西区	曙町
兵庫県	神戸市西区	天が岡
兵庫県	神戸市西区	伊川谷町有瀬
兵庫県	神戸市西区	伊川谷町井吹
兵庫県	神戸市西区	伊川谷町上脇
兵庫県	神戸市西区	伊川谷町小寺
兵庫県	神戸市西区	伊川谷町潤和
兵庫県	神戸市西区	伊川谷町前開
兵庫県	神戸市西区	伊川谷町長坂
兵庫県	神戸市西区	伊川谷町布施畑
兵庫県	神戸市西区	伊川谷町別府
兵庫県	神戸市西区	池上
兵庫県	神戸市西区	井吹台東町
兵庫県	神戸市西区	井吹台西町
兵庫県	神戸市西区	井吹台北町
兵庫県	神戸市西区	今寺
兵庫県	神戸市西区	岩岡町岩岡
兵庫県	神戸市西区	岩岡町印路
兵庫県	神戸市西区	岩岡町西脇
兵庫県	神戸市西区	岩岡町野中
兵庫県	神戸市西区	岩岡町古郷
兵庫県	神戸市西区	枝吉
兵庫県	神戸市西区	王塚台
兵庫県	神戸市西区	大沢
兵庫県	神戸市西区	大津和
兵庫県	神戸市西区	押部谷町押部
兵庫県	神戸市西区	押部谷町木津
兵庫県	神戸市西区	押部谷町近江
兵庫県	神戸市西区	押部谷町木見
兵庫県	神戸市西区	押部谷町木幡
兵庫県	神戸市西区	押部谷町細田
兵庫県	神戸市西区	押部谷町栄
兵庫県	神戸市西区	押部谷町高和
兵庫県	神戸市西区	押部谷町西盛
兵庫県	神戸市西区	押部谷町福住
兵庫県	神戸市西区	押部谷町養田
兵庫県	神戸市西区	押部谷町和田
兵庫県	神戸市西区	学園西町
兵庫県	神戸市西区	学園東町
兵庫県	神戸市西区	樫野台
兵庫県	神戸市西区	春日台
兵庫県	神戸市西区	上新地
兵庫県	神戸市西区	狩場台
兵庫県	神戸市西区	神出町五百蔵
兵庫県	神戸市西区	神出町池田
兵庫県	神戸市西区	神出町古神
兵庫県	神戸市西区	神出町小束野
兵庫県	神戸市西区	神出町田井
兵庫県	神戸市西区	神出町広谷
兵庫県	神戸市西区	神出町宝勢
兵庫県	神戸市西区	神出町紫合
兵庫県	神戸市西区	神出町勝成
兵庫県	神戸市西区	神出町東
兵庫県	神戸市西区	神出町南
兵庫県	神戸市西区	神出町北
兵庫県	神戸市西区	北別府
兵庫県	神戸市西区	北山台
兵庫県	神戸市西区	糀台
兵庫県	神戸市西区	小山
兵庫県	神戸市西区	桜が丘中町
兵庫県	神戸市西区	桜が丘東町
兵庫県	神戸市西区	桜が丘西町
兵庫県	神戸市西区	白水
兵庫県	神戸市西区	前開南町
兵庫県	神戸市西区	高雄台
兵庫県	神戸市西区	高塚台
兵庫県	神戸市西区	竹の台
兵庫県	神戸市西区	玉津町居住
兵庫県	神戸市西区	玉津町今津
兵庫県	神戸市西区	玉津町上池
兵庫県	神戸市西区	玉津町高津橋
兵庫県	神戸市西区	玉津町小山
兵庫県	神戸市西区	玉津町新方
兵庫県	神戸市西区	玉津町田中
兵庫県	神戸市西区	玉津町出合
兵庫県	神戸市西区	玉津町西河原
兵庫県	神戸市西区	玉津町二ツ屋
兵庫県	神戸市西区	玉津町丸塚
兵庫県	神戸市西区	玉津町水谷
兵庫県	神戸市西区	玉津町吉田
兵庫県	神戸市西区	月が丘
兵庫県	神戸市西区	天王山
兵庫県	神戸市西区	中野
兵庫県	神戸市西区	長畑町
兵庫県	神戸市西区	櫨谷町池谷
兵庫県	神戸市西区	櫨谷町菅野
兵庫県	神戸市西区	櫨谷町谷口
兵庫県	神戸市西区	櫨谷町寺谷
兵庫県	神戸市西区	櫨谷町栃木
兵庫県	神戸市西区	櫨谷町友清
兵庫県	神戸市西区	櫨谷町長谷
兵庫県	神戸市西区	櫨谷町福谷
兵庫県	神戸市西区	櫨谷町松本
兵庫県	神戸市西区	平野町印路
兵庫県	神戸市西区	平野町大野
兵庫県	神戸市西区	平野町大畑
兵庫県	神戸市西区	平野町堅田
兵庫県	神戸市西区	平野町黒田
兵庫県	神戸市西区	平野町慶明
兵庫県	神戸市西区	平野町繁田
兵庫県	神戸市西区	平野町芝崎
兵庫県	神戸市西区	平野町下村
兵庫県	神戸市西区	平野町常本
兵庫県	神戸市西区	平野町中津
兵庫県	神戸市西区	平野町西戸田
兵庫県	神戸市西区	平野町福中
兵庫県	神戸市西区	平野町宮前
兵庫県	神戸市西区	平野町向井
兵庫県	神戸市西区	福吉台
兵庫県	神戸市西区	富士見が丘
兵庫県	神戸市西区	二ツ屋
兵庫県	神戸市西区	丸塚
兵庫県	神戸市西区	美賀多台
兵庫県	神戸市西区	水谷
兵庫県	神戸市西区	見津が丘
兵庫県	神戸市西区	南別府
兵庫県	神戸市西区	美穂が丘
兵庫県	神戸市西区	宮下
兵庫県	神戸市西区	室谷
兵庫県	神戸市西区	持子
兵庫県	神戸市西区	森友
兵庫県	神戸市西区	竜が岡
兵庫県	神戸市西区	和井取
兵庫県	姫路市	相野
兵庫県	姫路市	青山
兵庫県	姫路市	青山西
兵庫県	姫路市	青山南
兵庫県	姫路市	青山北
兵庫県	姫路市	朝日町
兵庫県	姫路市	阿保
兵庫県	姫路市	網干区網干浜
兵庫県	姫路市	網干区大江島
兵庫県	姫路市	網干区大江島寺前町
兵庫県	姫路市	網干区大江島古川町
兵庫県	姫路市	網干区興浜
兵庫県	姫路市	網干区垣内中町
兵庫県	姫路市	網干区垣内東町
兵庫県	姫路市	網干区垣内西町
兵庫県	姫路市	網干区垣内南町
兵庫県	姫路市	網干区垣内北町
兵庫県	姫路市	網干区垣内本町
兵庫県	姫路市	網干区北新在家
兵庫県	姫路市	網干区坂上
兵庫県	姫路市	網干区坂出
兵庫県	姫路市	網干区新在家
兵庫県	姫路市	網干区田井
兵庫県	姫路市	網干区高田
兵庫県	姫路市	網干区津市場
兵庫県	姫路市	網干区浜田
兵庫県	姫路市	網干区福井
兵庫県	姫路市	網干区宮内
兵庫県	姫路市	網干区余子浜
兵庫県	姫路市	網干区和久
兵庫県	姫路市	嵐山町
兵庫県	姫路市	飯田
兵庫県	姫路市	家島町坊勢
兵庫県	姫路市	家島町真浦
兵庫県	姫路市	家島町宮
兵庫県	姫路市	生野町
兵庫県	姫路市	石倉
兵庫県	姫路市	市川台
兵庫県	姫路市	市川橋通
兵庫県	姫路市	市之郷
兵庫県	姫路市	市之郷町
兵庫県	姫路市	伊伝居
兵庫県	姫路市	威徳寺町
兵庫県	姫路市	井ノ口
兵庫県	姫路市	今宿
兵庫県	姫路市	岩端町
兵庫県	姫路市	魚町
兵庫県	姫路市	打越
兵庫県	姫路市	梅ケ枝町
兵庫県	姫路市	梅ケ谷町
兵庫県	姫路市	駅前町
兵庫県	姫路市	太市中
兵庫県	姫路市	大塩町
兵庫県	姫路市	大塩町汐咲
兵庫県	姫路市	大塩町宮前
兵庫県	姫路市	大津区恵美酒町
兵庫県	姫路市	大津区大津町
兵庫県	姫路市	大津区勘兵衛町
兵庫県	姫路市	大津区北天満町
兵庫県	姫路市	大津区吉美
兵庫県	姫路市	大津区新町
兵庫県	姫路市	大津区天神町
兵庫県	姫路市	大津区天満
兵庫県	姫路市	大津区長松
兵庫県	姫路市	大津区西土井
兵庫県	姫路市	大津区平松
兵庫県	姫路市	大津区真砂町
兵庫県	姫路市	大野町
兵庫県	姫路市	岡田
兵庫県	姫路市	岡町
兵庫県	姫路市	奥山
兵庫県	姫路市	柿山伏
兵庫県	姫路市	鍵町
兵庫県	姫路市	鍛冶町
兵庫県	姫路市	片田町
兵庫県	姫路市	刀出
兵庫県	姫路市	勝原区朝日谷
兵庫県	姫路市	勝原区大谷
兵庫県	姫路市	勝原区勝原町
兵庫県	姫路市	勝原区勝山町
兵庫県	姫路市	勝原区熊見
兵庫県	姫路市	勝原区下太田
兵庫県	姫路市	勝原区宮田
兵庫県	姫路市	勝原区山戸
兵庫県	姫路市	勝原区丁
兵庫県	姫路市	金屋町
兵庫県	姫路市	兼田
兵庫県	姫路市	上大野
兵庫県	姫路市	上片町
兵庫県	姫路市	上手野
兵庫県	姫路市	神屋町
兵庫県	姫路市	亀井町
兵庫県	姫路市	亀山
兵庫県	姫路市	川西台
兵庫県	姫路市	川西
兵庫県	姫路市	神田町
兵庫県	姫路市	北今宿
兵庫県	姫路市	北新在家
兵庫県	姫路市	北原
兵庫県	姫路市	北平野
兵庫県	姫路市	北平野奥垣内
兵庫県	姫路市	北平野台町
兵庫県	姫路市	北平野南の町
兵庫県	姫路市	北八代
兵庫県	姫路市	北夢前台（１丁目１～７７番地）
兵庫県	姫路市	北夢前台（その他）
兵庫県	姫路市	木場
兵庫県	姫路市	木場十八反町
兵庫県	姫路市	木場前中町
兵庫県	姫路市	木場前七反町
兵庫県	姫路市	京口町
兵庫県	姫路市	京町
兵庫県	姫路市	楠町
兵庫県	姫路市	久保町
兵庫県	姫路市	栗山町
兵庫県	姫路市	車崎
兵庫県	姫路市	景福寺前
兵庫県	姫路市	香寺町相坂
兵庫県	姫路市	香寺町犬飼
兵庫県	姫路市	香寺町岩部
兵庫県	姫路市	香寺町久畑
兵庫県	姫路市	香寺町香呂
兵庫県	姫路市	香寺町須加院
兵庫県	姫路市	香寺町田野
兵庫県	姫路市	香寺町恒屋
兵庫県	姫路市	香寺町中寺
兵庫県	姫路市	香寺町中仁野
兵庫県	姫路市	香寺町中村
兵庫県	姫路市	香寺町中屋
兵庫県	姫路市	香寺町野田
兵庫県	姫路市	香寺町土師
兵庫県	姫路市	香寺町広瀬
兵庫県	姫路市	香寺町溝口
兵庫県	姫路市	香寺町矢田部
兵庫県	姫路市	香寺町行重
兵庫県	姫路市	国府寺町
兵庫県	姫路市	五軒邸
兵庫県	姫路市	小姓町
兵庫県	姫路市	琴岡町
兵庫県	姫路市	古二階町
兵庫県	姫路市	河間町
兵庫県	姫路市	米屋町
兵庫県	姫路市	小利木町
兵庫県	姫路市	紺屋町
兵庫県	姫路市	呉服町
兵庫県	姫路市	五郎右衛門邸
兵庫県	姫路市	西庄
兵庫県	姫路市	材木町
兵庫県	姫路市	幸町
兵庫県	姫路市	堺町
兵庫県	姫路市	坂田町
兵庫県	姫路市	坂元町
兵庫県	姫路市	定元町
兵庫県	姫路市	三左衛門堀西の町
兵庫県	姫路市	三左衛門堀東の町
兵庫県	姫路市	三条町（１丁目）
兵庫県	姫路市	三条町（２丁目）
兵庫県	姫路市	塩町
兵庫県	姫路市	飾磨区英賀
兵庫県	姫路市	飾磨区英賀春日町
兵庫県	姫路市	飾磨区英賀清水町
兵庫県	姫路市	飾磨区英賀東町
兵庫県	姫路市	飾磨区英賀西町
兵庫県	姫路市	飾磨区英賀保駅前町
兵庫県	姫路市	飾磨区英賀宮台
兵庫県	姫路市	飾磨区英賀宮町
兵庫県	姫路市	飾磨区阿成
兵庫県	姫路市	飾磨区阿成植木
兵庫県	姫路市	飾磨区阿成鹿古
兵庫県	姫路市	飾磨区阿成下垣内
兵庫県	姫路市	飾磨区阿成中垣内
兵庫県	姫路市	飾磨区阿成渡場
兵庫県	姫路市	飾磨区今在家
兵庫県	姫路市	飾磨区今在家北
兵庫県	姫路市	飾磨区入船町
兵庫県	姫路市	飾磨区恵美酒
兵庫県	姫路市	飾磨区大浜
兵庫県	姫路市	飾磨区粕谷新町
兵庫県	姫路市	飾磨区構
兵庫県	姫路市	飾磨区鎌倉町
兵庫県	姫路市	飾磨区上野田
兵庫県	姫路市	飾磨区亀山
兵庫県	姫路市	飾磨区加茂
兵庫県	姫路市	飾磨区加茂北
兵庫県	姫路市	飾磨区加茂東
兵庫県	姫路市	飾磨区加茂南
兵庫県	姫路市	飾磨区御幸
兵庫県	姫路市	飾磨区栄町
兵庫県	姫路市	飾磨区三和町
兵庫県	姫路市	飾磨区思案橋
兵庫県	姫路市	飾磨区清水
兵庫県	姫路市	飾磨区下野田
兵庫県	姫路市	飾磨区城南町
兵庫県	姫路市	飾磨区須加
兵庫県	姫路市	飾磨区高町
兵庫県	姫路市	飾磨区蓼野町
兵庫県	姫路市	飾磨区玉地
兵庫県	姫路市	飾磨区付城
兵庫県	姫路市	飾磨区天神
兵庫県	姫路市	飾磨区都倉
兵庫県	姫路市	飾磨区中島
兵庫県	姫路市	飾磨区中野田
兵庫県	姫路市	飾磨区中浜町
兵庫県	姫路市	飾磨区西浜町
兵庫県	姫路市	飾磨区野田町
兵庫県	姫路市	飾磨区東堀
兵庫県	姫路市	飾磨区富士見ケ丘町
兵庫県	姫路市	飾磨区細江
兵庫県	姫路市	飾磨区堀川町
兵庫県	姫路市	飾磨区宮
兵庫県	姫路市	飾磨区三宅
兵庫県	姫路市	飾磨区妻鹿
兵庫県	姫路市	飾磨区妻鹿東海町
兵庫県	姫路市	飾磨区妻鹿常盤町
兵庫県	姫路市	飾磨区妻鹿日田町
兵庫県	姫路市	飾磨区矢倉町
兵庫県	姫路市	飾磨区山崎
兵庫県	姫路市	飾磨区山崎台
兵庫県	姫路市	飾磨区若宮町
兵庫県	姫路市	飾西
兵庫県	姫路市	飾西台
兵庫県	姫路市	飾東町大釜
兵庫県	姫路市	飾東町大釜新
兵庫県	姫路市	飾東町小原
兵庫県	姫路市	飾東町小原新
兵庫県	姫路市	飾東町唐端新
兵庫県	姫路市	飾東町北野
兵庫県	姫路市	飾東町北山
兵庫県	姫路市	飾東町清住
兵庫県	姫路市	飾東町佐良和
兵庫県	姫路市	飾東町塩崎
兵庫県	姫路市	飾東町志吹
兵庫県	姫路市	飾東町庄
兵庫県	姫路市	飾東町豊国
兵庫県	姫路市	飾東町八重畑
兵庫県	姫路市	飾東町山崎
兵庫県	姫路市	飾東町夕陽ケ丘
兵庫県	姫路市	四郷町明田
兵庫県	姫路市	四郷町上鈴
兵庫県	姫路市	四郷町坂元
兵庫県	姫路市	四郷町中鈴
兵庫県	姫路市	四郷町東阿保
兵庫県	姫路市	四郷町本郷
兵庫県	姫路市	四郷町見野
兵庫県	姫路市	四郷町山脇
兵庫県	姫路市	地内町
兵庫県	姫路市	東雲町
兵庫県	姫路市	忍町
兵庫県	姫路市	実法寺
兵庫県	姫路市	下手野
兵庫県	姫路市	下寺町
兵庫県	姫路市	十二所前町
兵庫県	姫路市	庄田
兵庫県	姫路市	城東町
兵庫県	姫路市	城東町京口台
兵庫県	姫路市	城東町五軒屋
兵庫県	姫路市	城東町清水
兵庫県	姫路市	城東町竹之門
兵庫県	姫路市	城東町中河原
兵庫県	姫路市	城東町野田
兵庫県	姫路市	城東町毘沙門
兵庫県	姫路市	城北新町
兵庫県	姫路市	城北本町
兵庫県	姫路市	書写
兵庫県	姫路市	書写台
兵庫県	姫路市	白国
兵庫県	姫路市	白浜町
兵庫県	姫路市	白浜町宇佐崎中
兵庫県	姫路市	白浜町宇佐崎南
兵庫県	姫路市	白浜町宇佐崎北
兵庫県	姫路市	白浜町神田
兵庫県	姫路市	白浜町寺家
兵庫県	姫路市	白浜町灘浜
兵庫県	姫路市	白銀町
兵庫県	姫路市	城見台
兵庫県	姫路市	城見町
兵庫県	姫路市	新在家
兵庫県	姫路市	新在家中の町
兵庫県	姫路市	新在家本町
兵庫県	姫路市	神和町
兵庫県	姫路市	菅生台
兵庫県	姫路市	総社本町
兵庫県	姫路市	大黒壱丁町
兵庫県	姫路市	大寿台
兵庫県	姫路市	大善町
兵庫県	姫路市	田井台
兵庫県	姫路市	高岡新町
兵庫県	姫路市	高尾町
兵庫県	姫路市	鷹匠町
兵庫県	姫路市	竹田町
兵庫県	姫路市	龍野町
兵庫県	姫路市	立町
兵庫県	姫路市	田寺
兵庫県	姫路市	田寺山手町
兵庫県	姫路市	田寺東
兵庫県	姫路市	玉手
兵庫県	姫路市	中地
兵庫県	姫路市	中地南町
兵庫県	姫路市	町田
兵庫県	姫路市	町坪
兵庫県	姫路市	町坪南町
兵庫県	姫路市	千代田町
兵庫県	姫路市	継
兵庫県	姫路市	佃町
兵庫県	姫路市	辻井
兵庫県	姫路市	土山
兵庫県	姫路市	土山東の町
兵庫県	姫路市	手柄
兵庫県	姫路市	天神町
兵庫県	姫路市	東郷町
兵庫県	姫路市	同心町
兵庫県	姫路市	豆腐町
兵庫県	姫路市	砥堀
兵庫県	姫路市	苫編
兵庫県	姫路市	苫編南
兵庫県	姫路市	豊沢町
兵庫県	姫路市	豊富町甲丘
兵庫県	姫路市	豊富町神谷
兵庫県	姫路市	豊富町豊富
兵庫県	姫路市	豊富町御蔭
兵庫県	姫路市	名古山町
兵庫県	姫路市	南条
兵庫県	姫路市	二階町
兵庫県	姫路市	西今宿
兵庫県	姫路市	西駅前町
兵庫県	姫路市	西新在家
兵庫県	姫路市	西新町
兵庫県	姫路市	西大寿台
兵庫県	姫路市	西中島
兵庫県	姫路市	西二階町
兵庫県	姫路市	西延末
兵庫県	姫路市	西八代町
兵庫県	姫路市	西夢前台
兵庫県	姫路市	西脇
兵庫県	姫路市	仁豊野
兵庫県	姫路市	農人町
兵庫県	姫路市	南畝町
兵庫県	姫路市	野里
兵庫県	姫路市	野里上野町
兵庫県	姫路市	野里慶雲寺前町
兵庫県	姫路市	野里新町
兵庫県	姫路市	野里大和町
兵庫県	姫路市	野里月丘町
兵庫県	姫路市	野里寺町
兵庫県	姫路市	野里中町
兵庫県	姫路市	野里東同心町
兵庫県	姫路市	野里東町
兵庫県	姫路市	野里堀留町
兵庫県	姫路市	延末
兵庫県	姫路市	白鳥台
兵庫県	姫路市	博労町
兵庫県	姫路市	橋之町
兵庫県	姫路市	花影町
兵庫県	姫路市	花田町一本松
兵庫県	姫路市	花田町小川
兵庫県	姫路市	花田町加納原田
兵庫県	姫路市	花田町上原田
兵庫県	姫路市	花田町高木
兵庫県	姫路市	花田町勅旨
兵庫県	姫路市	林田町大堤
兵庫県	姫路市	林田町奥佐見
兵庫県	姫路市	林田町上伊勢
兵庫県	姫路市	林田町下伊勢
兵庫県	姫路市	林田町上構
兵庫県	姫路市	林田町中構
兵庫県	姫路市	林田町下構
兵庫県	姫路市	林田町口佐見
兵庫県	姫路市	林田町久保
兵庫県	姫路市	林田町新町
兵庫県	姫路市	林田町中山下
兵庫県	姫路市	林田町林田
兵庫県	姫路市	林田町林谷
兵庫県	姫路市	林田町松山
兵庫県	姫路市	林田町六九谷
兵庫県	姫路市	林田町八幡
兵庫県	姫路市	林田町山田
兵庫県	姫路市	東今宿
兵庫県	姫路市	東駅前町
兵庫県	姫路市	東辻井
兵庫県	姫路市	東延末
兵庫県	姫路市	東山
兵庫県	姫路市	東夢前台
兵庫県	姫路市	日出町
兵庫県	姫路市	平野町
兵庫県	姫路市	広畑区吾妻町
兵庫県	姫路市	広畑区大町
兵庫県	姫路市	広畑区蒲田
兵庫県	姫路市	広畑区北河原町
兵庫県	姫路市	広畑区北野町
兵庫県	姫路市	広畑区京見町
兵庫県	姫路市	広畑区小坂
兵庫県	姫路市	広畑区小松町
兵庫県	姫路市	広畑区才
兵庫県	姫路市	広畑区清水町
兵庫県	姫路市	広畑区城山町
兵庫県	姫路市	広畑区末広町
兵庫県	姫路市	広畑区正門通
兵庫県	姫路市	広畑区高浜町
兵庫県	姫路市	広畑区鶴町
兵庫県	姫路市	広畑区長町
兵庫県	姫路市	広畑区西蒲田
兵庫県	姫路市	広畑区則直
兵庫県	姫路市	広畑区早瀬町
兵庫県	姫路市	広畑区東新町
兵庫県	姫路市	広畑区東夢前台
兵庫県	姫路市	広畑区西夢前台
兵庫県	姫路市	広畑区富士町
兵庫県	姫路市	広畑区本町
兵庫県	姫路市	広畑区夢前町
兵庫県	姫路市	広峰
兵庫県	姫路市	広嶺山
兵庫県	姫路市	福居町
兵庫県	姫路市	福沢町
兵庫県	姫路市	福中町
兵庫県	姫路市	福本町
兵庫県	姫路市	藤ケ台
兵庫県	姫路市	双葉町
兵庫県	姫路市	船丘町
兵庫県	姫路市	船津町
兵庫県	姫路市	船橋町
兵庫県	姫路市	別所町家具町
兵庫県	姫路市	別所町北宿
兵庫県	姫路市	別所町小林
兵庫県	姫路市	別所町佐土
兵庫県	姫路市	別所町佐土新
兵庫県	姫路市	別所町別所
兵庫県	姫路市	北条
兵庫県	姫路市	北条梅原町
兵庫県	姫路市	北条永良町
兵庫県	姫路市	北条宮の町
兵庫県	姫路市	北条口
兵庫県	姫路市	保城
兵庫県	姫路市	坊主町
兵庫県	姫路市	峰南町
兵庫県	姫路市	本町
兵庫県	姫路市	増位新町
兵庫県	姫路市	増位本町
兵庫県	姫路市	的形町福泊
兵庫県	姫路市	的形町的形
兵庫県	姫路市	丸尾町
兵庫県	姫路市	御国野町国分寺
兵庫県	姫路市	御国野町御着
兵庫県	姫路市	御国野町西御着
兵庫県	姫路市	御国野町深志野
兵庫県	姫路市	神子岡前
兵庫県	姫路市	御立中
兵庫県	姫路市	御立東
兵庫県	姫路市	御立西
兵庫県	姫路市	御立北
兵庫県	姫路市	緑台
兵庫県	姫路市	南今宿
兵庫県	姫路市	南駅前町
兵庫県	姫路市	南車崎
兵庫県	姫路市	南新在家
兵庫県	姫路市	南町
兵庫県	姫路市	南八代町
兵庫県	姫路市	宮上町
兵庫県	姫路市	宮西町
兵庫県	姫路市	睦町
兵庫県	姫路市	元塩町
兵庫県	姫路市	元町
兵庫県	姫路市	八家
兵庫県	姫路市	八木町
兵庫県	姫路市	八代
兵庫県	姫路市	八代東光寺町
兵庫県	姫路市	八代本町
兵庫県	姫路市	八代緑ケ丘町
兵庫県	姫路市	八代宮前町
兵庫県	姫路市	安田
兵庫県	姫路市	安富町安志
兵庫県	姫路市	安富町植木野
兵庫県	姫路市	安富町塩野
兵庫県	姫路市	安富町末広
兵庫県	姫路市	安富町瀬川
兵庫県	姫路市	安富町関
兵庫県	姫路市	安富町狭戸
兵庫県	姫路市	安富町杤原
兵庫県	姫路市	安富町長野
兵庫県	姫路市	安富町名坂
兵庫県	姫路市	安富町三坂
兵庫県	姫路市	安富町三森
兵庫県	姫路市	安富町皆河
兵庫県	姫路市	柳町
兵庫県	姫路市	山田町多田
兵庫県	姫路市	山田町牧野
兵庫県	姫路市	山田町西山田
兵庫県	姫路市	山田町南山田
兵庫県	姫路市	山田町北山田
兵庫県	姫路市	山野井町
兵庫県	姫路市	山畑新田
兵庫県	姫路市	山吹
兵庫県	姫路市	夢前町芦田
兵庫県	姫路市	夢前町莇野
兵庫県	姫路市	夢前町糸田
兵庫県	姫路市	夢前町置本
兵庫県	姫路市	夢前町高長
兵庫県	姫路市	夢前町護持
兵庫県	姫路市	夢前町古瀬畑
兵庫県	姫路市	夢前町古知之庄
兵庫県	姫路市	夢前町神種
兵庫県	姫路市	夢前町塩田
兵庫県	姫路市	夢前町新庄
兵庫県	姫路市	夢前町杉之内
兵庫県	姫路市	夢前町菅生澗
兵庫県	姫路市	夢前町玉田
兵庫県	姫路市	夢前町塚本
兵庫県	姫路市	夢前町寺
兵庫県	姫路市	夢前町戸倉
兵庫県	姫路市	夢前町野畑
兵庫県	姫路市	夢前町前之庄
兵庫県	姫路市	夢前町又坂
兵庫県	姫路市	夢前町宮置
兵庫県	姫路市	夢前町山冨
兵庫県	姫路市	夢前町山之内
兵庫県	姫路市	吉田町
兵庫県	姫路市	米田町
兵庫県	姫路市	余部区上川原
兵庫県	姫路市	余部区上余部
兵庫県	姫路市	余部区下余部
兵庫県	姫路市	六角
兵庫県	姫路市	若菜町
兵庫県	姫路市	綿町
兵庫県	尼崎市	猪名寺
兵庫県	尼崎市	稲葉荘
兵庫県	尼崎市	稲葉元町
兵庫県	尼崎市	今福
兵庫県	尼崎市	扇町
兵庫県	尼崎市	大島
兵庫県	尼崎市	大庄川田町
兵庫県	尼崎市	大庄中通
兵庫県	尼崎市	大庄西町
兵庫県	尼崎市	大庄北
兵庫県	尼崎市	大高洲町
兵庫県	尼崎市	大西町
兵庫県	尼崎市	大浜町
兵庫県	尼崎市	尾浜町
兵庫県	尼崎市	開明町
兵庫県	尼崎市	梶ケ島
兵庫県	尼崎市	上坂部
兵庫県	尼崎市	上ノ島町
兵庫県	尼崎市	瓦宮
兵庫県	尼崎市	神崎町
兵庫県	尼崎市	神田中通
兵庫県	尼崎市	神田南通
兵庫県	尼崎市	神田北通
兵庫県	尼崎市	北城内
兵庫県	尼崎市	北竹谷町
兵庫県	尼崎市	北大物町
兵庫県	尼崎市	北初島町
兵庫県	尼崎市	金楽寺町
兵庫県	尼崎市	杭瀬寺島
兵庫県	尼崎市	杭瀬本町
兵庫県	尼崎市	杭瀬南新町
兵庫県	尼崎市	杭瀬北新町
兵庫県	尼崎市	久々知
兵庫県	尼崎市	久々知西町
兵庫県	尼崎市	口田中
兵庫県	尼崎市	栗山町
兵庫県	尼崎市	玄番南之町
兵庫県	尼崎市	玄番北之町
兵庫県	尼崎市	食満
兵庫県	尼崎市	琴浦町
兵庫県	尼崎市	小中島
兵庫県	尼崎市	三反田町
兵庫県	尼崎市	潮江（１丁目１番、５丁目１番）
兵庫県	尼崎市	潮江（その他）
兵庫県	尼崎市	汐町
兵庫県	尼崎市	椎堂
兵庫県	尼崎市	下坂部
兵庫県	尼崎市	常光寺
兵庫県	尼崎市	昭和通
兵庫県	尼崎市	昭和南通
兵庫県	尼崎市	水明町
兵庫県	尼崎市	末広町
兵庫県	尼崎市	崇徳院
兵庫県	尼崎市	善法寺町
兵庫県	尼崎市	大物町
兵庫県	尼崎市	高田町
兵庫県	尼崎市	竹谷町
兵庫県	尼崎市	立花町
兵庫県	尼崎市	建家町
兵庫県	尼崎市	田能
兵庫県	尼崎市	塚口町
兵庫県	尼崎市	塚口本町
兵庫県	尼崎市	築地
兵庫県	尼崎市	次屋
兵庫県	尼崎市	常松
兵庫県	尼崎市	常吉
兵庫県	尼崎市	鶴町
兵庫県	尼崎市	寺町
兵庫県	尼崎市	道意町
兵庫県	尼崎市	戸ノ内町
兵庫県	尼崎市	富松町
兵庫県	尼崎市	中在家町
兵庫県	尼崎市	中浜町
兵庫県	尼崎市	長洲中通
兵庫県	尼崎市	長洲東通
兵庫県	尼崎市	長洲西通
兵庫県	尼崎市	長洲本通
兵庫県	尼崎市	菜切山町
兵庫県	尼崎市	若王寺
兵庫県	尼崎市	七松町
兵庫県	尼崎市	西海岸町
兵庫県	尼崎市	西川
兵庫県	尼崎市	西昆陽
兵庫県	尼崎市	西桜木町
兵庫県	尼崎市	西高洲町
兵庫県	尼崎市	西立花町
兵庫県	尼崎市	西大物町
兵庫県	尼崎市	西長洲町
兵庫県	尼崎市	西難波町
兵庫県	尼崎市	西本町
兵庫県	尼崎市	西本町北通
兵庫県	尼崎市	西松島町
兵庫県	尼崎市	西御園町
兵庫県	尼崎市	西向島町
兵庫県	尼崎市	額田町
兵庫県	尼崎市	浜
兵庫県	尼崎市	浜田町
兵庫県	尼崎市	東海岸町
兵庫県	尼崎市	東桜木町
兵庫県	尼崎市	東園田町
兵庫県	尼崎市	東高洲町
兵庫県	尼崎市	東大物町
兵庫県	尼崎市	東塚口町
兵庫県	尼崎市	東七松町
兵庫県	尼崎市	東難波町
兵庫県	尼崎市	東初島町
兵庫県	尼崎市	東浜町
兵庫県	尼崎市	東本町
兵庫県	尼崎市	東松島町
兵庫県	尼崎市	東向島東之町
兵庫県	尼崎市	東向島西之町
兵庫県	尼崎市	扶桑町
兵庫県	尼崎市	船出
兵庫県	尼崎市	平左衛門町
兵庫県	尼崎市	丸島町
兵庫県	尼崎市	水堂町
兵庫県	尼崎市	御園
兵庫県	尼崎市	御園町
兵庫県	尼崎市	南清水
兵庫県	尼崎市	南城内
兵庫県	尼崎市	南竹谷町
兵庫県	尼崎市	南塚口町
兵庫県	尼崎市	南七松町
兵庫県	尼崎市	南初島町
兵庫県	尼崎市	南武庫之荘
兵庫県	尼崎市	宮内町
兵庫県	尼崎市	武庫川町
兵庫県	尼崎市	武庫町
兵庫県	尼崎市	武庫の里
兵庫県	尼崎市	武庫之荘
兵庫県	尼崎市	武庫之荘本町
兵庫県	尼崎市	武庫之荘東
兵庫県	尼崎市	武庫之荘西
兵庫県	尼崎市	武庫元町
兵庫県	尼崎市	武庫豊町
兵庫県	尼崎市	名神町
兵庫県	尼崎市	元浜町
兵庫県	尼崎市	弥生ケ丘町
兵庫県	尼崎市	蓬川荘園
兵庫県	尼崎市	蓬川町
兵庫県	明石市	相生町
兵庫県	明石市	明石公園
兵庫県	明石市	朝霧北町
兵庫県	明石市	朝霧台
兵庫県	明石市	朝霧町
兵庫県	明石市	朝霧東町
兵庫県	明石市	朝霧南町
兵庫県	明石市	朝霧山手町
兵庫県	明石市	旭が丘
兵庫県	明石市	上ノ丸
兵庫県	明石市	魚住町金ケ崎
兵庫県	明石市	魚住町鴨池
兵庫県	明石市	魚住町清水
兵庫県	明石市	魚住町住吉
兵庫県	明石市	魚住町長坂寺
兵庫県	明石市	魚住町中尾
兵庫県	明石市	魚住町西岡
兵庫県	明石市	魚住町錦が丘
兵庫県	明石市	王子
兵庫県	明石市	大明石町
兵庫県	明石市	大久保町茜
兵庫県	明石市	大久保町江井島
兵庫県	明石市	大久保町駅前
兵庫県	明石市	大久保町大窪
兵庫県	明石市	大久保町大久保町
兵庫県	明石市	大久保町高丘
兵庫県	明石市	大久保町谷八木
兵庫県	明石市	大久保町西島
兵庫県	明石市	大久保町西脇
兵庫県	明石市	大久保町福田
兵庫県	明石市	大久保町松陰
兵庫県	明石市	大久保町松陰新田
兵庫県	明石市	大久保町松陰山手
兵庫県	明石市	大久保町緑が丘
兵庫県	明石市	大久保町森田
兵庫県	明石市	大久保町八木
兵庫県	明石市	大久保町山手台
兵庫県	明石市	大久保町ゆりのき通
兵庫県	明石市	大久保町わかば
兵庫県	明石市	大蔵海岸通
兵庫県	明石市	大蔵天神町
兵庫県	明石市	大蔵中町
兵庫県	明石市	大蔵八幡町
兵庫県	明石市	大蔵本町
兵庫県	明石市	大蔵谷奥
兵庫県	明石市	大蔵町
兵庫県	明石市	鍛治屋町
兵庫県	明石市	和坂
兵庫県	明石市	川崎町
兵庫県	明石市	貴崎
兵庫県	明石市	北朝霧丘
兵庫県	明石市	北王子町
兵庫県	明石市	小久保
兵庫県	明石市	材木町
兵庫県	明石市	茶園場町
兵庫県	明石市	桜町
兵庫県	明石市	沢野
兵庫県	明石市	沢野南町
兵庫県	明石市	新明町
兵庫県	明石市	硯町
兵庫県	明石市	大観町
兵庫県	明石市	太寺
兵庫県	明石市	太寺大野町
兵庫県	明石市	太寺天王町
兵庫県	明石市	大道町
兵庫県	明石市	鷹匠町
兵庫県	明石市	立石
兵庫県	明石市	田町
兵庫県	明石市	樽屋町
兵庫県	明石市	天文町
兵庫県	明石市	鳥羽
兵庫県	明石市	鳥羽西鳥羽
兵庫県	明石市	鳥羽二本松
兵庫県	明石市	鳥羽弁財天
兵庫県	明石市	中朝霧丘
兵庫県	明石市	中崎
兵庫県	明石市	西明石東町
兵庫県	明石市	西明石西町
兵庫県	明石市	西明石南町
兵庫県	明石市	西明石北町
兵庫県	明石市	西明石町
兵庫県	明石市	西朝霧丘
兵庫県	明石市	西新町
兵庫県	明石市	荷山町
兵庫県	明石市	野々上
兵庫県	明石市	花園町
兵庫県	明石市	林
兵庫県	明石市	林崎町
兵庫県	明石市	東朝霧丘
兵庫県	明石市	東仲ノ町
兵庫県	明石市	東野町
兵庫県	明石市	東人丸町
兵庫県	明石市	東藤江
兵庫県	明石市	東山町
兵庫県	明石市	人丸町
兵庫県	明石市	日富美町
兵庫県	明石市	藤江
兵庫県	明石市	藤江（川添）
兵庫県	明石市	藤江（中谷町）
兵庫県	明石市	藤江（中谷山）
兵庫県	明石市	藤江（若林）
兵庫県	明石市	藤が丘
兵庫県	明石市	二見町東二見
兵庫県	明石市	二見町西二見
兵庫県	明石市	二見町西二見駅前
兵庫県	明石市	二見町南二見
兵庫県	明石市	二見町福里
兵庫県	明石市	船上町
兵庫県	明石市	別所町
兵庫県	明石市	本町
兵庫県	明石市	松江
兵庫県	明石市	松が丘
兵庫県	明石市	松が丘北町
兵庫県	明石市	松の内
兵庫県	明石市	岬町
兵庫県	明石市	港町
兵庫県	明石市	南王子町
兵庫県	明石市	南貴崎町
兵庫県	明石市	宮の上
兵庫県	明石市	明南町
兵庫県	明石市	山下町
兵庫県	明石市	和坂
兵庫県	明石市	和坂稲荷町
兵庫県	西宮市	相生町
兵庫県	西宮市	青木町
兵庫県	西宮市	青葉台
兵庫県	西宮市	上鳴尾町
兵庫県	西宮市	朝凪町
兵庫県	西宮市	芦原町
兵庫県	西宮市	愛宕山
兵庫県	西宮市	荒戎町
兵庫県	西宮市	荒木町
兵庫県	西宮市	池田町
兵庫県	西宮市	池開町
兵庫県	西宮市	石在町
兵庫県	西宮市	石刎町
兵庫県	西宮市	泉町
兵庫県	西宮市	一ケ谷町
兵庫県	西宮市	市庭町
兵庫県	西宮市	一里山町
兵庫県	西宮市	今在家町
兵庫県	西宮市	今津曙町
兵庫県	西宮市	今津上野町
兵庫県	西宮市	今津大東町
兵庫県	西宮市	今津久寿川町
兵庫県	西宮市	今津社前町
兵庫県	西宮市	今津巽町
兵庫県	西宮市	今津出在家町
兵庫県	西宮市	今津西浜町
兵庫県	西宮市	今津野田町
兵庫県	西宮市	今津二葉町
兵庫県	西宮市	今津真砂町
兵庫県	西宮市	今津水波町
兵庫県	西宮市	今津港町
兵庫県	西宮市	今津山中町
兵庫県	西宮市	上ケ原山田町
兵庫県	西宮市	上ケ原山手町
兵庫県	西宮市	上ケ原一番町
兵庫県	西宮市	上ケ原二番町
兵庫県	西宮市	上ケ原三番町
兵庫県	西宮市	上ケ原四番町
兵庫県	西宮市	上ケ原五番町
兵庫県	西宮市	上ケ原六番町
兵庫県	西宮市	上ケ原七番町
兵庫県	西宮市	上ケ原八番町
兵庫県	西宮市	上ケ原九番町
兵庫県	西宮市	上ケ原十番町
兵庫県	西宮市	上田中町
兵庫県	西宮市	上田東町
兵庫県	西宮市	上田西町
兵庫県	西宮市	江上町
兵庫県	西宮市	枝川町
兵庫県	西宮市	老松町
兵庫県	西宮市	大井手町
兵庫県	西宮市	大島町
兵庫県	西宮市	大谷町
兵庫県	西宮市	大畑町
兵庫県	西宮市	大浜町
兵庫県	西宮市	大森町
兵庫県	西宮市	大屋町
兵庫県	西宮市	岡田山
兵庫県	西宮市	奥畑
兵庫県	西宮市	御茶家所町
兵庫県	西宮市	学文殿町
兵庫県	西宮市	神楽町
兵庫県	西宮市	笠屋町
兵庫県	西宮市	霞町
兵庫県	西宮市	甲山町
兵庫県	西宮市	上大市
兵庫県	西宮市	神垣町
兵庫県	西宮市	上甲子園
兵庫県	西宮市	上甲東園
兵庫県	西宮市	神園町
兵庫県	西宮市	上之町
兵庫県	西宮市	上葭原町
兵庫県	西宮市	柏堂町
兵庫県	西宮市	柏堂西町
兵庫県	西宮市	川添町
兵庫県	西宮市	川西町
兵庫県	西宮市	河原町
兵庫県	西宮市	川東町
兵庫県	西宮市	瓦林町
兵庫県	西宮市	神呪町
兵庫県	西宮市	神原
兵庫県	西宮市	菊谷町
兵庫県	西宮市	木津山町
兵庫県	西宮市	北口町
兵庫県	西宮市	北昭和町
兵庫県	西宮市	北名次町
兵庫県	西宮市	北山町
兵庫県	西宮市	北六甲台
兵庫県	西宮市	清瀬台
兵庫県	西宮市	久出ケ谷町
兵庫県	西宮市	国見台
兵庫県	西宮市	久保町
兵庫県	西宮市	熊野町
兵庫県	西宮市	雲井町
兵庫県	西宮市	鞍掛町
兵庫県	西宮市	苦楽園一番町
兵庫県	西宮市	苦楽園二番町
兵庫県	西宮市	苦楽園三番町
兵庫県	西宮市	苦楽園四番町
兵庫県	西宮市	苦楽園五番町
兵庫県	西宮市	苦楽園六番町
兵庫県	西宮市	結善町
兵庫県	西宮市	剣谷町
兵庫県	西宮市	甲子園網引町
兵庫県	西宮市	甲子園浦風町
兵庫県	西宮市	甲子園洲鳥町
兵庫県	西宮市	甲子園砂田町
兵庫県	西宮市	甲子園高潮町
兵庫県	西宮市	甲子園浜田町
兵庫県	西宮市	甲子園春風町
兵庫県	西宮市	甲子園三保町
兵庫県	西宮市	甲子園六石町
兵庫県	西宮市	甲子園一番町
兵庫県	西宮市	甲子園二番町
兵庫県	西宮市	甲子園三番町
兵庫県	西宮市	甲子園四番町
兵庫県	西宮市	甲子園五番町
兵庫県	西宮市	甲子園六番町
兵庫県	西宮市	甲子園七番町
兵庫県	西宮市	甲子園八番町
兵庫県	西宮市	甲子園九番町
兵庫県	西宮市	甲子園口
兵庫県	西宮市	甲子園口北町
兵庫県	西宮市	甲子園町
兵庫県	西宮市	甲子園浜
兵庫県	西宮市	甲東園
兵庫県	西宮市	甲風園
兵庫県	西宮市	郷免町
兵庫県	西宮市	甲陽園山王町
兵庫県	西宮市	甲陽園東山町
兵庫県	西宮市	甲陽園西山町
兵庫県	西宮市	甲陽園日之出町
兵庫県	西宮市	甲陽園本庄町
兵庫県	西宮市	甲陽園目神山町
兵庫県	西宮市	甲陽園若江町
兵庫県	西宮市	甑岩町
兵庫県	西宮市	越水社家郷山
兵庫県	西宮市	越水町
兵庫県	西宮市	小曽根町
兵庫県	西宮市	寿町
兵庫県	西宮市	小松東町
兵庫県	西宮市	小松西町
兵庫県	西宮市	小松南町
兵庫県	西宮市	小松北町
兵庫県	西宮市	小松町
兵庫県	西宮市	西福町
兵庫県	西宮市	桜谷町
兵庫県	西宮市	桜町
兵庫県	西宮市	五月ケ丘
兵庫県	西宮市	里中町
兵庫県	西宮市	産所町
兵庫県	西宮市	塩瀬町生瀬
兵庫県	西宮市	塩瀬町名塩（４２０５－１、５２０５、５３１３－２０、５３１３－３３、
兵庫県	西宮市	５３１３－３５番地）
兵庫県	西宮市	塩瀬町名塩（その他）
兵庫県	西宮市	獅子ケ口町
兵庫県	西宮市	清水町
兵庫県	西宮市	下大市東町
兵庫県	西宮市	下大市西町
兵庫県	西宮市	下葭原町
兵庫県	西宮市	社家町
兵庫県	西宮市	鷲林寺
兵庫県	西宮市	鷲林寺町
兵庫県	西宮市	鷲林寺南町
兵庫県	西宮市	城ケ堀町
兵庫県	西宮市	松籟荘
兵庫県	西宮市	城山
兵庫県	西宮市	神祇官町
兵庫県	西宮市	新甲陽町
兵庫県	西宮市	神明町
兵庫県	西宮市	末広町
兵庫県	西宮市	角石町
兵庫県	西宮市	すみれ台
兵庫県	西宮市	染殿町
兵庫県	西宮市	大社町
兵庫県	西宮市	高木東町
兵庫県	西宮市	高木西町
兵庫県	西宮市	高座町
兵庫県	西宮市	高須町
兵庫県	西宮市	高塚町
兵庫県	西宮市	高畑町
兵庫県	西宮市	高松町
兵庫県	西宮市	田代町
兵庫県	西宮市	田近野町
兵庫県	西宮市	建石町
兵庫県	西宮市	田中町
兵庫県	西宮市	段上町
兵庫県	西宮市	千歳町
兵庫県	西宮市	津田町
兵庫県	西宮市	堤町
兵庫県	西宮市	津門綾羽町
兵庫県	西宮市	津門飯田町
兵庫県	西宮市	津門稲荷町
兵庫県	西宮市	津門大箇町
兵庫県	西宮市	津門大塚町
兵庫県	西宮市	津門呉羽町
兵庫県	西宮市	津門住江町
兵庫県	西宮市	津門西口町
兵庫県	西宮市	津門仁辺町
兵庫県	西宮市	津門宝津町
兵庫県	西宮市	津門川町
兵庫県	西宮市	天道町
兵庫県	西宮市	常磐町
兵庫県	西宮市	戸崎町
兵庫県	西宮市	戸田町
兵庫県	西宮市	殿山町
兵庫県	西宮市	中島町
兵庫県	西宮市	中須佐町
兵庫県	西宮市	中殿町
兵庫県	西宮市	中浜町
兵庫県	西宮市	中前田町
兵庫県	西宮市	中屋町
兵庫県	西宮市	中葭原町
兵庫県	西宮市	長田町
兵庫県	西宮市	名塩
兵庫県	西宮市	名塩赤坂
兵庫県	西宮市	名塩ガーデン
兵庫県	西宮市	名塩木之元
兵庫県	西宮市	名塩さくら台
兵庫県	西宮市	名塩山荘
兵庫県	西宮市	名塩茶園町
兵庫県	西宮市	名塩東久保
兵庫県	西宮市	名塩平成台
兵庫県	西宮市	名塩南台
兵庫県	西宮市	名塩美山
兵庫県	西宮市	名塩新町
兵庫県	西宮市	名次町
兵庫県	西宮市	生瀬東町
兵庫県	西宮市	生瀬高台
兵庫県	西宮市	生瀬町
兵庫県	西宮市	生瀬武庫川町
兵庫県	西宮市	鳴尾町
兵庫県	西宮市	鳴尾浜
兵庫県	西宮市	南郷町
兵庫県	西宮市	仁川五ケ山町
兵庫県	西宮市	仁川百合野町
兵庫県	西宮市	仁川町
兵庫県	西宮市	西田町
兵庫県	西宮市	西宮浜
兵庫県	西宮市	西波止町
兵庫県	西宮市	西平町
兵庫県	西宮市	能登町
兵庫県	西宮市	野間町
兵庫県	西宮市	羽衣町
兵庫県	西宮市	櫨塚町
兵庫県	西宮市	花園町
兵庫県	西宮市	花の峯
兵庫県	西宮市	馬場町
兵庫県	西宮市	浜甲子園
兵庫県	西宮市	浜町
兵庫県	西宮市	浜松原町
兵庫県	西宮市	浜脇町
兵庫県	西宮市	林田町
兵庫県	西宮市	東鳴尾町
兵庫県	西宮市	東浜町
兵庫県	西宮市	東町
兵庫県	西宮市	東山台
兵庫県	西宮市	毘沙門町
兵庫県	西宮市	樋之池町
兵庫県	西宮市	樋ノ口町
兵庫県	西宮市	日野町
兵庫県	西宮市	平木町
兵庫県	西宮市	平松町
兵庫県	西宮市	広田町
兵庫県	西宮市	深津町
兵庫県	西宮市	深谷町
兵庫県	西宮市	伏原町
兵庫県	西宮市	二見町
兵庫県	西宮市	古川町
兵庫県	西宮市	分銅町
兵庫県	西宮市	宝生ケ丘
兵庫県	西宮市	豊楽町
兵庫県	西宮市	堀切町
兵庫県	西宮市	本町
兵庫県	西宮市	前浜町
兵庫県	西宮市	松生町
兵庫県	西宮市	松風町
兵庫県	西宮市	松ケ丘町
兵庫県	西宮市	松下町
兵庫県	西宮市	松園町
兵庫県	西宮市	松並町
兵庫県	西宮市	松原町
兵庫県	西宮市	松山町
兵庫県	西宮市	丸橋町
兵庫県	西宮市	満池谷町
兵庫県	西宮市	美作町
兵庫県	西宮市	南甲子園
兵庫県	西宮市	南越木岩町
兵庫県	西宮市	南昭和町
兵庫県	西宮市	宮西町
兵庫県	西宮市	宮前町
兵庫県	西宮市	武庫川町
兵庫県	西宮市	室川町
兵庫県	西宮市	森下町
兵庫県	西宮市	門前町
兵庫県	西宮市	門戸岡田町
兵庫県	西宮市	門戸東町
兵庫県	西宮市	門戸西町
兵庫県	西宮市	門戸荘
兵庫県	西宮市	薬師町
兵庫県	西宮市	屋敷町
兵庫県	西宮市	安井町
兵庫県	西宮市	柳本町
兵庫県	西宮市	山口町上山口
兵庫県	西宮市	山口町金仙寺
兵庫県	西宮市	山口町香花園
兵庫県	西宮市	山口町下山口
兵庫県	西宮市	山口町中野
兵庫県	西宮市	山口町名来
兵庫県	西宮市	山口町阪神流通センター
兵庫県	西宮市	山口町船坂
兵庫県	西宮市	湯元町
兵庫県	西宮市	弓場町
兵庫県	西宮市	用海町
兵庫県	西宮市	与古道町
兵庫県	西宮市	両度町
兵庫県	西宮市	六湛寺町
兵庫県	西宮市	六軒町
兵庫県	西宮市	若草町
兵庫県	西宮市	若松町
兵庫県	西宮市	若山町
兵庫県	西宮市	和上町
兵庫県	洲本市	相川組
兵庫県	洲本市	安乎町北谷
兵庫県	洲本市	安乎町中田
兵庫県	洲本市	安乎町古宮
兵庫県	洲本市	安乎町平安浦
兵庫県	洲本市	安乎町宮野原
兵庫県	洲本市	安乎町山田原
兵庫県	洲本市	鮎屋
兵庫県	洲本市	池田
兵庫県	洲本市	池内
兵庫県	洲本市	宇原
兵庫県	洲本市	宇山
兵庫県	洲本市	大野
兵庫県	洲本市	奥畑
兵庫県	洲本市	納
兵庫県	洲本市	小路谷
兵庫県	洲本市	海岸通
兵庫県	洲本市	金屋
兵庫県	洲本市	上加茂
兵庫県	洲本市	上内膳
兵庫県	洲本市	上物部
兵庫県	洲本市	木戸
兵庫県	洲本市	桑間
兵庫県	洲本市	五色町鮎原鮎の郷
兵庫県	洲本市	五色町鮎原宇谷
兵庫県	洲本市	五色町鮎原上
兵庫県	洲本市	五色町鮎原栢野
兵庫県	洲本市	五色町鮎原小山田
兵庫県	洲本市	五色町鮎原下
兵庫県	洲本市	五色町鮎原神陽
兵庫県	洲本市	五色町鮎原田処
兵庫県	洲本市	五色町鮎原葛尾
兵庫県	洲本市	五色町鮎原塔下
兵庫県	洲本市	五色町鮎原中邑
兵庫県	洲本市	五色町鮎原西
兵庫県	洲本市	五色町鮎原南谷
兵庫県	洲本市	五色町鮎原三野畑
兵庫県	洲本市	五色町鮎原吉田
兵庫県	洲本市	五色町上堺
兵庫県	洲本市	五色町下堺
兵庫県	洲本市	五色町都志
兵庫県	洲本市	五色町都志大宮
兵庫県	洲本市	五色町都志米山
兵庫県	洲本市	五色町都志大日
兵庫県	洲本市	五色町都志角川
兵庫県	洲本市	五色町都志万歳
兵庫県	洲本市	五色町鳥飼浦
兵庫県	洲本市	五色町鳥飼上
兵庫県	洲本市	五色町鳥飼中
兵庫県	洲本市	五色町広石上
兵庫県	洲本市	五色町広石北
兵庫県	洲本市	五色町広石下
兵庫県	洲本市	五色町広石中
兵庫県	洲本市	栄町
兵庫県	洲本市	塩屋
兵庫県	洲本市	下加茂
兵庫県	洲本市	下内膳
兵庫県	洲本市	新村
兵庫県	洲本市	炬口
兵庫県	洲本市	千草
兵庫県	洲本市	津田
兵庫県	洲本市	中川原町厚浜
兵庫県	洲本市	中川原町市原
兵庫県	洲本市	中川原町中川原
兵庫県	洲本市	中川原町二ツ石
兵庫県	洲本市	中川原町三木田
兵庫県	洲本市	中川原町安坂
兵庫県	洲本市	中津川組
兵庫県	洲本市	畑田組
兵庫県	洲本市	本町
兵庫県	洲本市	前平
兵庫県	洲本市	港
兵庫県	洲本市	物部
兵庫県	洲本市	山手
兵庫県	洲本市	由良
兵庫県	洲本市	由良町内田
兵庫県	洲本市	由良町由良
兵庫県	芦屋市	朝日ケ丘町
兵庫県	芦屋市	伊勢町
兵庫県	芦屋市	岩園町
兵庫県	芦屋市	打出小槌町
兵庫県	芦屋市	打出町
兵庫県	芦屋市	大原町
兵庫県	芦屋市	大桝町
兵庫県	芦屋市	奥池町
兵庫県	芦屋市	奥池南町
兵庫県	芦屋市	奥山
兵庫県	芦屋市	海洋町
兵庫県	芦屋市	春日町
兵庫県	芦屋市	上宮川町
兵庫県	芦屋市	川西町
兵庫県	芦屋市	公光町
兵庫県	芦屋市	楠町
兵庫県	芦屋市	呉川町
兵庫県	芦屋市	剣谷
兵庫県	芦屋市	三条町
兵庫県	芦屋市	三条南町
兵庫県	芦屋市	潮見町
兵庫県	芦屋市	清水町
兵庫県	芦屋市	城山
兵庫県	芦屋市	親王塚町
兵庫県	芦屋市	涼風町
兵庫県	芦屋市	精道町
兵庫県	芦屋市	大東町
兵庫県	芦屋市	高浜町
兵庫県	芦屋市	竹園町
兵庫県	芦屋市	茶屋之町
兵庫県	芦屋市	月若町
兵庫県	芦屋市	津知町
兵庫県	芦屋市	業平町
兵庫県	芦屋市	南宮町
兵庫県	芦屋市	新浜町
兵庫県	芦屋市	西芦屋町
兵庫県	芦屋市	西蔵町
兵庫県	芦屋市	西山町
兵庫県	芦屋市	浜芦屋町
兵庫県	芦屋市	浜風町
兵庫県	芦屋市	浜町
兵庫県	芦屋市	東芦屋町
兵庫県	芦屋市	東山町
兵庫県	芦屋市	平田北町
兵庫県	芦屋市	平田町
兵庫県	芦屋市	船戸町
兵庫県	芦屋市	前田町
兵庫県	芦屋市	松ノ内町
兵庫県	芦屋市	松浜町
兵庫県	芦屋市	翠ケ丘町
兵庫県	芦屋市	緑町
兵庫県	芦屋市	南浜町
兵庫県	芦屋市	宮川町
兵庫県	芦屋市	宮塚町
兵庫県	芦屋市	山芦屋町
兵庫県	芦屋市	山手町
兵庫県	芦屋市	陽光町
兵庫県	芦屋市	六麓荘町
兵庫県	芦屋市	若葉町
兵庫県	芦屋市	若宮町
兵庫県	伊丹市	荒牧
兵庫県	伊丹市	荒牧南
兵庫県	伊丹市	安堂寺町
兵庫県	伊丹市	池尻
兵庫県	伊丹市	伊丹
兵庫県	伊丹市	稲野町
兵庫県	伊丹市	鋳物師
兵庫県	伊丹市	岩屋
兵庫県	伊丹市	梅ノ木
兵庫県	伊丹市	大鹿
兵庫県	伊丹市	大野
兵庫県	伊丹市	荻野
兵庫県	伊丹市	荻野西
兵庫県	伊丹市	奥畑
兵庫県	伊丹市	小阪田（食田）
兵庫県	伊丹市	小阪田（都賀元）
兵庫県	伊丹市	柏木町
兵庫県	伊丹市	春日丘
兵庫県	伊丹市	北伊丹
兵庫県	伊丹市	北河原
兵庫県	伊丹市	北園
兵庫県	伊丹市	北野
兵庫県	伊丹市	北本町
兵庫県	伊丹市	行基町
兵庫県	伊丹市	口酒井
兵庫県	伊丹市	車塚
兵庫県	伊丹市	桑津
兵庫県	伊丹市	鴻池
兵庫県	伊丹市	御願塚
兵庫県	伊丹市	昆陽
兵庫県	伊丹市	昆陽池
兵庫県	伊丹市	昆陽泉町
兵庫県	伊丹市	昆陽北
兵庫県	伊丹市	昆陽東
兵庫県	伊丹市	昆陽南
兵庫県	伊丹市	桜ケ丘
兵庫県	伊丹市	清水
兵庫県	伊丹市	下河原
兵庫県	伊丹市	鈴原町
兵庫県	伊丹市	千僧
兵庫県	伊丹市	高台
兵庫県	伊丹市	中央
兵庫県	伊丹市	寺本
兵庫県	伊丹市	寺本東
兵庫県	伊丹市	中野東
兵庫県	伊丹市	中野西
兵庫県	伊丹市	中野北
兵庫県	伊丹市	中村
兵庫県	伊丹市	西桑津
兵庫県	伊丹市	西台
兵庫県	伊丹市	西野
兵庫県	伊丹市	野間
兵庫県	伊丹市	野間北
兵庫県	伊丹市	東有岡
兵庫県	伊丹市	東桑津
兵庫県	伊丹市	東野
兵庫県	伊丹市	平松
兵庫県	伊丹市	広畑
兵庫県	伊丹市	藤ノ木
兵庫県	伊丹市	船原
兵庫県	伊丹市	堀池
兵庫県	伊丹市	松ケ丘
兵庫県	伊丹市	美鈴町
兵庫県	伊丹市	瑞ケ丘
兵庫県	伊丹市	瑞原
兵庫県	伊丹市	瑞穂町
兵庫県	伊丹市	緑ケ丘
兵庫県	伊丹市	南鈴原
兵庫県	伊丹市	南町
兵庫県	伊丹市	南野
兵庫県	伊丹市	南野北
兵庫県	伊丹市	南本町
兵庫県	伊丹市	宮ノ前
兵庫県	伊丹市	森本
兵庫県	伊丹市	山田
兵庫県	伊丹市	若菱町
兵庫県	相生市	相生（５１３３番地２～５１８７番地、５３１６番地１～５３１６番地１６７）
兵庫県	相生市	相生（その他）
兵庫県	相生市	青葉台
兵庫県	相生市	赤坂
兵庫県	相生市	旭
兵庫県	相生市	池之内
兵庫県	相生市	大石町
兵庫県	相生市	大島町
兵庫県	相生市	大谷町
兵庫県	相生市	垣内町
兵庫県	相生市	川原町
兵庫県	相生市	陸
兵庫県	相生市	陸本町
兵庫県	相生市	向陽台
兵庫県	相生市	栄町
兵庫県	相生市	佐方
兵庫県	相生市	桜ケ丘町
兵庫県	相生市	汐見台
兵庫県	相生市	菅原町
兵庫県	相生市	千尋町
兵庫県	相生市	那波
兵庫県	相生市	那波大浜町
兵庫県	相生市	那波東本町
兵庫県	相生市	那波西本町
兵庫県	相生市	那波南本町
兵庫県	相生市	那波本町
兵庫県	相生市	那波野
兵庫県	相生市	西谷町
兵庫県	相生市	野瀬
兵庫県	相生市	ひかりが丘
兵庫県	相生市	双葉
兵庫県	相生市	古池
兵庫県	相生市	古池本町
兵庫県	相生市	本郷町
兵庫県	相生市	緑ケ丘
兵庫県	相生市	矢野町瓜生
兵庫県	相生市	矢野町小河
兵庫県	相生市	矢野町金坂
兵庫県	相生市	矢野町釜出
兵庫県	相生市	矢野町上
兵庫県	相生市	矢野町上土井
兵庫県	相生市	矢野町榊
兵庫県	相生市	矢野町下田
兵庫県	相生市	矢野町菅谷
兵庫県	相生市	矢野町中野
兵庫県	相生市	矢野町能下
兵庫県	相生市	矢野町二木
兵庫県	相生市	矢野町真広
兵庫県	相生市	矢野町森
兵庫県	相生市	山崎町
兵庫県	相生市	山手
兵庫県	相生市	竜泉町
兵庫県	相生市	若狭野町雨内
兵庫県	相生市	若狭野町入野
兵庫県	相生市	若狭野町上松
兵庫県	相生市	若狭野町下土井
兵庫県	相生市	若狭野町寺田
兵庫県	相生市	若狭野町出
兵庫県	相生市	若狭野町野々
兵庫県	相生市	若狭野町八洞
兵庫県	相生市	若狭野町東後明
兵庫県	相生市	若狭野町西後明
兵庫県	相生市	若狭野町福井
兵庫県	相生市	若狭野町若狭野
兵庫県	豊岡市	赤石
兵庫県	豊岡市	伊賀谷
兵庫県	豊岡市	出石町荒木
兵庫県	豊岡市	出石町伊木
兵庫県	豊岡市	出石町伊豆
兵庫県	豊岡市	出石町入佐
兵庫県	豊岡市	出石町上野
兵庫県	豊岡市	出石町魚屋
兵庫県	豊岡市	出石町内町
兵庫県	豊岡市	出石町大谷
兵庫県	豊岡市	出石町奥小野
兵庫県	豊岡市	出石町奥山
兵庫県	豊岡市	出石町鍛冶屋
兵庫県	豊岡市	出石町片間
兵庫県	豊岡市	出石町上村
兵庫県	豊岡市	出石町川原
兵庫県	豊岡市	出石町桐野
兵庫県	豊岡市	出石町口小野
兵庫県	豊岡市	出石町暮坂
兵庫県	豊岡市	出石町小人
兵庫県	豊岡市	出石町材木
兵庫県	豊岡市	出石町嶋
兵庫県	豊岡市	出石町下谷
兵庫県	豊岡市	出石町田結庄
兵庫県	豊岡市	出石町田多地
兵庫県	豊岡市	出石町谷山
兵庫県	豊岡市	出石町坪井
兵庫県	豊岡市	出石町坪口
兵庫県	豊岡市	出石町鉄砲
兵庫県	豊岡市	出石町寺坂
兵庫県	豊岡市	出石町寺町
兵庫県	豊岡市	出石町東條
兵庫県	豊岡市	出石町鳥居
兵庫県	豊岡市	出石町長砂
兵庫県	豊岡市	出石町中野
兵庫県	豊岡市	出石町中村
兵庫県	豊岡市	出石町袴狭
兵庫県	豊岡市	出石町馬場
兵庫県	豊岡市	出石町日野辺
兵庫県	豊岡市	出石町平田
兵庫県	豊岡市	出石町弘原
兵庫県	豊岡市	出石町福居
兵庫県	豊岡市	出石町福住
兵庫県	豊岡市	出石町福見
兵庫県	豊岡市	出石町細見
兵庫県	豊岡市	出石町本町
兵庫県	豊岡市	出石町町分
兵庫県	豊岡市	出石町松枝
兵庫県	豊岡市	出石町丸中
兵庫県	豊岡市	出石町三木
兵庫県	豊岡市	出石町宮内
兵庫県	豊岡市	出石町水上
兵庫県	豊岡市	出石町森井
兵庫県	豊岡市	出石町八木
兵庫県	豊岡市	出石町安良
兵庫県	豊岡市	出石町柳
兵庫県	豊岡市	出石町百合
兵庫県	豊岡市	出石町宵田
兵庫県	豊岡市	出石町榎見
兵庫県	豊岡市	出石町和屋
兵庫県	豊岡市	泉町
兵庫県	豊岡市	市場
兵庫県	豊岡市	今森
兵庫県	豊岡市	岩井
兵庫県	豊岡市	岩熊
兵庫県	豊岡市	内町
兵庫県	豊岡市	江本
兵庫県	豊岡市	大磯町
兵庫県	豊岡市	大篠岡
兵庫県	豊岡市	大谷
兵庫県	豊岡市	大手町
兵庫県	豊岡市	奥野
兵庫県	豊岡市	小島
兵庫県	豊岡市	小田井町
兵庫県	豊岡市	梶原
兵庫県	豊岡市	香住
兵庫県	豊岡市	加広町
兵庫県	豊岡市	鎌田
兵庫県	豊岡市	上陰
兵庫県	豊岡市	上佐野
兵庫県	豊岡市	上鉢山
兵庫県	豊岡市	神美台
兵庫県	豊岡市	加陽
兵庫県	豊岡市	木内
兵庫県	豊岡市	城崎町今津
兵庫県	豊岡市	城崎町上山
兵庫県	豊岡市	城崎町来日
兵庫県	豊岡市	城崎町楽々浦
兵庫県	豊岡市	城崎町戸島
兵庫県	豊岡市	城崎町飯谷
兵庫県	豊岡市	城崎町結
兵庫県	豊岡市	城崎町桃島
兵庫県	豊岡市	城崎町湯島
兵庫県	豊岡市	京町
兵庫県	豊岡市	倉見
兵庫県	豊岡市	気比
兵庫県	豊岡市	河谷
兵庫県	豊岡市	江野
兵庫県	豊岡市	九日市上町
兵庫県	豊岡市	九日市中町
兵庫県	豊岡市	九日市下町
兵庫県	豊岡市	寿町
兵庫県	豊岡市	金剛寺
兵庫県	豊岡市	幸町
兵庫県	豊岡市	栄町
兵庫県	豊岡市	桜町
兵庫県	豊岡市	佐野
兵庫県	豊岡市	山王町
兵庫県	豊岡市	塩津町
兵庫県	豊岡市	下陰
兵庫県	豊岡市	下鶴井
兵庫県	豊岡市	下宮
兵庫県	豊岡市	下鉢山
兵庫県	豊岡市	庄
兵庫県	豊岡市	祥雲寺
兵庫県	豊岡市	庄境
兵庫県	豊岡市	城南町
兵庫県	豊岡市	正法寺
兵庫県	豊岡市	清冷寺
兵庫県	豊岡市	昭和町
兵庫県	豊岡市	新堂
兵庫県	豊岡市	瀬戸
兵庫県	豊岡市	田結
兵庫県	豊岡市	高屋
兵庫県	豊岡市	滝
兵庫県	豊岡市	竹野町阿金谷
兵庫県	豊岡市	竹野町芦谷
兵庫県	豊岡市	竹野町宇日
兵庫県	豊岡市	竹野町大森
兵庫県	豊岡市	竹野町奥須井
兵庫県	豊岡市	竹野町鬼神谷
兵庫県	豊岡市	竹野町御又
兵庫県	豊岡市	竹野町川南谷
兵庫県	豊岡市	竹野町河内
兵庫県	豊岡市	竹野町切浜
兵庫県	豊岡市	竹野町金原
兵庫県	豊岡市	竹野町草飼
兵庫県	豊岡市	竹野町桑野本
兵庫県	豊岡市	竹野町小城
兵庫県	豊岡市	竹野町小丸
兵庫県	豊岡市	竹野町下塚
兵庫県	豊岡市	竹野町須谷
兵庫県	豊岡市	竹野町須野谷
兵庫県	豊岡市	竹野町田久日
兵庫県	豊岡市	竹野町竹野
兵庫県	豊岡市	竹野町段
兵庫県	豊岡市	竹野町轟
兵庫県	豊岡市	竹野町二連原
兵庫県	豊岡市	竹野町椒
兵庫県	豊岡市	竹野町羽入
兵庫県	豊岡市	竹野町浜須井
兵庫県	豊岡市	竹野町林
兵庫県	豊岡市	竹野町東大谷
兵庫県	豊岡市	竹野町坊岡
兵庫県	豊岡市	竹野町松本
兵庫県	豊岡市	竹野町三原
兵庫県	豊岡市	竹野町森本
兵庫県	豊岡市	竹野町門谷
兵庫県	豊岡市	竹野町和田
兵庫県	豊岡市	駄坂
兵庫県	豊岡市	立野町
兵庫県	豊岡市	立石
兵庫県	豊岡市	但東町相田
兵庫県	豊岡市	但東町赤花
兵庫県	豊岡市	但東町天谷
兵庫県	豊岡市	但東町後
兵庫県	豊岡市	但東町大河内
兵庫県	豊岡市	但東町太田
兵庫県	豊岡市	但東町奥赤
兵庫県	豊岡市	但東町奥藤
兵庫県	豊岡市	但東町奥矢根
兵庫県	豊岡市	但東町小谷
兵庫県	豊岡市	但東町唐川
兵庫県	豊岡市	但東町木村
兵庫県	豊岡市	但東町口藤
兵庫県	豊岡市	但東町久畑
兵庫県	豊岡市	但東町栗尾
兵庫県	豊岡市	但東町河本
兵庫県	豊岡市	但東町高龍寺
兵庫県	豊岡市	但東町小坂
兵庫県	豊岡市	但東町坂津
兵庫県	豊岡市	但東町坂野
兵庫県	豊岡市	但東町佐々木
兵庫県	豊岡市	但東町佐田
兵庫県	豊岡市	但東町正法寺
兵庫県	豊岡市	但東町出合
兵庫県	豊岡市	但東町出合市場
兵庫県	豊岡市	但東町東里
兵庫県	豊岡市	但東町中藤
兵庫県	豊岡市	但東町中山
兵庫県	豊岡市	但東町西谷
兵庫県	豊岡市	但東町西野々
兵庫県	豊岡市	但東町畑
兵庫県	豊岡市	但東町畑山
兵庫県	豊岡市	但東町東中
兵庫県	豊岡市	但東町日殿
兵庫県	豊岡市	但東町日向
兵庫県	豊岡市	但東町平田
兵庫県	豊岡市	但東町水石
兵庫県	豊岡市	但東町南尾
兵庫県	豊岡市	但東町三原
兵庫県	豊岡市	但東町虫生
兵庫県	豊岡市	但東町薬王寺
兵庫県	豊岡市	但東町矢根
兵庫県	豊岡市	中央町
兵庫県	豊岡市	千代田町
兵庫県	豊岡市	津居山
兵庫県	豊岡市	辻
兵庫県	豊岡市	栃江
兵庫県	豊岡市	戸牧
兵庫県	豊岡市	中陰
兵庫県	豊岡市	中郷
兵庫県	豊岡市	中谷
兵庫県	豊岡市	長谷
兵庫県	豊岡市	野垣
兵庫県	豊岡市	野上
兵庫県	豊岡市	野田
兵庫県	豊岡市	八社宮
兵庫県	豊岡市	畑上
兵庫県	豊岡市	引野
兵庫県	豊岡市	土渕
兵庫県	豊岡市	日高町赤崎
兵庫県	豊岡市	日高町上石
兵庫県	豊岡市	日高町浅倉
兵庫県	豊岡市	日高町荒川
兵庫県	豊岡市	日高町池上
兵庫県	豊岡市	日高町石井
兵庫県	豊岡市	日高町稲葉
兵庫県	豊岡市	日高町猪子垣
兵庫県	豊岡市	日高町猪爪
兵庫県	豊岡市	日高町伊府
兵庫県	豊岡市	日高町岩中
兵庫県	豊岡市	日高町江原
兵庫県	豊岡市	日高町大岡
兵庫県	豊岡市	日高町上郷
兵庫県	豊岡市	日高町河江
兵庫県	豊岡市	日高町観音寺
兵庫県	豊岡市	日高町久田谷
兵庫県	豊岡市	日高町久斗
兵庫県	豊岡市	日高町栗栖野
兵庫県	豊岡市	日高町栗山
兵庫県	豊岡市	日高町小河江
兵庫県	豊岡市	日高町国分寺
兵庫県	豊岡市	日高町頃垣
兵庫県	豊岡市	日高町佐田
兵庫県	豊岡市	日高町篠垣
兵庫県	豊岡市	日高町芝
兵庫県	豊岡市	日高町十戸
兵庫県	豊岡市	日高町庄境
兵庫県	豊岡市	日高町竹貫
兵庫県	豊岡市	日高町太田
兵庫県	豊岡市	日高町谷
兵庫県	豊岡市	日高町田ノ口
兵庫県	豊岡市	日高町知見
兵庫県	豊岡市	日高町鶴岡
兵庫県	豊岡市	日高町土居
兵庫県	豊岡市	日高町道場
兵庫県	豊岡市	日高町栃本
兵庫県	豊岡市	日高町殿
兵庫県	豊岡市	日高町中
兵庫県	豊岡市	日高町奈佐路
兵庫県	豊岡市	日高町名色
兵庫県	豊岡市	日高町夏栗
兵庫県	豊岡市	日高町西芝
兵庫県	豊岡市	日高町祢布
兵庫県	豊岡市	日高町野
兵庫県	豊岡市	日高町野々庄
兵庫県	豊岡市	日高町羽尻
兵庫県	豊岡市	日高町日置
兵庫県	豊岡市	日高町東構
兵庫県	豊岡市	日高町東河内
兵庫県	豊岡市	日高町東芝
兵庫県	豊岡市	日高町日高
兵庫県	豊岡市	日高町広井
兵庫県	豊岡市	日高町府市場
兵庫県	豊岡市	日高町藤井
兵庫県	豊岡市	日高町府中新
兵庫県	豊岡市	日高町堀
兵庫県	豊岡市	日高町松岡
兵庫県	豊岡市	日高町万劫
兵庫県	豊岡市	日高町万場
兵庫県	豊岡市	日高町水上
兵庫県	豊岡市	日高町水口
兵庫県	豊岡市	日高町森山
兵庫県	豊岡市	日高町八代
兵庫県	豊岡市	日高町山田
兵庫県	豊岡市	日高町山宮
兵庫県	豊岡市	日高町山本
兵庫県	豊岡市	日高町宵田
兵庫県	豊岡市	一日市
兵庫県	豊岡市	日撫
兵庫県	豊岡市	福成寺
兵庫県	豊岡市	福田
兵庫県	豊岡市	伏
兵庫県	豊岡市	船谷
兵庫県	豊岡市	船町
兵庫県	豊岡市	法花寺
兵庫県	豊岡市	三坂町
兵庫県	豊岡市	三原
兵庫県	豊岡市	宮井
兵庫県	豊岡市	三宅
兵庫県	豊岡市	宮島
兵庫県	豊岡市	妙楽寺
兵庫県	豊岡市	目坂
兵庫県	豊岡市	元町
兵庫県	豊岡市	森
兵庫県	豊岡市	森尾
兵庫県	豊岡市	森津
兵庫県	豊岡市	弥栄町
兵庫県	豊岡市	山本
兵庫県	豊岡市	百合地
兵庫県	豊岡市	吉井
兵庫県	豊岡市	六地蔵
兵庫県	豊岡市	若松町
兵庫県	加古川市	尾上町旭
兵庫県	加古川市	尾上町池田
兵庫県	加古川市	尾上町今福
兵庫県	加古川市	尾上町口里
兵庫県	加古川市	尾上町長田
兵庫県	加古川市	尾上町安田
兵庫県	加古川市	尾上町養田
兵庫県	加古川市	加古川町粟津
兵庫県	加古川市	加古川町稲屋
兵庫県	加古川市	加古川町大野
兵庫県	加古川市	加古川町河原
兵庫県	加古川市	加古川町北在家
兵庫県	加古川市	加古川町木村
兵庫県	加古川市	加古川町篠原町
兵庫県	加古川市	加古川町寺家町
兵庫県	加古川市	加古川町友沢
兵庫県	加古川市	加古川町中津
兵庫県	加古川市	加古川町西河原
兵庫県	加古川市	加古川町平野
兵庫県	加古川市	加古川町備後
兵庫県	加古川市	加古川町本町
兵庫県	加古川市	加古川町溝之口
兵庫県	加古川市	加古川町南備後
兵庫県	加古川市	加古川町美乃利
兵庫県	加古川市	金沢町
兵庫県	加古川市	上荘町井ノ口
兵庫県	加古川市	上荘町小野
兵庫県	加古川市	上荘町薬栗
兵庫県	加古川市	上荘町国包
兵庫県	加古川市	上荘町白沢
兵庫県	加古川市	上荘町都染
兵庫県	加古川市	上荘町見土呂
兵庫県	加古川市	上荘町都台
兵庫県	加古川市	神野町石守
兵庫県	加古川市	神野町神野
兵庫県	加古川市	神野町西条
兵庫県	加古川市	神野町西之山
兵庫県	加古川市	神野町日岡苑
兵庫県	加古川市	神野町福留
兵庫県	加古川市	西条山手
兵庫県	加古川市	志方町大澤
兵庫県	加古川市	志方町大宗
兵庫県	加古川市	志方町岡
兵庫県	加古川市	志方町上冨木
兵庫県	加古川市	志方町細工所
兵庫県	加古川市	志方町志方町
兵庫県	加古川市	志方町雑郷
兵庫県	加古川市	志方町高畑
兵庫県	加古川市	志方町永室
兵庫県	加古川市	志方町成井
兵庫県	加古川市	志方町西飯坂
兵庫県	加古川市	志方町西中
兵庫県	加古川市	志方町西牧
兵庫県	加古川市	志方町西山
兵庫県	加古川市	志方町投松
兵庫県	加古川市	志方町野尻
兵庫県	加古川市	志方町畑
兵庫県	加古川市	志方町原
兵庫県	加古川市	志方町東飯坂
兵庫県	加古川市	志方町東中
兵庫県	加古川市	志方町広尾
兵庫県	加古川市	志方町山中
兵庫県	加古川市	志方町行常
兵庫県	加古川市	志方町横大路
兵庫県	加古川市	新神野
兵庫県	加古川市	西神吉町大国
兵庫県	加古川市	西神吉町鼎
兵庫県	加古川市	西神吉町岸
兵庫県	加古川市	西神吉町辻
兵庫県	加古川市	西神吉町中西
兵庫県	加古川市	西神吉町西村
兵庫県	加古川市	西神吉町宮前
兵庫県	加古川市	野口町北野
兵庫県	加古川市	野口町坂井
兵庫県	加古川市	野口町坂元
兵庫県	加古川市	野口町坂元北
兵庫県	加古川市	野口町長砂
兵庫県	加古川市	野口町野口
兵庫県	加古川市	野口町二屋
兵庫県	加古川市	野口町古大内
兵庫県	加古川市	野口町水足
兵庫県	加古川市	野口町良野
兵庫県	加古川市	東神吉町天下原
兵庫県	加古川市	東神吉町砂部
兵庫県	加古川市	東神吉町神吉
兵庫県	加古川市	東神吉町出河原
兵庫県	加古川市	東神吉町西井ノ口
兵庫県	加古川市	東神吉町升田
兵庫県	加古川市	平岡町一色
兵庫県	加古川市	平岡町一色東
兵庫県	加古川市	平岡町一色西
兵庫県	加古川市	平岡町新在家
兵庫県	加古川市	平岡町高畑
兵庫県	加古川市	平岡町土山
兵庫県	加古川市	平岡町つつじ野
兵庫県	加古川市	平岡町中野
兵庫県	加古川市	平岡町西谷
兵庫県	加古川市	平岡町八反田
兵庫県	加古川市	平岡町二俣
兵庫県	加古川市	平岡町山之上
兵庫県	加古川市	平荘町池尻
兵庫県	加古川市	平荘町一本松
兵庫県	加古川市	平荘町磐
兵庫県	加古川市	平荘町上原
兵庫県	加古川市	平荘町神木
兵庫県	加古川市	平荘町小畑
兵庫県	加古川市	平荘町里
兵庫県	加古川市	平荘町新中山
兵庫県	加古川市	平荘町中山
兵庫県	加古川市	平荘町西山
兵庫県	加古川市	平荘町山角
兵庫県	加古川市	平荘町養老
兵庫県	加古川市	別府町朝日町
兵庫県	加古川市	別府町石町
兵庫県	加古川市	別府町新野辺
兵庫県	加古川市	別府町新野辺北町
兵庫県	加古川市	別府町中島町
兵庫県	加古川市	別府町西町
兵庫県	加古川市	別府町西脇
兵庫県	加古川市	別府町東町
兵庫県	加古川市	別府町別府
兵庫県	加古川市	別府町本町
兵庫県	加古川市	別府町緑町
兵庫県	加古川市	別府町港町
兵庫県	加古川市	別府町宮田町
兵庫県	加古川市	別府町元町
兵庫県	加古川市	八幡町上西条
兵庫県	加古川市	八幡町下村
兵庫県	加古川市	八幡町宗佐
兵庫県	加古川市	八幡町中西条
兵庫県	加古川市	八幡町野村
兵庫県	加古川市	八幡町船町
兵庫県	加古川市	山手
兵庫県	加古川市	米田町船頭
兵庫県	加古川市	米田町平津
兵庫県	赤穂市	朝日町
兵庫県	赤穂市	磯浜町
兵庫県	赤穂市	板屋町
兵庫県	赤穂市	有年楢原
兵庫県	赤穂市	有年原
兵庫県	赤穂市	有年牟礼
兵庫県	赤穂市	有年横尾
兵庫県	赤穂市	大津
兵庫県	赤穂市	大橋町
兵庫県	赤穂市	大町
兵庫県	赤穂市	尾崎
兵庫県	赤穂市	折方
兵庫県	赤穂市	海浜町
兵庫県	赤穂市	片浜町
兵庫県	赤穂市	上仮屋
兵庫県	赤穂市	上仮屋南
兵庫県	赤穂市	上仮屋北
兵庫県	赤穂市	加里屋
兵庫県	赤穂市	加里屋中洲
兵庫県	赤穂市	加里屋南
兵庫県	赤穂市	北野中
兵庫県	赤穂市	木津
兵庫県	赤穂市	木生谷
兵庫県	赤穂市	黒崎町
兵庫県	赤穂市	元禄橋町
兵庫県	赤穂市	高野
兵庫県	赤穂市	寿町
兵庫県	赤穂市	古浜町
兵庫県	赤穂市	坂越
兵庫県	赤穂市	さつき町
兵庫県	赤穂市	塩屋
兵庫県	赤穂市	清水町
兵庫県	赤穂市	城西町
兵庫県	赤穂市	正保橋町
兵庫県	赤穂市	新田
兵庫県	赤穂市	周世
兵庫県	赤穂市	惣門町
兵庫県	赤穂市	高雄
兵庫県	赤穂市	鷆和
兵庫県	赤穂市	中浜町
兵庫県	赤穂市	中広
兵庫県	赤穂市	中山
兵庫県	赤穂市	長池町
兵庫県	赤穂市	南宮町
兵庫県	赤穂市	西有年（湯の内）
兵庫県	赤穂市	西有年（その他）
兵庫県	赤穂市	西浜北町
兵庫県	赤穂市	西浜町
兵庫県	赤穂市	農神町
兵庫県	赤穂市	浜市
兵庫県	赤穂市	東有年
兵庫県	赤穂市	東浜町
兵庫県	赤穂市	福浦
兵庫県	赤穂市	平成町
兵庫県	赤穂市	細野町
兵庫県	赤穂市	本水尾町
兵庫県	赤穂市	松原町
兵庫県	赤穂市	真殿
兵庫県	赤穂市	砂子
兵庫県	赤穂市	御崎
兵庫県	赤穂市	三樋町
兵庫県	赤穂市	南野中
兵庫県	赤穂市	宮前町
兵庫県	赤穂市	目坂
兵庫県	赤穂市	元沖町
兵庫県	赤穂市	元塩町
兵庫県	赤穂市	元町
兵庫県	赤穂市	山手町
兵庫県	赤穂市	六百目町
兵庫県	赤穂市	若草町
兵庫県	西脇市	合山町
兵庫県	西脇市	板波町
兵庫県	西脇市	市原町
兵庫県	西脇市	上野
兵庫県	西脇市	大垣内
兵庫県	西脇市	大木町
兵庫県	西脇市	大野
兵庫県	西脇市	岡崎町
兵庫県	西脇市	落方町
兵庫県	西脇市	上王子町
兵庫県	西脇市	上戸田
兵庫県	西脇市	上比延町
兵庫県	西脇市	黒田庄町石原
兵庫県	西脇市	黒田庄町大伏
兵庫県	西脇市	黒田庄町岡
兵庫県	西脇市	黒田庄町喜多
兵庫県	西脇市	黒田庄町黒田
兵庫県	西脇市	黒田庄町小苗
兵庫県	西脇市	黒田庄町大門
兵庫県	西脇市	黒田庄町田高
兵庫県	西脇市	黒田庄町津万井
兵庫県	西脇市	黒田庄町西澤
兵庫県	西脇市	黒田庄町福地
兵庫県	西脇市	黒田庄町船町
兵庫県	西脇市	黒田庄町前坂
兵庫県	西脇市	黒田庄町門柳
兵庫県	西脇市	高田井町
兵庫県	西脇市	小坂町
兵庫県	西脇市	郷瀬町
兵庫県	西脇市	蒲江
兵庫県	西脇市	坂本
兵庫県	西脇市	鹿野町
兵庫県	西脇市	嶋
兵庫県	西脇市	下戸田
兵庫県	西脇市	住吉町
兵庫県	西脇市	高嶋町
兵庫県	西脇市	高松町
兵庫県	西脇市	谷町
兵庫県	西脇市	塚口町
兵庫県	西脇市	津万
兵庫県	西脇市	出会町
兵庫県	西脇市	寺内
兵庫県	西脇市	富田町
兵庫県	西脇市	富吉上町
兵庫県	西脇市	富吉南町
兵庫県	西脇市	中畑町
兵庫県	西脇市	西嶋
兵庫県	西脇市	西田町
兵庫県	西脇市	西脇
兵庫県	西脇市	野中町
兵庫県	西脇市	野村町
兵庫県	西脇市	野村町茜が丘
兵庫県	西脇市	羽安町
兵庫県	西脇市	比延町
兵庫県	西脇市	日野町
兵庫県	西脇市	平野町
兵庫県	西脇市	堀町
兵庫県	西脇市	前島町
兵庫県	西脇市	水尾町
兵庫県	西脇市	明楽寺町
兵庫県	西脇市	八坂町
兵庫県	西脇市	和田町
兵庫県	西脇市	和布町
兵庫県	宝塚市	青葉台
兵庫県	宝塚市	安倉中
兵庫県	宝塚市	安倉西
兵庫県	宝塚市	安倉南
兵庫県	宝塚市	安倉北
兵庫県	宝塚市	旭町
兵庫県	宝塚市	泉ガ丘
兵庫県	宝塚市	泉町
兵庫県	宝塚市	伊孑志
兵庫県	宝塚市	伊孑志（武庫山）
兵庫県	宝塚市	今里町
兵庫県	宝塚市	梅野町
兵庫県	宝塚市	大原野
兵庫県	宝塚市	大吹町
兵庫県	宝塚市	小林
兵庫県	宝塚市	小林西山
兵庫県	宝塚市	鹿塩
兵庫県	宝塚市	金井町
兵庫県	宝塚市	上佐曽利
兵庫県	宝塚市	亀井町
兵庫県	宝塚市	川面
兵庫県	宝塚市	川面（長尾山）
兵庫県	宝塚市	清荒神
兵庫県	宝塚市	切畑（長尾山１９－６４）
兵庫県	宝塚市	切畑（長尾山１９－１４）
兵庫県	宝塚市	切畑（長尾山「その他」）
兵庫県	宝塚市	切畑（その他）
兵庫県	宝塚市	口谷東
兵庫県	宝塚市	口谷西
兵庫県	宝塚市	蔵人
兵庫県	宝塚市	向月町
兵庫県	宝塚市	香合新田
兵庫県	宝塚市	光明町
兵庫県	宝塚市	御所の前町
兵庫県	宝塚市	御殿山
兵庫県	宝塚市	寿町
兵庫県	宝塚市	小浜
兵庫県	宝塚市	駒の町
兵庫県	宝塚市	境野
兵庫県	宝塚市	栄町
兵庫県	宝塚市	逆瀬川
兵庫県	宝塚市	逆瀬台
兵庫県	宝塚市	桜ガ丘
兵庫県	宝塚市	芝辻新田
兵庫県	宝塚市	下佐曽利
兵庫県	宝塚市	寿楽荘
兵庫県	宝塚市	新明和町
兵庫県	宝塚市	末成町
兵庫県	宝塚市	末広町
兵庫県	宝塚市	すみれガ丘
兵庫県	宝塚市	大成町
兵庫県	宝塚市	高司
兵庫県	宝塚市	高松町
兵庫県	宝塚市	谷口町
兵庫県	宝塚市	玉瀬
兵庫県	宝塚市	千種
兵庫県	宝塚市	長寿ガ丘
兵庫県	宝塚市	月見山
兵庫県	宝塚市	鶴の荘
兵庫県	宝塚市	塔の町
兵庫県	宝塚市	東洋町
兵庫県	宝塚市	中州
兵庫県	宝塚市	中筋
兵庫県	宝塚市	中筋（平井）
兵庫県	宝塚市	中筋山手
兵庫県	宝塚市	中野町
兵庫県	宝塚市	中山桜台
兵庫県	宝塚市	中山五月台
兵庫県	宝塚市	中山荘園
兵庫県	宝塚市	中山台
兵庫県	宝塚市	中山寺
兵庫県	宝塚市	長尾台
兵庫県	宝塚市	長尾町
兵庫県	宝塚市	長谷
兵庫県	宝塚市	仁川旭ガ丘
兵庫県	宝塚市	仁川うぐいす台
兵庫県	宝塚市	仁川清風台
兵庫県	宝塚市	仁川高台
兵庫県	宝塚市	仁川高丸
兵庫県	宝塚市	仁川団地
兵庫県	宝塚市	仁川月見ガ丘
兵庫県	宝塚市	仁川宮西町
兵庫県	宝塚市	仁川北
兵庫県	宝塚市	仁川台
兵庫県	宝塚市	野上
兵庫県	宝塚市	波豆
兵庫県	宝塚市	花屋敷荘園
兵庫県	宝塚市	花屋敷つつじガ丘
兵庫県	宝塚市	花屋敷松ガ丘
兵庫県	宝塚市	花屋敷緑ガ丘
兵庫県	宝塚市	光ガ丘
兵庫県	宝塚市	雲雀丘
兵庫県	宝塚市	雲雀丘山手
兵庫県	宝塚市	平井
兵庫県	宝塚市	平井山荘
兵庫県	宝塚市	福井町
兵庫県	宝塚市	ふじガ丘
兵庫県	宝塚市	宝松苑
兵庫県	宝塚市	宝梅
兵庫県	宝塚市	星の荘
兵庫県	宝塚市	米谷
兵庫県	宝塚市	米谷清
兵庫県	宝塚市	三笠町
兵庫県	宝塚市	美座
兵庫県	宝塚市	南口
兵庫県	宝塚市	南ひばりガ丘
兵庫県	宝塚市	宮の町
兵庫県	宝塚市	美幸町
兵庫県	宝塚市	武庫川町
兵庫県	宝塚市	武庫山
兵庫県	宝塚市	売布
兵庫県	宝塚市	売布きよしガ丘
兵庫県	宝塚市	売布自由ガ丘
兵庫県	宝塚市	売布東の町
兵庫県	宝塚市	売布山手町
兵庫県	宝塚市	売布ガ丘
兵庫県	宝塚市	紅葉ガ丘
兵庫県	宝塚市	社町
兵庫県	宝塚市	山手台東
兵庫県	宝塚市	山手台西
兵庫県	宝塚市	山本中
兵庫県	宝塚市	山本野里
兵庫県	宝塚市	山本丸橋
兵庫県	宝塚市	山本東
兵庫県	宝塚市	山本西
兵庫県	宝塚市	山本南
兵庫県	宝塚市	山本台
兵庫県	宝塚市	弥生町
兵庫県	宝塚市	ゆずり葉台
兵庫県	宝塚市	湯本町
兵庫県	三木市	跡部
兵庫県	三木市	岩宮
兵庫県	三木市	上の丸町
兵庫県	三木市	大塚
兵庫県	三木市	大村
兵庫県	三木市	加佐
兵庫県	三木市	加佐草荷野
兵庫県	三木市	君が峰町
兵庫県	三木市	口吉川町大島
兵庫県	三木市	口吉川町吉祥寺
兵庫県	三木市	口吉川町桾原
兵庫県	三木市	口吉川町笹原
兵庫県	三木市	口吉川町里脇
兵庫県	三木市	口吉川町善祥寺
兵庫県	三木市	口吉川町殿畑
兵庫県	三木市	口吉川町西中
兵庫県	三木市	口吉川町馬場
兵庫県	三木市	口吉川町東中
兵庫県	三木市	口吉川町久次
兵庫県	三木市	口吉川町保木
兵庫県	三木市	口吉川町槇
兵庫県	三木市	口吉川町南畑
兵庫県	三木市	口吉川町桃坂
兵庫県	三木市	口吉川町蓮花寺
兵庫県	三木市	口吉川町東
兵庫県	三木市	久留美
兵庫県	三木市	さつき台
兵庫県	三木市	志染町青山
兵庫県	三木市	志染町安福田
兵庫県	三木市	志染町井上
兵庫県	三木市	志染町窟屋
兵庫県	三木市	志染町大谷
兵庫県	三木市	志染町高男寺
兵庫県	三木市	志染町四合谷
兵庫県	三木市	志染町志染中
兵庫県	三木市	志染町戸田
兵庫県	三木市	志染町中自由が丘
兵庫県	三木市	志染町東自由が丘
兵庫県	三木市	志染町西自由が丘
兵庫県	三木市	志染町広野
兵庫県	三木市	志染町細目
兵庫県	三木市	志染町御坂
兵庫県	三木市	志染町三津田
兵庫県	三木市	志染町吉田
兵庫県	三木市	芝町
兵庫県	三木市	自由が丘本町
兵庫県	三木市	宿原
兵庫県	三木市	末広
兵庫県	三木市	鳥町
兵庫県	三木市	平井
兵庫県	三木市	平田
兵庫県	三木市	福井
兵庫県	三木市	府内
兵庫県	三木市	府内町
兵庫県	三木市	別所町朝日ケ丘
兵庫県	三木市	別所町石野
兵庫県	三木市	別所町興治
兵庫県	三木市	別所町小林
兵庫県	三木市	別所町近藤
兵庫県	三木市	別所町下石野
兵庫県	三木市	別所町正法寺
兵庫県	三木市	別所町高木
兵庫県	三木市	別所町巴
兵庫県	三木市	別所町花尻
兵庫県	三木市	別所町東這田
兵庫県	三木市	別所町西這田
兵庫県	三木市	別所町和田
兵庫県	三木市	細川町金屋
兵庫県	三木市	細川町高篠
兵庫県	三木市	細川町高畑
兵庫県	三木市	細川町垂穂
兵庫県	三木市	細川町豊地
兵庫県	三木市	細川町中里
兵庫県	三木市	細川町細川中
兵庫県	三木市	細川町増田
兵庫県	三木市	細川町瑞穂
兵庫県	三木市	細川町桃津
兵庫県	三木市	細川町脇川
兵庫県	三木市	細川町西
兵庫県	三木市	本町
兵庫県	三木市	緑が丘町中
兵庫県	三木市	緑が丘町本町
兵庫県	三木市	緑が丘町東
兵庫県	三木市	緑が丘町西
兵庫県	三木市	吉川町有安
兵庫県	三木市	吉川町市野瀬
兵庫県	三木市	吉川町稲田
兵庫県	三木市	吉川町上松
兵庫県	三木市	吉川町大沢
兵庫県	三木市	吉川町大畑
兵庫県	三木市	吉川町奥谷
兵庫県	三木市	吉川町貸潮
兵庫県	三木市	吉川町鍛治屋
兵庫県	三木市	吉川町上荒川
兵庫県	三木市	吉川町上中
兵庫県	三木市	吉川町吉安
兵庫県	三木市	吉川町金会
兵庫県	三木市	吉川町楠原
兵庫県	三木市	吉川町実楽
兵庫県	三木市	吉川町田谷
兵庫県	三木市	吉川町冨岡
兵庫県	三木市	吉川町豊岡
兵庫県	三木市	吉川町長谷
兵庫県	三木市	吉川町西奥
兵庫県	三木市	吉川町新田
兵庫県	三木市	吉川町畑枝
兵庫県	三木市	吉川町東田
兵庫県	三木市	吉川町毘沙門
兵庫県	三木市	吉川町福井
兵庫県	三木市	吉川町福吉
兵庫県	三木市	吉川町古市
兵庫県	三木市	吉川町古川
兵庫県	三木市	吉川町法光寺
兵庫県	三木市	吉川町前田
兵庫県	三木市	吉川町水上
兵庫県	三木市	吉川町みなぎ台
兵庫県	三木市	吉川町山上
兵庫県	三木市	吉川町湯谷
兵庫県	三木市	吉川町米田
兵庫県	三木市	吉川町渡瀬
兵庫県	三木市	与呂木
兵庫県	高砂市	阿弥陀（丁目）
兵庫県	高砂市	阿弥陀町阿弥陀（番地）
兵庫県	高砂市	阿弥陀町魚橋
兵庫県	高砂市	阿弥陀町生石
兵庫県	高砂市	阿弥陀町北池
兵庫県	高砂市	阿弥陀町北山
兵庫県	高砂市	阿弥陀町地徳
兵庫県	高砂市	阿弥陀町長尾
兵庫県	高砂市	阿弥陀町南池
兵庫県	高砂市	荒井町扇町
兵庫県	高砂市	荒井町御旅
兵庫県	高砂市	荒井町紙町
兵庫県	高砂市	荒井町小松原
兵庫県	高砂市	荒井町新浜
兵庫県	高砂市	荒井町千鳥
兵庫県	高砂市	荒井町中新町
兵庫県	高砂市	荒井町中町
兵庫県	高砂市	荒井町蓮池
兵庫県	高砂市	荒井町東本町
兵庫県	高砂市	荒井町日之出町
兵庫県	高砂市	荒井町南栄町
兵庫県	高砂市	荒井町若宮町
兵庫県	高砂市	伊保
兵庫県	高砂市	伊保港町
兵庫県	高砂市	伊保東
兵庫県	高砂市	伊保崎
兵庫県	高砂市	伊保崎南
兵庫県	高砂市	伊保町中筋
兵庫県	高砂市	今市
兵庫県	高砂市	梅井
兵庫県	高砂市	春日野町
兵庫県	高砂市	神爪
兵庫県	高砂市	金ケ田町
兵庫県	高砂市	北浜町牛谷
兵庫県	高砂市	北浜町北脇
兵庫県	高砂市	北浜町西浜
兵庫県	高砂市	時光寺町
兵庫県	高砂市	松陽
兵庫県	高砂市	末広町
兵庫県	高砂市	曽根町
兵庫県	高砂市	高砂町相生町
兵庫県	高砂市	高砂町藍屋町
兵庫県	高砂市	高砂町朝日町
兵庫県	高砂市	高砂町今津町
兵庫県	高砂市	高砂町魚町
兵庫県	高砂市	高砂町戎町
兵庫県	高砂市	高砂町沖浜町
兵庫県	高砂市	高砂町鍵町
兵庫県	高砂市	高砂町鍛冶屋町
兵庫県	高砂市	高砂町狩網町
兵庫県	高砂市	高砂町木曽町
兵庫県	高砂市	高砂町北渡海町
兵庫県	高砂市	高砂町北本町
兵庫県	高砂市	高砂町細工町
兵庫県	高砂市	高砂町栄町
兵庫県	高砂市	高砂町材木町
兵庫県	高砂市	高砂町清水町
兵庫県	高砂市	高砂町次郎助町
兵庫県	高砂市	高砂町船頭町
兵庫県	高砂市	高砂町高瀬町
兵庫県	高砂市	高砂町田町
兵庫県	高砂市	高砂町大工町
兵庫県	高砂市	高砂町釣船町
兵庫県	高砂市	高砂町西宮町
兵庫県	高砂市	高砂町農人町
兵庫県	高砂市	高砂町浜田町
兵庫県	高砂市	高砂町東農人町
兵庫県	高砂市	高砂町東浜町
兵庫県	高砂市	高砂町東宮町
兵庫県	高砂市	高砂町松波町
兵庫県	高砂市	高砂町南材木町
兵庫県	高砂市	高砂町南渡海町
兵庫県	高砂市	高砂町南浜町
兵庫県	高砂市	高砂町南本町
兵庫県	高砂市	高砂町宮前町
兵庫県	高砂市	高砂町向島町
兵庫県	高砂市	高砂町横町
兵庫県	高砂市	高砂町猟師町
兵庫県	高砂市	高須
兵庫県	高砂市	竜山
兵庫県	高砂市	中島
兵庫県	高砂市	中筋
兵庫県	高砂市	西畑
兵庫県	高砂市	緑丘
兵庫県	高砂市	美保里
兵庫県	高砂市	百合丘
兵庫県	高砂市	米田団地
兵庫県	高砂市	米田町古新
兵庫県	高砂市	米田町塩市
兵庫県	高砂市	米田町島
兵庫県	高砂市	米田町米田
兵庫県	高砂市	米田町米田新
兵庫県	川西市	赤松
兵庫県	川西市	石道
兵庫県	川西市	芋生
兵庫県	川西市	鴬が丘
兵庫県	川西市	鴬台
兵庫県	川西市	鴬の森町
兵庫県	川西市	小戸
兵庫県	川西市	小花
兵庫県	川西市	霞ケ丘
兵庫県	川西市	加茂
兵庫県	川西市	絹延町
兵庫県	川西市	錦松台
兵庫県	川西市	久代
兵庫県	川西市	国崎
兵庫県	川西市	黒川
兵庫県	川西市	下財町
兵庫県	川西市	けやき坂
兵庫県	川西市	向陽台
兵庫県	川西市	栄町
兵庫県	川西市	栄根
兵庫県	川西市	笹部
兵庫県	川西市	下加茂
兵庫県	川西市	新田
兵庫県	川西市	水明台
兵庫県	川西市	清流台
兵庫県	川西市	清和台東
兵庫県	川西市	清和台西
兵庫県	川西市	大和東
兵庫県	川西市	大和西
兵庫県	川西市	滝山町
兵庫県	川西市	多田院
兵庫県	川西市	多田院多田所町
兵庫県	川西市	多田院西
兵庫県	川西市	多田桜木
兵庫県	川西市	中央町
兵庫県	川西市	鼓が滝
兵庫県	川西市	出在家町
兵庫県	川西市	寺畑
兵庫県	川西市	長尾町
兵庫県	川西市	西畦野
兵庫県	川西市	西多田
兵庫県	川西市	萩原
兵庫県	川西市	萩原台東
兵庫県	川西市	萩原台西（１、２丁目、３丁目１番～２８２番）
兵庫県	川西市	萩原台西（３丁目２８３番以上）
兵庫県	川西市	花屋敷
兵庫県	川西市	花屋敷山手町
兵庫県	川西市	火打
兵庫県	川西市	東畦野
兵庫県	川西市	東畦野山手
兵庫県	川西市	東久代
兵庫県	川西市	東多田
兵庫県	川西市	日高町
兵庫県	川西市	一庫
兵庫県	川西市	平野
兵庫県	川西市	松が丘町
兵庫県	川西市	丸の内町
兵庫県	川西市	丸山台
兵庫県	川西市	満願寺町
兵庫県	川西市	美園町
兵庫県	川西市	緑が丘
兵庫県	川西市	緑台
兵庫県	川西市	南野坂
兵庫県	川西市	南花屋敷
兵庫県	川西市	見野
兵庫県	川西市	美山台
兵庫県	川西市	虫生
兵庫県	川西市	矢問
兵庫県	川西市	矢問東町
兵庫県	川西市	柳谷
兵庫県	川西市	山下町
兵庫県	川西市	山原
兵庫県	川西市	湯山台
兵庫県	川西市	横路
兵庫県	川西市	若宮
兵庫県	小野市	粟生町
兵庫県	小野市	青野ケ原町
兵庫県	小野市	阿形町
兵庫県	小野市	旭町
兵庫県	小野市	育ケ丘町
兵庫県	小野市	池尻町
兵庫県	小野市	池田町
兵庫県	小野市	市場町
兵庫県	小野市	王子町
兵庫県	小野市	大島町
兵庫県	小野市	小田町
兵庫県	小野市	樫山町
兵庫県	小野市	片山町
兵庫県	小野市	鹿野町
兵庫県	小野市	上新町
兵庫県	小野市	上本町
兵庫県	小野市	河合中町
兵庫県	小野市	河合西町
兵庫県	小野市	来住町
兵庫県	小野市	北丘町
兵庫県	小野市	喜多町
兵庫県	小野市	黍田町
兵庫県	小野市	浄谷町
兵庫県	小野市	久保木町
兵庫県	小野市	久茂町
兵庫県	小野市	黒川町
兵庫県	小野市	広渡町
兵庫県	小野市	栄町
兵庫県	小野市	榊町
兵庫県	小野市	桜台
兵庫県	小野市	敷地町
兵庫県	小野市	下大部町
兵庫県	小野市	下来住町
兵庫県	小野市	昭和町
兵庫県	小野市	新部町
兵庫県	小野市	神明町
兵庫県	小野市	菅田町
兵庫県	小野市	住永町
兵庫県	小野市	住吉町
兵庫県	小野市	曽根町
兵庫県	小野市	大開町
兵庫県	小野市	高田町
兵庫県	小野市	高山町
兵庫県	小野市	匠台
兵庫県	小野市	垂井町
兵庫県	小野市	田園町
兵庫県	小野市	天神町
兵庫県	小野市	中島町
兵庫県	小野市	中谷町
兵庫県	小野市	中町
兵庫県	小野市	中番町
兵庫県	小野市	長尾町
兵庫県	小野市	西本町
兵庫県	小野市	西山町
兵庫県	小野市	西脇町
兵庫県	小野市	葉多町
兵庫県	小野市	東本町
兵庫県	小野市	日吉町
兵庫県	小野市	復井町
兵庫県	小野市	福住町
兵庫県	小野市	福甸町
兵庫県	小野市	二葉町
兵庫県	小野市	船木町
兵庫県	小野市	古川町
兵庫県	小野市	本町（１丁目）
兵庫県	小野市	本町（その他）
兵庫県	小野市	丸山町
兵庫県	小野市	万勝寺町
兵庫県	小野市	南青野町
兵庫県	小野市	三和町
兵庫県	小野市	山田町
兵庫県	小野市	脇本町
兵庫県	三田市	三田市の次に番地がくる場合
兵庫県	三田市	相生町
兵庫県	三田市	藍本
兵庫県	三田市	あかしあ台
兵庫県	三田市	池尻
兵庫県	三田市	市之瀬
兵庫県	三田市	井ノ草
兵庫県	三田市	馬渡
兵庫県	三田市	永沢寺
兵庫県	三田市	駅前町
兵庫県	三田市	大川瀬
兵庫県	三田市	大畑
兵庫県	三田市	大原
兵庫県	三田市	乙原
兵庫県	三田市	小野
兵庫県	三田市	学園
兵庫県	三田市	学園上ケ原
兵庫県	三田市	香下
兵庫県	三田市	上相野
兵庫県	三田市	上青野
兵庫県	三田市	上井沢
兵庫県	三田市	上内神
兵庫県	三田市	上槻瀬
兵庫県	三田市	上深田
兵庫県	三田市	上本庄
兵庫県	三田市	加茂
兵庫県	三田市	川除
兵庫県	三田市	川原
兵庫県	三田市	貴志
兵庫県	三田市	北浦
兵庫県	三田市	桑原
兵庫県	三田市	けやき台
兵庫県	三田市	木器
兵庫県	三田市	小柿
兵庫県	三田市	酒井
兵庫県	三田市	さくら坂
兵庫県	三田市	沢谷
兵庫県	三田市	三田町
兵庫県	三田市	志手原
兵庫県	三田市	下相野
兵庫県	三田市	下青野
兵庫県	三田市	下井沢
兵庫県	三田市	下内神
兵庫県	三田市	下里
兵庫県	三田市	下田中
兵庫県	三田市	下槻瀬
兵庫県	三田市	下深田
兵庫県	三田市	末
兵庫県	三田市	末吉
兵庫県	三田市	鈴鹿
兵庫県	三田市	すずかけ台
兵庫県	三田市	須磨田
兵庫県	三田市	対中町
兵庫県	三田市	高次
兵庫県	三田市	田中
兵庫県	三田市	中央町
兵庫県	三田市	つつじが丘南
兵庫県	三田市	つつじが丘北
兵庫県	三田市	テクノパーク
兵庫県	三田市	寺村町
兵庫県	三田市	天神
兵庫県	三田市	十倉
兵庫県	三田市	友が丘
兵庫県	三田市	中内神
兵庫県	三田市	中町
兵庫県	三田市	長坂
兵庫県	三田市	成谷
兵庫県	三田市	西相野
兵庫県	三田市	西野上
兵庫県	三田市	西山
兵庫県	三田市	尼寺
兵庫県	三田市	狭間が丘
兵庫県	三田市	波豆川
兵庫県	三田市	八景町
兵庫県	三田市	東野上
兵庫県	三田市	東本庄
兵庫県	三田市	東山
兵庫県	三田市	広沢
兵庫県	三田市	広野
兵庫県	三田市	布木
兵庫県	三田市	福島
兵庫県	三田市	富士が丘
兵庫県	三田市	洞
兵庫県	三田市	溝口
兵庫県	三田市	南が丘
兵庫県	三田市	宮脇
兵庫県	三田市	三輪
兵庫県	三田市	武庫が丘
兵庫県	三田市	母子
兵庫県	三田市	屋敷町
兵庫県	三田市	山田
兵庫県	三田市	弥生が丘
兵庫県	三田市	ゆりのき台
兵庫県	三田市	横山町
兵庫県	三田市	四ツ辻
兵庫県	加西市	青野町
兵庫県	加西市	青野原町
兵庫県	加西市	朝妻町
兵庫県	加西市	網引町
兵庫県	加西市	池上町
兵庫県	加西市	和泉町
兵庫県	加西市	市村町
兵庫県	加西市	上野町
兵庫県	加西市	牛居町
兵庫県	加西市	鶉野町
兵庫県	加西市	越水町
兵庫県	加西市	王子町
兵庫県	加西市	大内町
兵庫県	加西市	大村町
兵庫県	加西市	尾崎町
兵庫県	加西市	大柳町
兵庫県	加西市	鍛治屋町
兵庫県	加西市	上芥田町
兵庫県	加西市	上万願寺町
兵庫県	加西市	上道山町
兵庫県	加西市	上宮木町
兵庫県	加西市	鴨谷町
兵庫県	加西市	岸呂町
兵庫県	加西市	北町
兵庫県	加西市	国正町
兵庫県	加西市	窪田町
兵庫県	加西市	倉谷町
兵庫県	加西市	桑原田町
兵庫県	加西市	小印南町
兵庫県	加西市	河内町
兵庫県	加西市	栄町
兵庫県	加西市	坂本町
兵庫県	加西市	坂元町
兵庫県	加西市	笹倉町
兵庫県	加西市	佐谷町
兵庫県	加西市	島町
兵庫県	加西市	下芥田町
兵庫県	加西市	下万願寺町
兵庫県	加西市	下道山町
兵庫県	加西市	下宮木町
兵庫県	加西市	新生町
兵庫県	加西市	吸谷町
兵庫県	加西市	大工町
兵庫県	加西市	谷口町
兵庫県	加西市	谷町
兵庫県	加西市	田原町
兵庫県	加西市	玉丘町
兵庫県	加西市	玉野町
兵庫県	加西市	田谷町
兵庫県	加西市	段下町
兵庫県	加西市	都染町
兵庫県	加西市	常吉町
兵庫県	加西市	鎮岩町
兵庫県	加西市	戸田井町
兵庫県	加西市	殿原町
兵庫県	加西市	豊倉町
兵庫県	加西市	中富町
兵庫県	加西市	中西町
兵庫県	加西市	中野町
兵庫県	加西市	中山町
兵庫県	加西市	西上野町
兵庫県	加西市	西長町
兵庫県	加西市	西笠原町
兵庫県	加西市	西剣坂町
兵庫県	加西市	西谷町
兵庫県	加西市	西野々町
兵庫県	加西市	西横田町
兵庫県	加西市	野条町
兵庫県	加西市	野上町
兵庫県	加西市	野田町
兵庫県	加西市	畑町
兵庫県	加西市	繁昌町
兵庫県	加西市	東長町
兵庫県	加西市	東笠原町
兵庫県	加西市	東剣坂町
兵庫県	加西市	東横田町
兵庫県	加西市	広原町
兵庫県	加西市	琵琶甲町
兵庫県	加西市	福居町
兵庫県	加西市	福住町
兵庫県	加西市	別所町
兵庫県	加西市	別府町
兵庫県	加西市	北条町栗田
兵庫県	加西市	北条町黒駒
兵庫県	加西市	北条町小谷
兵庫県	加西市	北条町東高室
兵庫県	加西市	北条町西高室
兵庫県	加西市	北条町東南
兵庫県	加西市	北条町西南
兵庫県	加西市	北条町古坂
兵庫県	加西市	北条町北条
兵庫県	加西市	北条町横尾
兵庫県	加西市	満久町
兵庫県	加西市	三口町
兵庫県	加西市	馬渡谷町
兵庫県	加西市	山枝町
兵庫県	加西市	山下町
兵庫県	加西市	山田町
兵庫県	加西市	油谷町
兵庫県	加西市	吉野町
兵庫県	加西市	若井町
兵庫県	加西市	両月町
兵庫県	丹波篠山市	網掛
兵庫県	丹波篠山市	県守
兵庫県	丹波篠山市	明野
兵庫県	丹波篠山市	味間奥
兵庫県	丹波篠山市	味間北
兵庫県	丹波篠山市	味間新
兵庫県	丹波篠山市	味間南
兵庫県	丹波篠山市	油井
兵庫県	丹波篠山市	荒子新田
兵庫県	丹波篠山市	有居
兵庫県	丹波篠山市	井串
兵庫県	丹波篠山市	池上
兵庫県	丹波篠山市	石住
兵庫県	丹波篠山市	泉
兵庫県	丹波篠山市	一印谷
兵庫県	丹波篠山市	市野々
兵庫県	丹波篠山市	市山
兵庫県	丹波篠山市	乾新町
兵庫県	丹波篠山市	犬飼
兵庫県	丹波篠山市	井ノ上
兵庫県	丹波篠山市	今谷
兵庫県	丹波篠山市	今福
兵庫県	丹波篠山市	岩崎
兵庫県	丹波篠山市	魚屋町
兵庫県	丹波篠山市	牛ケ瀬
兵庫県	丹波篠山市	打坂
兵庫県	丹波篠山市	宇土
兵庫県	丹波篠山市	追入
兵庫県	丹波篠山市	大上
兵庫県	丹波篠山市	大熊
兵庫県	丹波篠山市	大沢
兵庫県	丹波篠山市	大沢新
兵庫県	丹波篠山市	大谷
兵庫県	丹波篠山市	大野
兵庫県	丹波篠山市	大藤
兵庫県	丹波篠山市	大渕
兵庫県	丹波篠山市	大山上
兵庫県	丹波篠山市	大山下
兵庫県	丹波篠山市	大山新
兵庫県	丹波篠山市	大山宮
兵庫県	丹波篠山市	小川町
兵庫県	丹波篠山市	奥県守
兵庫県	丹波篠山市	奥畑
兵庫県	丹波篠山市	奥原山
兵庫県	丹波篠山市	奥山
兵庫県	丹波篠山市	小倉
兵庫県	丹波篠山市	小坂
兵庫県	丹波篠山市	小多田
兵庫県	丹波篠山市	小立
兵庫県	丹波篠山市	遠方
兵庫県	丹波篠山市	小野奥谷
兵庫県	丹波篠山市	小野新
兵庫県	丹波篠山市	小原
兵庫県	丹波篠山市	貝田
兵庫県	丹波篠山市	垣屋
兵庫県	丹波篠山市	春日江
兵庫県	丹波篠山市	上板井
兵庫県	丹波篠山市	上筱見
兵庫県	丹波篠山市	上宿
兵庫県	丹波篠山市	河内台
兵庫県	丹波篠山市	川北
兵庫県	丹波篠山市	川北新田
兵庫県	丹波篠山市	川阪
兵庫県	丹波篠山市	川西
兵庫県	丹波篠山市	川原
兵庫県	丹波篠山市	河原町
兵庫県	丹波篠山市	北
兵庫県	丹波篠山市	北沢田
兵庫県	丹波篠山市	北島
兵庫県	丹波篠山市	北新町
兵庫県	丹波篠山市	北野
兵庫県	丹波篠山市	北野新田
兵庫県	丹波篠山市	京町
兵庫県	丹波篠山市	草野
兵庫県	丹波篠山市	草ノ上
兵庫県	丹波篠山市	口阪本
兵庫県	丹波篠山市	熊谷
兵庫県	丹波篠山市	倉谷
兵庫県	丹波篠山市	倉本
兵庫県	丹波篠山市	栗柄
兵庫県	丹波篠山市	栗栖野
兵庫県	丹波篠山市	黒岡
兵庫県	丹波篠山市	黒田
兵庫県	丹波篠山市	桑原
兵庫県	丹波篠山市	郡家
兵庫県	丹波篠山市	古森
兵庫県	丹波篠山市	小田中
兵庫県	丹波篠山市	小中
兵庫県	丹波篠山市	不来坂
兵庫県	丹波篠山市	呉服町
兵庫県	丹波篠山市	小枕
兵庫県	丹波篠山市	今田町間新田
兵庫県	丹波篠山市	今田町芦原新田
兵庫県	丹波篠山市	今田町市原
兵庫県	丹波篠山市	今田町荻野分
兵庫県	丹波篠山市	今田町釜屋
兵庫県	丹波篠山市	今田町上小野原
兵庫県	丹波篠山市	今田町上立杭
兵庫県	丹波篠山市	今田町黒石
兵庫県	丹波篠山市	今田町木津
兵庫県	丹波篠山市	今田町今田
兵庫県	丹波篠山市	今田町今田新田
兵庫県	丹波篠山市	今田町佐曽良新田
兵庫県	丹波篠山市	今田町四斗谷
兵庫県	丹波篠山市	今田町下小野原
兵庫県	丹波篠山市	今田町下立杭
兵庫県	丹波篠山市	今田町辰巳
兵庫県	丹波篠山市	今田町東庄
兵庫県	丹波篠山市	今田町本荘
兵庫県	丹波篠山市	今田町休場
兵庫県	丹波篠山市	細工所
兵庫県	丹波篠山市	坂本
兵庫県	丹波篠山市	佐倉
兵庫県	丹波篠山市	佐貫谷
兵庫県	丹波篠山市	後川奥
兵庫県	丹波篠山市	後川上
兵庫県	丹波篠山市	後川下
兵庫県	丹波篠山市	後川新田
兵庫県	丹波篠山市	後川中
兵庫県	丹波篠山市	渋谷
兵庫県	丹波篠山市	下板井
兵庫県	丹波篠山市	下筱見
兵庫県	丹波篠山市	下原山
兵庫県	丹波篠山市	塩岡
兵庫県	丹波篠山市	新荘
兵庫県	丹波篠山市	杉
兵庫県	丹波篠山市	菅
兵庫県	丹波篠山市	筋山
兵庫県	丹波篠山市	住山
兵庫県	丹波篠山市	住吉台
兵庫県	丹波篠山市	瀬利
兵庫県	丹波篠山市	曽地奥
兵庫県	丹波篠山市	曽地口
兵庫県	丹波篠山市	曽地中
兵庫県	丹波篠山市	園田分
兵庫県	丹波篠山市	高倉
兵庫県	丹波篠山市	高坂
兵庫県	丹波篠山市	高屋
兵庫県	丹波篠山市	立金
兵庫県	丹波篠山市	立町
兵庫県	丹波篠山市	谷山
兵庫県	丹波篠山市	垂水
兵庫県	丹波篠山市	知足
兵庫県	丹波篠山市	長安寺
兵庫県	丹波篠山市	町ノ田
兵庫県	丹波篠山市	辻
兵庫県	丹波篠山市	寺内
兵庫県	丹波篠山市	東河地
兵庫県	丹波篠山市	当野
兵庫県	丹波篠山市	徳永
兵庫県	丹波篠山市	栃梨
兵庫県	丹波篠山市	殿町
兵庫県	丹波篠山市	中
兵庫県	丹波篠山市	中野
兵庫県	丹波篠山市	中原山
兵庫県	丹波篠山市	二階町
兵庫県	丹波篠山市	西岡屋
兵庫県	丹波篠山市	西木之部
兵庫県	丹波篠山市	西古佐
兵庫県	丹波篠山市	西阪本
兵庫県	丹波篠山市	西荘
兵庫県	丹波篠山市	西新町
兵庫県	丹波篠山市	西谷
兵庫県	丹波篠山市	西野々
兵庫県	丹波篠山市	西浜谷
兵庫県	丹波篠山市	西吹
兵庫県	丹波篠山市	西本荘
兵庫県	丹波篠山市	西町
兵庫県	丹波篠山市	西八上
兵庫県	丹波篠山市	二之坪
兵庫県	丹波篠山市	野尻
兵庫県	丹波篠山市	野中
兵庫県	丹波篠山市	野々垣
兵庫県	丹波篠山市	野間
兵庫県	丹波篠山市	乗竹
兵庫県	丹波篠山市	波賀野
兵庫県	丹波篠山市	波賀野新田
兵庫県	丹波篠山市	箱谷
兵庫県	丹波篠山市	畑井
兵庫県	丹波篠山市	畑市
兵庫県	丹波篠山市	安口
兵庫県	丹波篠山市	幡路
兵庫県	丹波篠山市	畑宮
兵庫県	丹波篠山市	初田
兵庫県	丹波篠山市	般若寺
兵庫県	丹波篠山市	火打岩
兵庫県	丹波篠山市	日置
兵庫県	丹波篠山市	東岡屋
兵庫県	丹波篠山市	東木之部
兵庫県	丹波篠山市	東古佐
兵庫県	丹波篠山市	東沢田
兵庫県	丹波篠山市	東新町
兵庫県	丹波篠山市	東浜谷
兵庫県	丹波篠山市	東吹
兵庫県	丹波篠山市	東本荘
兵庫県	丹波篠山市	風深
兵庫県	丹波篠山市	吹上
兵庫県	丹波篠山市	吹新
兵庫県	丹波篠山市	福井
兵庫県	丹波篠山市	福住
兵庫県	丹波篠山市	藤岡奥
兵庫県	丹波篠山市	藤岡口
兵庫県	丹波篠山市	藤坂
兵庫県	丹波篠山市	藤之木
兵庫県	丹波篠山市	古市
兵庫県	丹波篠山市	本郷
兵庫県	丹波篠山市	本明谷
兵庫県	丹波篠山市	前沢田
兵庫県	丹波篠山市	松ケ鼻
兵庫県	丹波篠山市	真南条上
兵庫県	丹波篠山市	真南条下
兵庫県	丹波篠山市	真南条中
兵庫県	丹波篠山市	丸山
兵庫県	丹波篠山市	見内
兵庫県	丹波篠山市	三熊
兵庫県	丹波篠山市	南新町
兵庫県	丹波篠山市	南矢代
兵庫県	丹波篠山市	宮代
兵庫県	丹波篠山市	宮田
兵庫県	丹波篠山市	宮ノ前
兵庫県	丹波篠山市	向井
兵庫県	丹波篠山市	糯ケ坪
兵庫県	丹波篠山市	八上内
兵庫県	丹波篠山市	八上上
兵庫県	丹波篠山市	八上下
兵庫県	丹波篠山市	矢代
兵庫県	丹波篠山市	矢代新
兵庫県	丹波篠山市	安田
兵庫県	丹波篠山市	山内町
兵庫県	丹波篠山市	山田
兵庫県	丹波篠山市	鷲尾
兵庫県	丹波篠山市	和田
兵庫県	養父市	上箇
兵庫県	養父市	浅野
兵庫県	養父市	伊豆
兵庫県	養父市	稲津
兵庫県	養父市	上野
兵庫県	養父市	鵜縄
兵庫県	養父市	大久保
兵庫県	養父市	大谷
兵庫県	養父市	大塚
兵庫県	養父市	大坪
兵庫県	養父市	大屋町明延
兵庫県	養父市	大屋町筏
兵庫県	養父市	大屋町糸原
兵庫県	養父市	大屋町上山
兵庫県	養父市	大屋町おうみ
兵庫県	養父市	大屋町大杉
兵庫県	養父市	大屋町大屋市場
兵庫県	養父市	大屋町笠谷
兵庫県	養父市	大屋町門野
兵庫県	養父市	大屋町加保
兵庫県	養父市	大屋町蔵垣
兵庫県	養父市	大屋町栗ノ下
兵庫県	養父市	大屋町須西
兵庫県	養父市	大屋町樽見
兵庫県	養父市	大屋町中
兵庫県	養父市	大屋町中間
兵庫県	養父市	大屋町夏梅
兵庫県	養父市	大屋町宮垣
兵庫県	養父市	大屋町宮本
兵庫県	養父市	大屋町山路
兵庫県	養父市	大屋町由良
兵庫県	養父市	大屋町横行
兵庫県	養父市	大屋町若杉
兵庫県	養父市	大屋町和田
兵庫県	養父市	大薮
兵庫県	養父市	奥米地
兵庫県	養父市	尾崎
兵庫県	養父市	小路頃
兵庫県	養父市	葛畑
兵庫県	養父市	鉄屋米地
兵庫県	養父市	川原場
兵庫県	養父市	草出
兵庫県	養父市	口米地
兵庫県	養父市	小城
兵庫県	養父市	左近山
兵庫県	養父市	十二所
兵庫県	養父市	新津
兵庫県	養父市	関宮
兵庫県	養父市	建屋
兵庫県	養父市	玉見
兵庫県	養父市	丹戸
兵庫県	養父市	出合
兵庫県	養父市	轟
兵庫県	養父市	外野
兵庫県	養父市	中瀬
兵庫県	養父市	長野
兵庫県	養父市	中米地
兵庫県	養父市	梨ケ原
兵庫県	養父市	奈良尾
兵庫県	養父市	能座
兵庫県	養父市	畑
兵庫県	養父市	広谷
兵庫県	養父市	福定
兵庫県	養父市	船谷
兵庫県	養父市	別宮
兵庫県	養父市	堀畑
兵庫県	養父市	万久里
兵庫県	養父市	三谷
兵庫県	養父市	三宅
兵庫県	養父市	餅耕地
兵庫県	養父市	森
兵庫県	養父市	安井
兵庫県	養父市	養父市場
兵庫県	養父市	薮崎
兵庫県	養父市	八鹿町青山
兵庫県	養父市	八鹿町朝倉
兵庫県	養父市	八鹿町浅間
兵庫県	養父市	八鹿町伊佐
兵庫県	養父市	八鹿町石原
兵庫県	養父市	八鹿町岩崎
兵庫県	養父市	八鹿町大江
兵庫県	養父市	八鹿町小佐
兵庫県	養父市	八鹿町上小田
兵庫県	養父市	八鹿町上網場
兵庫県	養父市	八鹿町国木
兵庫県	養父市	八鹿町九鹿
兵庫県	養父市	八鹿町小山
兵庫県	養父市	八鹿町今滝寺
兵庫県	養父市	八鹿町坂本
兵庫県	養父市	八鹿町下小田
兵庫県	養父市	八鹿町下網場
兵庫県	養父市	八鹿町宿南
兵庫県	養父市	八鹿町高柳
兵庫県	養父市	八鹿町日畑
兵庫県	養父市	八鹿町舞狂
兵庫県	養父市	八鹿町三谷
兵庫県	養父市	八鹿町米里
兵庫県	養父市	八鹿町八木
兵庫県	養父市	八鹿町八鹿
兵庫県	養父市	吉井
兵庫県	丹波市	青垣町市原
兵庫県	丹波市	青垣町稲土
兵庫県	丹波市	青垣町奥塩久
兵庫県	丹波市	青垣町小倉
兵庫県	丹波市	青垣町大名草
兵庫県	丹波市	青垣町大稗
兵庫県	丹波市	青垣町口塩久
兵庫県	丹波市	青垣町栗住野
兵庫県	丹波市	青垣町小稗
兵庫県	丹波市	青垣町佐治
兵庫県	丹波市	青垣町沢野
兵庫県	丹波市	青垣町惣持
兵庫県	丹波市	青垣町田井縄
兵庫県	丹波市	青垣町遠阪
兵庫県	丹波市	青垣町中佐治
兵庫県	丹波市	青垣町西芦田
兵庫県	丹波市	青垣町東芦田
兵庫県	丹波市	青垣町桧倉
兵庫県	丹波市	青垣町文室
兵庫県	丹波市	青垣町山垣
兵庫県	丹波市	市島町市島
兵庫県	丹波市	市島町岩戸
兵庫県	丹波市	市島町上垣
兵庫県	丹波市	市島町上牧
兵庫県	丹波市	市島町乙河内
兵庫県	丹波市	市島町梶原
兵庫県	丹波市	市島町上鴨阪
兵庫県	丹波市	市島町上田
兵庫県	丹波市	市島町上竹田
兵庫県	丹波市	市島町喜多
兵庫県	丹波市	市島町北岡本
兵庫県	丹波市	市島町北奥
兵庫県	丹波市	市島町酒梨
兵庫県	丹波市	市島町下鴨阪
兵庫県	丹波市	市島町下竹田
兵庫県	丹波市	市島町多利
兵庫県	丹波市	市島町勅使
兵庫県	丹波市	市島町徳尾
兵庫県	丹波市	市島町戸坂
兵庫県	丹波市	市島町戸平
兵庫県	丹波市	市島町中竹田
兵庫県	丹波市	市島町東勅使
兵庫県	丹波市	市島町白毫寺
兵庫県	丹波市	市島町南
兵庫県	丹波市	市島町矢代
兵庫県	丹波市	市島町与戸
兵庫県	丹波市	柏原町挙田
兵庫県	丹波市	柏原町石戸
兵庫県	丹波市	柏原町大新屋
兵庫県	丹波市	柏原町柏原
兵庫県	丹波市	柏原町上小倉
兵庫県	丹波市	柏原町鴨野
兵庫県	丹波市	柏原町北中
兵庫県	丹波市	柏原町北山
兵庫県	丹波市	柏原町小南
兵庫県	丹波市	柏原町下小倉
兵庫県	丹波市	柏原町田路
兵庫県	丹波市	柏原町東奥
兵庫県	丹波市	柏原町母坪
兵庫県	丹波市	柏原町見長
兵庫県	丹波市	柏原町南多田
兵庫県	丹波市	春日町朝日
兵庫県	丹波市	春日町池尾
兵庫県	丹波市	春日町石才
兵庫県	丹波市	春日町稲塚
兵庫県	丹波市	春日町牛河内
兵庫県	丹波市	春日町歌道谷
兵庫県	丹波市	春日町上三井庄
兵庫県	丹波市	春日町栢野
兵庫県	丹波市	春日町鹿場
兵庫県	丹波市	春日町黒井
兵庫県	丹波市	春日町国領
兵庫県	丹波市	春日町小多利
兵庫県	丹波市	春日町坂
兵庫県	丹波市	春日町下三井庄
兵庫県	丹波市	春日町新才
兵庫県	丹波市	春日町園部
兵庫県	丹波市	春日町多田
兵庫県	丹波市	春日町棚原
兵庫県	丹波市	春日町多利
兵庫県	丹波市	春日町長王
兵庫県	丹波市	春日町中山
兵庫県	丹波市	春日町七日市
兵庫県	丹波市	春日町野上野
兵庫県	丹波市	春日町野瀬
兵庫県	丹波市	春日町野村
兵庫県	丹波市	春日町野山
兵庫県	丹波市	春日町東中
兵庫県	丹波市	春日町平松
兵庫県	丹波市	春日町広瀬
兵庫県	丹波市	春日町古河
兵庫県	丹波市	春日町松森
兵庫県	丹波市	春日町山田
兵庫県	丹波市	春日町柚津
兵庫県	丹波市	山南町青田
兵庫県	丹波市	山南町阿草
兵庫県	丹波市	山南町池谷
兵庫県	丹波市	山南町井原
兵庫県	丹波市	山南町岩屋
兵庫県	丹波市	山南町応地
兵庫県	丹波市	山南町大河
兵庫県	丹波市	山南町太田
兵庫県	丹波市	山南町大谷
兵庫県	丹波市	山南町岡本
兵庫県	丹波市	山南町奥
兵庫県	丹波市	山南町奥野々
兵庫県	丹波市	山南町小野尻
兵庫県	丹波市	山南町小畑
兵庫県	丹波市	山南町梶
兵庫県	丹波市	山南町金倉
兵庫県	丹波市	山南町金屋
兵庫県	丹波市	山南町上滝
兵庫県	丹波市	山南町北太田
兵庫県	丹波市	山南町北和田
兵庫県	丹波市	山南町きらら通
兵庫県	丹波市	山南町草部
兵庫県	丹波市	山南町五ケ野
兵庫県	丹波市	山南町小新屋
兵庫県	丹波市	山南町坂尻
兵庫県	丹波市	山南町篠場
兵庫県	丹波市	山南町子茂田
兵庫県	丹波市	山南町下滝
兵庫県	丹波市	山南町谷川
兵庫県	丹波市	山南町玉巻
兵庫県	丹波市	山南町富田
兵庫県	丹波市	山南町長野
兵庫県	丹波市	山南町西谷
兵庫県	丹波市	山南町野坂
兵庫県	丹波市	山南町畑内
兵庫県	丹波市	山南町前川
兵庫県	丹波市	山南町南中
兵庫県	丹波市	山南町美和
兵庫県	丹波市	山南町村森
兵庫県	丹波市	山南町山崎
兵庫県	丹波市	山南町山本
兵庫県	丹波市	山南町若林
兵庫県	丹波市	山南町和田
兵庫県	丹波市	氷上町上成松
兵庫県	丹波市	氷上町朝阪
兵庫県	丹波市	氷上町伊佐口
兵庫県	丹波市	氷上町石生
兵庫県	丹波市	氷上町市辺
兵庫県	丹波市	氷上町井中
兵庫県	丹波市	氷上町稲継
兵庫県	丹波市	氷上町稲畑
兵庫県	丹波市	氷上町犬岡
兵庫県	丹波市	氷上町大崎
兵庫県	丹波市	氷上町大谷
兵庫県	丹波市	氷上町長野
兵庫県	丹波市	氷上町小野
兵庫県	丹波市	氷上町柿柴
兵庫県	丹波市	氷上町上新庄
兵庫県	丹波市	氷上町賀茂
兵庫県	丹波市	氷上町鴨内
兵庫県	丹波市	氷上町北野
兵庫県	丹波市	氷上町北油良
兵庫県	丹波市	氷上町絹山
兵庫県	丹波市	氷上町清住
兵庫県	丹波市	氷上町黒田
兵庫県	丹波市	氷上町香良
兵庫県	丹波市	氷上町小谷
兵庫県	丹波市	氷上町御油
兵庫県	丹波市	氷上町桟敷
兵庫県	丹波市	氷上町佐野
兵庫県	丹波市	氷上町下新庄
兵庫県	丹波市	氷上町常楽
兵庫県	丹波市	氷上町新郷
兵庫県	丹波市	氷上町谷村
兵庫県	丹波市	氷上町中
兵庫県	丹波市	氷上町中野
兵庫県	丹波市	氷上町成松
兵庫県	丹波市	氷上町西中
兵庫県	丹波市	氷上町沼
兵庫県	丹波市	氷上町氷上
兵庫県	丹波市	氷上町日比宇
兵庫県	丹波市	氷上町福田
兵庫県	丹波市	氷上町本郷
兵庫県	丹波市	氷上町三方
兵庫県	丹波市	氷上町南油良
兵庫県	丹波市	氷上町三原
兵庫県	丹波市	氷上町油利
兵庫県	丹波市	氷上町横田
兵庫県	南あわじ市	阿那賀
兵庫県	南あわじ市	阿那賀志知川
兵庫県	南あわじ市	阿那賀西路
兵庫県	南あわじ市	阿万上町
兵庫県	南あわじ市	阿万塩屋町
兵庫県	南あわじ市	阿万下町
兵庫県	南あわじ市	阿万西町
兵庫県	南あわじ市	阿万東町
兵庫県	南あわじ市	阿万吹上町
兵庫県	南あわじ市	伊加利
兵庫県	南あわじ市	市青木
兵庫県	南あわじ市	市市
兵庫県	南あわじ市	市円行寺
兵庫県	南あわじ市	市小井
兵庫県	南あわじ市	市三條
兵庫県	南あわじ市	市十一ケ所
兵庫県	南あわじ市	市新
兵庫県	南あわじ市	市善光寺
兵庫県	南あわじ市	市徳長
兵庫県	南あわじ市	市福永
兵庫県	南あわじ市	榎列大榎列
兵庫県	南あわじ市	榎列上幡多
兵庫県	南あわじ市	榎列掃守
兵庫県	南あわじ市	榎列小榎列
兵庫県	南あわじ市	榎列下幡多
兵庫県	南あわじ市	榎列西川
兵庫県	南あわじ市	榎列松田
兵庫県	南あわじ市	榎列山所
兵庫県	南あわじ市	桜花の郷
兵庫県	南あわじ市	賀集牛内
兵庫県	南あわじ市	賀集内ケ原
兵庫県	南あわじ市	賀集鍛治屋
兵庫県	南あわじ市	賀集生子
兵庫県	南あわじ市	賀集立川瀬
兵庫県	南あわじ市	賀集長原
兵庫県	南あわじ市	賀集野田
兵庫県	南あわじ市	賀集福井
兵庫県	南あわじ市	賀集八幡
兵庫県	南あわじ市	賀集（賀集）
兵庫県	南あわじ市	北阿万伊賀野
兵庫県	南あわじ市	北阿万稲田南
兵庫県	南あわじ市	北阿万新田（北、中）
兵庫県	南あわじ市	北阿万筒井
兵庫県	南あわじ市	潮美台
兵庫県	南あわじ市	志知
兵庫県	南あわじ市	志知奥
兵庫県	南あわじ市	志知北
兵庫県	南あわじ市	志知口
兵庫県	南あわじ市	志知佐礼尾
兵庫県	南あわじ市	志知鈩
兵庫県	南あわじ市	志知中島
兵庫県	南あわじ市	志知難波
兵庫県	南あわじ市	志知飯山寺
兵庫県	南あわじ市	志知松本
兵庫県	南あわじ市	志知南
兵庫県	南あわじ市	倭文安住寺
兵庫県	南あわじ市	倭文委文
兵庫県	南あわじ市	倭文高
兵庫県	南あわじ市	倭文庄田
兵庫県	南あわじ市	倭文神道
兵庫県	南あわじ市	倭文土井
兵庫県	南あわじ市	倭文長田
兵庫県	南あわじ市	倭文流
兵庫県	南あわじ市	神代浦壁
兵庫県	南あわじ市	神代喜来
兵庫県	南あわじ市	神代黒道
兵庫県	南あわじ市	神代國衙
兵庫県	南あわじ市	神代地頭方
兵庫県	南あわじ市	神代社家
兵庫県	南あわじ市	神代富田
兵庫県	南あわじ市	中条中筋
兵庫県	南あわじ市	中条徳原
兵庫県	南あわじ市	中条広田
兵庫県	南あわじ市	津井
兵庫県	南あわじ市	灘
兵庫県	南あわじ市	沼島
兵庫県	南あわじ市	広田中筋
兵庫県	南あわじ市	広田広田
兵庫県	南あわじ市	福良乙
兵庫県	南あわじ市	福良甲
兵庫県	南あわじ市	福良丙
兵庫県	南あわじ市	松帆檪田
兵庫県	南あわじ市	松帆江尻
兵庫県	南あわじ市	松帆戒旦寺
兵庫県	南あわじ市	松帆北方
兵庫県	南あわじ市	松帆北浜
兵庫県	南あわじ市	松帆慶野
兵庫県	南あわじ市	松帆古津路
兵庫県	南あわじ市	松帆塩浜
兵庫県	南あわじ市	松帆志知川
兵庫県	南あわじ市	松帆高屋
兵庫県	南あわじ市	松帆西路
兵庫県	南あわじ市	松帆宝明寺
兵庫県	南あわじ市	松帆脇田
兵庫県	南あわじ市	湊
兵庫県	南あわじ市	湊里
兵庫県	南あわじ市	八木入田
兵庫県	南あわじ市	八木馬回
兵庫県	南あわじ市	八木大久保
兵庫県	南あわじ市	八木国分
兵庫県	南あわじ市	八木寺内
兵庫県	南あわじ市	八木新庄
兵庫県	南あわじ市	八木立石
兵庫県	南あわじ市	八木徳野
兵庫県	南あわじ市	八木鳥井
兵庫県	南あわじ市	八木野原
兵庫県	南あわじ市	八木養宜上
兵庫県	南あわじ市	八木養宜中
兵庫県	南あわじ市	山添
兵庫県	朝来市	生野町猪野々
兵庫県	朝来市	生野町奥銀谷
兵庫県	朝来市	生野町川尻
兵庫県	朝来市	生野町口銀谷
兵庫県	朝来市	生野町黒川
兵庫県	朝来市	生野町小野
兵庫県	朝来市	生野町白口
兵庫県	朝来市	生野町新町
兵庫県	朝来市	生野町竹原野
兵庫県	朝来市	生野町栃原
兵庫県	朝来市	生野町真弓
兵庫県	朝来市	生野町円山
兵庫県	朝来市	石田
兵庫県	朝来市	伊由市場
兵庫県	朝来市	岩津
兵庫県	朝来市	上八代
兵庫県	朝来市	川上
兵庫県	朝来市	桑市
兵庫県	朝来市	佐嚢
兵庫県	朝来市	沢
兵庫県	朝来市	山東町粟鹿
兵庫県	朝来市	山東町一品
兵庫県	朝来市	山東町大内
兵庫県	朝来市	山東町大垣
兵庫県	朝来市	山東町大月
兵庫県	朝来市	山東町越田
兵庫県	朝来市	山東町柿坪
兵庫県	朝来市	山東町楽音寺
兵庫県	朝来市	山東町金浦
兵庫県	朝来市	山東町喜多垣
兵庫県	朝来市	山東町小谷
兵庫県	朝来市	山東町塩田
兵庫県	朝来市	山東町柴
兵庫県	朝来市	山東町新堂
兵庫県	朝来市	山東町滝田
兵庫県	朝来市	山東町野間
兵庫県	朝来市	山東町迫間
兵庫県	朝来市	山東町柊木
兵庫県	朝来市	山東町末歳
兵庫県	朝来市	山東町溝黒
兵庫県	朝来市	山東町三保
兵庫県	朝来市	山東町森
兵庫県	朝来市	山東町矢名瀬町
兵庫県	朝来市	山東町与布土
兵庫県	朝来市	山東町和賀
兵庫県	朝来市	山東町早田
兵庫県	朝来市	多々良木
兵庫県	朝来市	立脇
兵庫県	朝来市	立野
兵庫県	朝来市	田路
兵庫県	朝来市	新井
兵庫県	朝来市	納座
兵庫県	朝来市	羽渕
兵庫県	朝来市	物部
兵庫県	朝来市	八代
兵庫県	朝来市	山内
兵庫県	朝来市	山口
兵庫県	朝来市	和田山町秋葉台
兵庫県	朝来市	和田山町朝日
兵庫県	朝来市	和田山町市場
兵庫県	朝来市	和田山町市御堂
兵庫県	朝来市	和田山町内海
兵庫県	朝来市	和田山町駅北
兵庫県	朝来市	和田山町岡
兵庫県	朝来市	和田山町岡田
兵庫県	朝来市	和田山町加都
兵庫県	朝来市	和田山町久世田
兵庫県	朝来市	和田山町久田和
兵庫県	朝来市	和田山町久留引
兵庫県	朝来市	和田山町桑原
兵庫県	朝来市	和田山町栄町
兵庫県	朝来市	和田山町三波
兵庫県	朝来市	和田山町城南台
兵庫県	朝来市	和田山町白井
兵庫県	朝来市	和田山町高田
兵庫県	朝来市	和田山町竹田
兵庫県	朝来市	和田山町竹ノ内
兵庫県	朝来市	和田山町高生田
兵庫県	朝来市	和田山町立ノ原
兵庫県	朝来市	和田山町玉置
兵庫県	朝来市	和田山町筒江
兵庫県	朝来市	和田山町寺内
兵庫県	朝来市	和田山町寺谷
兵庫県	朝来市	和田山町殿
兵庫県	朝来市	和田山町中
兵庫県	朝来市	和田山町野村
兵庫県	朝来市	和田山町林垣
兵庫県	朝来市	和田山町土田
兵庫県	朝来市	和田山町東谷
兵庫県	朝来市	和田山町東和田
兵庫県	朝来市	和田山町比治
兵庫県	朝来市	和田山町枚田
兵庫県	朝来市	和田山町枚田岡
兵庫県	朝来市	和田山町平野
兵庫県	朝来市	和田山町藤和
兵庫県	朝来市	和田山町法道寺
兵庫県	朝来市	和田山町法興寺
兵庫県	朝来市	和田山町万葉台
兵庫県	朝来市	和田山町宮
兵庫県	朝来市	和田山町宮内
兵庫県	朝来市	和田山町宮田
兵庫県	朝来市	和田山町室尾
兵庫県	朝来市	和田山町安井
兵庫県	朝来市	和田山町柳原
兵庫県	朝来市	和田山町弥生が丘
兵庫県	朝来市	和田山町和田
兵庫県	朝来市	和田山町和田山
兵庫県	淡路市	浅野神田
兵庫県	淡路市	浅野南
兵庫県	淡路市	生田大坪
兵庫県	淡路市	生田田尻
兵庫県	淡路市	生田畑
兵庫県	淡路市	育波
兵庫県	淡路市	生穂
兵庫県	淡路市	生穂新島
兵庫県	淡路市	池ノ内
兵庫県	淡路市	石田
兵庫県	淡路市	井手
兵庫県	淡路市	入野
兵庫県	淡路市	岩屋
兵庫県	淡路市	浦
兵庫県	淡路市	江井
兵庫県	淡路市	王子
兵庫県	淡路市	大磯
兵庫県	淡路市	大谷
兵庫県	淡路市	大町上
兵庫県	淡路市	大町下
兵庫県	淡路市	大町畑
兵庫県	淡路市	小倉
兵庫県	淡路市	尾崎
兵庫県	淡路市	小田
兵庫県	淡路市	釜口
兵庫県	淡路市	上河合
兵庫県	淡路市	仮屋
兵庫県	淡路市	木曽上
兵庫県	淡路市	木曽上畑
兵庫県	淡路市	木曽下
兵庫県	淡路市	北山
兵庫県	淡路市	草香
兵庫県	淡路市	草香北
兵庫県	淡路市	楠本
兵庫県	淡路市	下司
兵庫県	淡路市	久野々
兵庫県	淡路市	久留麻
兵庫県	淡路市	黒谷
兵庫県	淡路市	郡家
兵庫県	淡路市	小磯
兵庫県	淡路市	河内
兵庫県	淡路市	興隆寺
兵庫県	淡路市	里
兵庫県	淡路市	佐野
兵庫県	淡路市	佐野新島
兵庫県	淡路市	塩尾
兵庫県	淡路市	塩田新島
兵庫県	淡路市	志筑
兵庫県	淡路市	志筑新島
兵庫県	淡路市	志筑新浜
兵庫県	淡路市	下河合
兵庫県	淡路市	下田
兵庫県	淡路市	白山
兵庫県	淡路市	新村
兵庫県	淡路市	多賀
兵庫県	淡路市	高山
兵庫県	淡路市	竹谷
兵庫県	淡路市	谷
兵庫県	淡路市	津名の郷
兵庫県	淡路市	遠田
兵庫県	淡路市	富島
兵庫県	淡路市	斗ノ内
兵庫県	淡路市	長沢
兵庫県	淡路市	中田
兵庫県	淡路市	長畠
兵庫県	淡路市	中村
兵庫県	淡路市	中持
兵庫県	淡路市	仁井
兵庫県	淡路市	野島大川
兵庫県	淡路市	野島貴船
兵庫県	淡路市	野島常盤
兵庫県	淡路市	野島轟木
兵庫県	淡路市	野島蟇浦
兵庫県	淡路市	野島平林
兵庫県	淡路市	野島江崎（１３、１４番地、１０番地の２、５）
兵庫県	淡路市	野島江崎（その他）
兵庫県	淡路市	野田尾
兵庫県	淡路市	浜
兵庫県	淡路市	深草
兵庫県	淡路市	舟木
兵庫県	淡路市	南
兵庫県	淡路市	南鵜崎
兵庫県	淡路市	明神
兵庫県	淡路市	室津
兵庫県	淡路市	柳沢
兵庫県	淡路市	山田
兵庫県	淡路市	夢舞台
兵庫県	宍粟市	一宮町安黒
兵庫県	宍粟市	一宮町安積
兵庫県	宍粟市	一宮町井内
兵庫県	宍粟市	一宮町生栖
兵庫県	宍粟市	一宮町伊和
兵庫県	宍粟市	一宮町閏賀
兵庫県	宍粟市	一宮町百千家満
兵庫県	宍粟市	一宮町上岸田
兵庫県	宍粟市	一宮町上野田
兵庫県	宍粟市	一宮町河原田
兵庫県	宍粟市	一宮町草木
兵庫県	宍粟市	一宮町公文
兵庫県	宍粟市	一宮町倉床
兵庫県	宍粟市	一宮町黒原
兵庫県	宍粟市	一宮町嶋田
兵庫県	宍粟市	一宮町下野田
兵庫県	宍粟市	一宮町杉田
兵庫県	宍粟市	一宮町須行名
兵庫県	宍粟市	一宮町千町
兵庫県	宍粟市	一宮町西安積
兵庫県	宍粟市	一宮町西深
兵庫県	宍粟市	一宮町東市場
兵庫県	宍粟市	一宮町東河内
兵庫県	宍粟市	一宮町深河谷
兵庫県	宍粟市	一宮町福知
兵庫県	宍粟市	一宮町福中
兵庫県	宍粟市	一宮町福野
兵庫県	宍粟市	一宮町三方町
兵庫県	宍粟市	一宮町森添
兵庫県	宍粟市	一宮町能倉
兵庫県	宍粟市	一宮町横山
兵庫県	宍粟市	千種町岩野辺
兵庫県	宍粟市	千種町奥西山
兵庫県	宍粟市	千種町黒土
兵庫県	宍粟市	千種町下河野
兵庫県	宍粟市	千種町河内
兵庫県	宍粟市	千種町河呂
兵庫県	宍粟市	千種町鷹巣
兵庫県	宍粟市	千種町千草
兵庫県	宍粟市	千種町西河内
兵庫県	宍粟市	千種町西山
兵庫県	宍粟市	千種町七野
兵庫県	宍粟市	千種町室
兵庫県	宍粟市	波賀町有賀
兵庫県	宍粟市	波賀町飯見
兵庫県	宍粟市	波賀町今市
兵庫県	宍粟市	波賀町上野
兵庫県	宍粟市	波賀町小野
兵庫県	宍粟市	波賀町音水
兵庫県	宍粟市	波賀町斉木
兵庫県	宍粟市	波賀町鹿伏
兵庫県	宍粟市	波賀町谷
兵庫県	宍粟市	波賀町道谷
兵庫県	宍粟市	波賀町戸倉
兵庫県	宍粟市	波賀町野尻
兵庫県	宍粟市	波賀町原
兵庫県	宍粟市	波賀町引原
兵庫県	宍粟市	波賀町日ノ原
兵庫県	宍粟市	波賀町日見谷
兵庫県	宍粟市	波賀町皆木
兵庫県	宍粟市	波賀町安賀
兵庫県	宍粟市	山崎町青木
兵庫県	宍粟市	山崎町五十波
兵庫県	宍粟市	山崎町生谷
兵庫県	宍粟市	山崎町市場
兵庫県	宍粟市	山崎町今宿
兵庫県	宍粟市	山崎町上寺
兵庫県	宍粟市	山崎町宇野
兵庫県	宍粟市	山崎町宇原
兵庫県	宍粟市	山崎町大沢
兵庫県	宍粟市	山崎町大谷
兵庫県	宍粟市	山崎町梯
兵庫県	宍粟市	山崎町加生
兵庫県	宍粟市	山崎町葛根
兵庫県	宍粟市	山崎町片山
兵庫県	宍粟市	山崎町金谷
兵庫県	宍粟市	山崎町上ノ
兵庫県	宍粟市	山崎町上比地
兵庫県	宍粟市	山崎町上牧谷
兵庫県	宍粟市	山崎町川戸
兵庫県	宍粟市	山崎町岸田
兵庫県	宍粟市	山崎町木谷
兵庫県	宍粟市	山崎町木ノ谷
兵庫県	宍粟市	山崎町高下
兵庫県	宍粟市	山崎町高所
兵庫県	宍粟市	山崎町神谷
兵庫県	宍粟市	山崎町小茅野
兵庫県	宍粟市	山崎町御名
兵庫県	宍粟市	山崎町塩田
兵庫県	宍粟市	山崎町塩山
兵庫県	宍粟市	山崎町鹿沢
兵庫県	宍粟市	山崎町下宇原
兵庫県	宍粟市	山崎町下比地
兵庫県	宍粟市	山崎町下広瀬
兵庫県	宍粟市	山崎町下牧谷
兵庫県	宍粟市	山崎町下町
兵庫県	宍粟市	山崎町庄能
兵庫県	宍粟市	山崎町須賀沢
兵庫県	宍粟市	山崎町杉ケ瀬
兵庫県	宍粟市	山崎町清野
兵庫県	宍粟市	山崎町千本屋
兵庫県	宍粟市	山崎町田井
兵庫県	宍粟市	山崎町段
兵庫県	宍粟市	山崎町鶴木
兵庫県	宍粟市	山崎町中
兵庫県	宍粟市	山崎町中井
兵庫県	宍粟市	山崎町中野
兵庫県	宍粟市	山崎町中比地
兵庫県	宍粟市	山崎町中広瀬
兵庫県	宍粟市	山崎町野
兵庫県	宍粟市	山崎町野々上
兵庫県	宍粟市	山崎町春安
兵庫県	宍粟市	山崎町東下野
兵庫県	宍粟市	山崎町土万
兵庫県	宍粟市	山崎町船元
兵庫県	宍粟市	山崎町三谷
兵庫県	宍粟市	山崎町三津
兵庫県	宍粟市	山崎町母栖
兵庫県	宍粟市	山崎町元山崎
兵庫県	宍粟市	山崎町門前
兵庫県	宍粟市	山崎町矢原
兵庫県	宍粟市	山崎町山崎
兵庫県	宍粟市	山崎町山田
兵庫県	宍粟市	山崎町与位
兵庫県	宍粟市	山崎町横須
兵庫県	加東市	秋津
兵庫県	加東市	厚利
兵庫県	加東市	家原
兵庫県	加東市	池之内
兵庫県	加東市	出水
兵庫県	加東市	稲尾
兵庫県	加東市	岩屋
兵庫県	加東市	上田
兵庫県	加東市	馬瀬
兵庫県	加東市	永福
兵庫県	加東市	多井田
兵庫県	加東市	大畑
兵庫県	加東市	岡本
兵庫県	加東市	小沢
兵庫県	加東市	貝原
兵庫県	加東市	梶原
兵庫県	加東市	上鴨川
兵庫県	加東市	上久米
兵庫県	加東市	上滝野
兵庫県	加東市	上中
兵庫県	加東市	上三草
兵庫県	加東市	喜田
兵庫県	加東市	北野
兵庫県	加東市	木梨
兵庫県	加東市	窪田
兵庫県	加東市	久米
兵庫県	加東市	黒谷
兵庫県	加東市	河高
兵庫県	加東市	光明寺
兵庫県	加東市	栄枝
兵庫県	加東市	桜台
兵庫県	加東市	佐保
兵庫県	加東市	沢部
兵庫県	加東市	下鴨川
兵庫県	加東市	下久米
兵庫県	加東市	下滝野
兵庫県	加東市	下三草
兵庫県	加東市	少分谷
兵庫県	加東市	新定
兵庫県	加東市	新町
兵庫県	加東市	曽我
兵庫県	加東市	大門
兵庫県	加東市	高岡
兵庫県	加東市	滝野団地
兵庫県	加東市	田中
兵庫県	加東市	天神
兵庫県	加東市	東実
兵庫県	加東市	鳥居
兵庫県	加東市	中古瀬
兵庫県	加東市	長貞
兵庫県	加東市	西古瀬
兵庫県	加東市	西垂水
兵庫県	加東市	野村
兵庫県	加東市	掎鹿谷
兵庫県	加東市	畑
兵庫県	加東市	東古瀬
兵庫県	加東市	東垂水
兵庫県	加東市	平木
兵庫県	加東市	ひろのが丘
兵庫県	加東市	福吉
兵庫県	加東市	藤田
兵庫県	加東市	穂積
兵庫県	加東市	牧野
兵庫県	加東市	松尾
兵庫県	加東市	松沢
兵庫県	加東市	廻渕
兵庫県	加東市	南山
兵庫県	加東市	森
兵庫県	加東市	森尾
兵庫県	加東市	社
兵庫県	加東市	屋度
兵庫県	加東市	藪
兵庫県	加東市	山口
兵庫県	加東市	山国
兵庫県	加東市	横谷
兵庫県	加東市	吉井
兵庫県	加東市	吉馬
兵庫県	たつの市	揖西町芦原台
兵庫県	たつの市	揖西町小神
兵庫県	たつの市	揖西町尾崎
兵庫県	たつの市	揖西町小畑
兵庫県	たつの市	揖西町構
兵庫県	たつの市	揖西町北沢
兵庫県	たつの市	揖西町北山
兵庫県	たつの市	揖西町小犬丸
兵庫県	たつの市	揖西町佐江
兵庫県	たつの市	揖西町清水
兵庫県	たつの市	揖西町清水新
兵庫県	たつの市	揖西町新宮
兵庫県	たつの市	揖西町住吉
兵庫県	たつの市	揖西町田井
兵庫県	たつの市	揖西町竹原
兵庫県	たつの市	揖西町竹万
兵庫県	たつの市	揖西町長尾
兵庫県	たつの市	揖西町中垣内
兵庫県	たつの市	揖西町土師
兵庫県	たつの市	揖西町前地
兵庫県	たつの市	揖西町南山
兵庫県	たつの市	揖西町龍子
兵庫県	たつの市	揖保川町市場
兵庫県	たつの市	揖保川町馬場
兵庫県	たつの市	揖保川町浦部
兵庫県	たつの市	揖保川町片島
兵庫県	たつの市	揖保川町神戸北山
兵庫県	たつの市	揖保川町黍田
兵庫県	たつの市	揖保川町金剛山
兵庫県	たつの市	揖保川町正條
兵庫県	たつの市	揖保川町新在家
兵庫県	たつの市	揖保川町大門
兵庫県	たつの市	揖保川町野田
兵庫県	たつの市	揖保川町原
兵庫県	たつの市	揖保川町半田
兵庫県	たつの市	揖保川町袋尻
兵庫県	たつの市	揖保川町二塚
兵庫県	たつの市	揖保川町本條
兵庫県	たつの市	揖保川町養久
兵庫県	たつの市	揖保川町山津屋
兵庫県	たつの市	揖保町揖保上
兵庫県	たつの市	揖保町揖保中
兵庫県	たつの市	揖保町今市
兵庫県	たつの市	揖保町栄
兵庫県	たつの市	揖保町東用
兵庫県	たつの市	揖保町中臣
兵庫県	たつの市	揖保町西構
兵庫県	たつの市	揖保町萩原
兵庫県	たつの市	揖保町真砂
兵庫県	たつの市	揖保町松原
兵庫県	たつの市	揖保町門前
兵庫県	たつの市	揖保町山下
兵庫県	たつの市	神岡町入野
兵庫県	たつの市	神岡町追分
兵庫県	たつの市	神岡町奥村
兵庫県	たつの市	神岡町上横内
兵庫県	たつの市	神岡町北横内
兵庫県	たつの市	神岡町沢田
兵庫県	たつの市	神岡町大住寺
兵庫県	たつの市	神岡町田中
兵庫県	たつの市	神岡町筒井
兵庫県	たつの市	神岡町西鳥井
兵庫県	たつの市	神岡町西横内
兵庫県	たつの市	神岡町野部
兵庫県	たつの市	神岡町東觜崎
兵庫県	たつの市	神岡町横内
兵庫県	たつの市	神岡町寄井
兵庫県	たつの市	新宮町市野保
兵庫県	たつの市	新宮町井野原
兵庫県	たつの市	新宮町馬立
兵庫県	たつの市	新宮町大屋
兵庫県	たつの市	新宮町奥小屋
兵庫県	たつの市	新宮町鍛冶屋
兵庫県	たつの市	新宮町上莇原
兵庫県	たつの市	新宮町上笹
兵庫県	たつの市	新宮町北村
兵庫県	たつの市	新宮町栗町
兵庫県	たつの市	新宮町光都
兵庫県	たつの市	新宮町香山
兵庫県	たつの市	新宮町芝田
兵庫県	たつの市	新宮町佐野
兵庫県	たつの市	新宮町篠首
兵庫県	たつの市	新宮町下莇原
兵庫県	たつの市	新宮町下笹
兵庫県	たつの市	新宮町下野
兵庫県	たつの市	新宮町下野田
兵庫県	たつの市	新宮町新宮
兵庫県	たつの市	新宮町善定
兵庫県	たつの市	新宮町仙正
兵庫県	たつの市	新宮町千本
兵庫県	たつの市	新宮町曽我井
兵庫県	たつの市	新宮町段之上
兵庫県	たつの市	新宮町角亀
兵庫県	たつの市	新宮町時重
兵庫県	たつの市	新宮町中野庄
兵庫県	たつの市	新宮町能地
兵庫県	たつの市	新宮町觜崎
兵庫県	たつの市	新宮町平野
兵庫県	たつの市	新宮町福栖
兵庫県	たつの市	新宮町二柏野
兵庫県	たつの市	新宮町船渡
兵庫県	たつの市	新宮町牧
兵庫県	たつの市	新宮町宮内
兵庫県	たつの市	新宮町吉島
兵庫県	たつの市	龍野町旭町
兵庫県	たつの市	龍野町大手
兵庫県	たつの市	龍野町小宅北
兵庫県	たつの市	龍野町片山
兵庫県	たつの市	龍野町上霞城
兵庫県	たつの市	龍野町上川原
兵庫県	たつの市	龍野町川原町
兵庫県	たつの市	龍野町北龍野
兵庫県	たつの市	龍野町島田
兵庫県	たつの市	龍野町下霞城
兵庫県	たつの市	龍野町下川原
兵庫県	たつの市	龍野町水神町
兵庫県	たつの市	龍野町末政
兵庫県	たつの市	龍野町大道
兵庫県	たつの市	龍野町立町
兵庫県	たつの市	龍野町堂本
兵庫県	たつの市	龍野町富永
兵庫県	たつの市	龍野町中井
兵庫県	たつの市	龍野町中霞城
兵庫県	たつの市	龍野町中村
兵庫県	たつの市	龍野町日飼
兵庫県	たつの市	龍野町日山
兵庫県	たつの市	龍野町福の神
兵庫県	たつの市	龍野町本町
兵庫県	たつの市	龍野町宮脇
兵庫県	たつの市	龍野町門の外
兵庫県	たつの市	龍野町柳原
兵庫県	たつの市	龍野町四箇
兵庫県	たつの市	誉田町井上
兵庫県	たつの市	誉田町内山
兵庫県	たつの市	誉田町片吹
兵庫県	たつの市	誉田町上沖
兵庫県	たつの市	誉田町下沖
兵庫県	たつの市	誉田町高駄
兵庫県	たつの市	誉田町長真
兵庫県	たつの市	誉田町広山
兵庫県	たつの市	誉田町福田
兵庫県	たつの市	誉田町誉
兵庫県	たつの市	御津町朝臣
兵庫県	たつの市	御津町碇岩
兵庫県	たつの市	御津町岩見
兵庫県	たつの市	御津町釜屋
兵庫県	たつの市	御津町苅屋
兵庫県	たつの市	御津町黒崎
兵庫県	たつの市	御津町中島
兵庫県	たつの市	御津町室津
兵庫県	川辺郡猪名川町	旭ケ丘
兵庫県	川辺郡猪名川町	猪名川台
兵庫県	川辺郡猪名川町	猪渕
兵庫県	川辺郡猪名川町	上野
兵庫県	川辺郡猪名川町	内馬場
兵庫県	川辺郡猪名川町	柏梨田
兵庫県	川辺郡猪名川町	柏原
兵庫県	川辺郡猪名川町	鎌倉
兵庫県	川辺郡猪名川町	上阿古谷
兵庫県	川辺郡猪名川町	北田原
兵庫県	川辺郡猪名川町	北野
兵庫県	川辺郡猪名川町	木津
兵庫県	川辺郡猪名川町	肝川
兵庫県	川辺郡猪名川町	銀山
兵庫県	川辺郡猪名川町	木間生
兵庫県	川辺郡猪名川町	笹尾
兵庫県	川辺郡猪名川町	差組
兵庫県	川辺郡猪名川町	島
兵庫県	川辺郡猪名川町	清水
兵庫県	川辺郡猪名川町	清水東
兵庫県	川辺郡猪名川町	下阿古谷
兵庫県	川辺郡猪名川町	白金
兵庫県	川辺郡猪名川町	杉生
兵庫県	川辺郡猪名川町	荘苑
兵庫県	川辺郡猪名川町	民田
兵庫県	川辺郡猪名川町	槻並
兵庫県	川辺郡猪名川町	つつじが丘
兵庫県	川辺郡猪名川町	杤原
兵庫県	川辺郡猪名川町	西畑
兵庫県	川辺郡猪名川町	仁頂寺
兵庫県	川辺郡猪名川町	林田
兵庫県	川辺郡猪名川町	原
兵庫県	川辺郡猪名川町	広根
兵庫県	川辺郡猪名川町	伏見台
兵庫県	川辺郡猪名川町	松尾台
兵庫県	川辺郡猪名川町	万善
兵庫県	川辺郡猪名川町	南田原
兵庫県	川辺郡猪名川町	紫合
兵庫県	川辺郡猪名川町	若葉
兵庫県	多可郡多可町	加美区岩座神
兵庫県	多可郡多可町	加美区市原
兵庫県	多可郡多可町	加美区大袋
兵庫県	多可郡多可町	加美区奥荒田
兵庫県	多可郡多可町	加美区奥豊部
兵庫県	多可郡多可町	加美区門村
兵庫県	多可郡多可町	加美区観音寺
兵庫県	多可郡多可町	加美区清水
兵庫県	多可郡多可町	加美区熊野部
兵庫県	多可郡多可町	加美区杉原
兵庫県	多可郡多可町	加美区多田
兵庫県	多可郡多可町	加美区棚釜
兵庫県	多可郡多可町	加美区丹治
兵庫県	多可郡多可町	加美区寺内
兵庫県	多可郡多可町	加美区轟
兵庫県	多可郡多可町	加美区豊部
兵庫県	多可郡多可町	加美区鳥羽
兵庫県	多可郡多可町	加美区西山
兵庫県	多可郡多可町	加美区西脇
兵庫県	多可郡多可町	加美区箸荷
兵庫県	多可郡多可町	加美区的場
兵庫県	多可郡多可町	加美区三谷
兵庫県	多可郡多可町	加美区山口
兵庫県	多可郡多可町	加美区山野部
兵庫県	多可郡多可町	加美区山寄上
兵庫県	多可郡多可町	中区安坂
兵庫県	多可郡多可町	中区天田
兵庫県	多可郡多可町	中区安楽田
兵庫県	多可郡多可町	中区奥中
兵庫県	多可郡多可町	中区鍛冶屋
兵庫県	多可郡多可町	中区岸上
兵庫県	多可郡多可町	中区糀屋
兵庫県	多可郡多可町	中区坂本
兵庫県	多可郡多可町	中区茂利
兵庫県	多可郡多可町	中区曽我井
兵庫県	多可郡多可町	中区高岸
兵庫県	多可郡多可町	中区田野口
兵庫県	多可郡多可町	中区徳畑
兵庫県	多可郡多可町	中区中村町
兵庫県	多可郡多可町	中区中安田
兵庫県	多可郡多可町	中区西安田
兵庫県	多可郡多可町	中区東安田
兵庫県	多可郡多可町	中区東山
兵庫県	多可郡多可町	中区牧野
兵庫県	多可郡多可町	中区間子
兵庫県	多可郡多可町	中区森本
兵庫県	多可郡多可町	中区門前
兵庫県	多可郡多可町	八千代区赤坂
兵庫県	多可郡多可町	八千代区大屋
兵庫県	多可郡多可町	八千代区門田
兵庫県	多可郡多可町	八千代区坂本
兵庫県	多可郡多可町	八千代区仕出原
兵庫県	多可郡多可町	八千代区下野間
兵庫県	多可郡多可町	八千代区下三原
兵庫県	多可郡多可町	八千代区下村
兵庫県	多可郡多可町	八千代区俵田
兵庫県	多可郡多可町	八千代区中野間
兵庫県	多可郡多可町	八千代区中村
兵庫県	多可郡多可町	八千代区大和
兵庫県	多可郡多可町	八千代区横屋
兵庫県	加古郡稲美町	印南
兵庫県	加古郡稲美町	岡
兵庫県	加古郡稲美町	加古
兵庫県	加古郡稲美町	北山
兵庫県	加古郡稲美町	草谷
兵庫県	加古郡稲美町	国岡
兵庫県	加古郡稲美町	国北
兵庫県	加古郡稲美町	国安
兵庫県	加古郡稲美町	幸竹
兵庫県	加古郡稲美町	下草谷
兵庫県	加古郡稲美町	蛸草
兵庫県	加古郡稲美町	中一色
兵庫県	加古郡稲美町	中村
兵庫県	加古郡稲美町	野谷
兵庫県	加古郡稲美町	野寺
兵庫県	加古郡稲美町	森安
兵庫県	加古郡稲美町	六分一
兵庫県	加古郡稲美町	和田
兵庫県	加古郡播磨町	大中
兵庫県	加古郡播磨町	上野添
兵庫県	加古郡播磨町	北野添
兵庫県	加古郡播磨町	北古田
兵庫県	加古郡播磨町	北本荘
兵庫県	加古郡播磨町	古宮
兵庫県	加古郡播磨町	新島
兵庫県	加古郡播磨町	西野添
兵庫県	加古郡播磨町	野添
兵庫県	加古郡播磨町	野添城
兵庫県	加古郡播磨町	東新島
兵庫県	加古郡播磨町	東野添
兵庫県	加古郡播磨町	東本荘
兵庫県	加古郡播磨町	二子
兵庫県	加古郡播磨町	古田
兵庫県	加古郡播磨町	本荘
兵庫県	加古郡播磨町	南大中
兵庫県	加古郡播磨町	南野添
兵庫県	加古郡播磨町	宮北
兵庫県	加古郡播磨町	宮西
兵庫県	神崎郡市川町	浅野
兵庫県	神崎郡市川町	甘地
兵庫県	神崎郡市川町	上田中
兵庫県	神崎郡市川町	奥
兵庫県	神崎郡市川町	小畑
兵庫県	神崎郡市川町	上牛尾
兵庫県	神崎郡市川町	上瀬加
兵庫県	神崎郡市川町	神崎
兵庫県	神崎郡市川町	北田中
兵庫県	神崎郡市川町	小谷
兵庫県	神崎郡市川町	小室
兵庫県	神崎郡市川町	坂戸
兵庫県	神崎郡市川町	沢
兵庫県	神崎郡市川町	下牛尾
兵庫県	神崎郡市川町	下瀬加
兵庫県	神崎郡市川町	田中
兵庫県	神崎郡市川町	谷
兵庫県	神崎郡市川町	近平
兵庫県	神崎郡市川町	千原
兵庫県	神崎郡市川町	鶴居
兵庫県	神崎郡市川町	西川辺
兵庫県	神崎郡市川町	西田中
兵庫県	神崎郡市川町	東川辺
兵庫県	神崎郡市川町	保喜
兵庫県	神崎郡市川町	美佐
兵庫県	神崎郡市川町	屋形
兵庫県	神崎郡福崎町	馬田
兵庫県	神崎郡福崎町	大貫
兵庫県	神崎郡福崎町	西治
兵庫県	神崎郡福崎町	高岡
兵庫県	神崎郡福崎町	高橋
兵庫県	神崎郡福崎町	田口
兵庫県	神崎郡福崎町	西田原
兵庫県	神崎郡福崎町	東田原
兵庫県	神崎郡福崎町	福崎新
兵庫県	神崎郡福崎町	福田
兵庫県	神崎郡福崎町	南田原
兵庫県	神崎郡福崎町	八千種
兵庫県	神崎郡福崎町	山崎
兵庫県	神崎郡神河町	上岩
兵庫県	神崎郡神河町	粟賀町
兵庫県	神崎郡神河町	猪篠
兵庫県	神崎郡神河町	岩屋
兵庫県	神崎郡神河町	大河
兵庫県	神崎郡神河町	大畑
兵庫県	神崎郡神河町	大山
兵庫県	神崎郡神河町	越知
兵庫県	神崎郡神河町	貝野
兵庫県	神崎郡神河町	鍛治
兵庫県	神崎郡神河町	柏尾
兵庫県	神崎郡神河町	加納
兵庫県	神崎郡神河町	上小田
兵庫県	神崎郡神河町	川上
兵庫県	神崎郡神河町	栗
兵庫県	神崎郡神河町	作畑
兵庫県	神崎郡神河町	新田
兵庫県	神崎郡神河町	杉
兵庫県	神崎郡神河町	高朝田
兵庫県	神崎郡神河町	寺野
兵庫県	神崎郡神河町	寺前
兵庫県	神崎郡神河町	中村
兵庫県	神崎郡神河町	新野
兵庫県	神崎郡神河町	野村
兵庫県	神崎郡神河町	長谷
兵庫県	神崎郡神河町	比延
兵庫県	神崎郡神河町	東柏尾
兵庫県	神崎郡神河町	福本
兵庫県	神崎郡神河町	渕
兵庫県	神崎郡神河町	南小田
兵庫県	神崎郡神河町	宮野
兵庫県	神崎郡神河町	根宇野
兵庫県	神崎郡神河町	山田
兵庫県	神崎郡神河町	吉冨
兵庫県	揖保郡太子町	阿曽
兵庫県	揖保郡太子町	鵤
兵庫県	揖保郡太子町	糸井
兵庫県	揖保郡太子町	岩見構
兵庫県	揖保郡太子町	老原
兵庫県	揖保郡太子町	王子
兵庫県	揖保郡太子町	太田
兵庫県	揖保郡太子町	沖代
兵庫県	揖保郡太子町	上太田
兵庫県	揖保郡太子町	黒岡
兵庫県	揖保郡太子町	佐用岡
兵庫県	揖保郡太子町	下阿曽
兵庫県	揖保郡太子町	常全
兵庫県	揖保郡太子町	竹広
兵庫県	揖保郡太子町	立岡
兵庫県	揖保郡太子町	塚森
兵庫県	揖保郡太子町	天満山
兵庫県	揖保郡太子町	東出
兵庫県	揖保郡太子町	東南
兵庫県	揖保郡太子町	東保
兵庫県	揖保郡太子町	馬場
兵庫県	揖保郡太子町	原
兵庫県	揖保郡太子町	広坂
兵庫県	揖保郡太子町	福地
兵庫県	揖保郡太子町	船代
兵庫県	揖保郡太子町	松尾
兵庫県	揖保郡太子町	松ケ下
兵庫県	揖保郡太子町	宮本
兵庫県	揖保郡太子町	矢田部
兵庫県	揖保郡太子町	山田
兵庫県	揖保郡太子町	吉福
兵庫県	揖保郡太子町	米田
兵庫県	揖保郡太子町	蓮常寺
兵庫県	赤穂郡上郡町	赤松
兵庫県	赤穂郡上郡町	旭日
兵庫県	赤穂郡上郡町	井上
兵庫県	赤穂郡上郡町	岩木
兵庫県	赤穂郡上郡町	宇治山
兵庫県	赤穂郡上郡町	宇野山
兵庫県	赤穂郡上郡町	駅前
兵庫県	赤穂郡上郡町	大枝
兵庫県	赤穂郡上郡町	大枝新
兵庫県	赤穂郡上郡町	大冨
兵庫県	赤穂郡上郡町	奥
兵庫県	赤穂郡上郡町	尾長谷
兵庫県	赤穂郡上郡町	小野豆
兵庫県	赤穂郡上郡町	落地
兵庫県	赤穂郡上郡町	柏野
兵庫県	赤穂郡上郡町	金出地
兵庫県	赤穂郡上郡町	釜島
兵庫県	赤穂郡上郡町	上郡
兵庫県	赤穂郡上郡町	休治
兵庫県	赤穂郡上郡町	楠
兵庫県	赤穂郡上郡町	栗原
兵庫県	赤穂郡上郡町	光都
兵庫県	赤穂郡上郡町	河野原
兵庫県	赤穂郡上郡町	苔縄
兵庫県	赤穂郡上郡町	佐用谷
兵庫県	赤穂郡上郡町	神明寺
兵庫県	赤穂郡上郡町	宿
兵庫県	赤穂郡上郡町	正福寺
兵庫県	赤穂郡上郡町	大持
兵庫県	赤穂郡上郡町	高田台
兵庫県	赤穂郡上郡町	高山
兵庫県	赤穂郡上郡町	竹万
兵庫県	赤穂郡上郡町	中野
兵庫県	赤穂郡上郡町	梨ケ原
兵庫県	赤穂郡上郡町	西野山
兵庫県	赤穂郡上郡町	野桑
兵庫県	赤穂郡上郡町	船坂
兵庫県	赤穂郡上郡町	別名
兵庫県	赤穂郡上郡町	細野
兵庫県	赤穂郡上郡町	八保
兵庫県	赤穂郡上郡町	山野里
兵庫県	赤穂郡上郡町	行頭
兵庫県	赤穂郡上郡町	與井
兵庫県	赤穂郡上郡町	與井新
兵庫県	佐用郡佐用町	庵
兵庫県	佐用郡佐用町	宇根
兵庫県	佐用郡佐用町	漆野
兵庫県	佐用郡佐用町	円光寺
兵庫県	佐用郡佐用町	円応寺
兵庫県	佐用郡佐用町	大垣内
兵庫県	佐用郡佐用町	大木谷
兵庫県	佐用郡佐用町	大下り
兵庫県	佐用郡佐用町	大酒
兵庫県	佐用郡佐用町	大畑
兵庫県	佐用郡佐用町	大畠
兵庫県	佐用郡佐用町	大日山
兵庫県	佐用郡佐用町	奥金近
兵庫県	佐用郡佐用町	奥長谷
兵庫県	佐用郡佐用町	奥海
兵庫県	佐用郡佐用町	皆田
兵庫県	佐用郡佐用町	金屋
兵庫県	佐用郡佐用町	上秋里
兵庫県	佐用郡佐用町	上石井
兵庫県	佐用郡佐用町	上本郷
兵庫県	佐用郡佐用町	上三河
兵庫県	佐用郡佐用町	久崎
兵庫県	佐用郡佐用町	櫛田
兵庫県	佐用郡佐用町	口金近
兵庫県	佐用郡佐用町	口長谷
兵庫県	佐用郡佐用町	桑野
兵庫県	佐用郡佐用町	家内
兵庫県	佐用郡佐用町	小赤松
兵庫県	佐用郡佐用町	河崎
兵庫県	佐用郡佐用町	上月
兵庫県	佐用郡佐用町	光都
兵庫県	佐用郡佐用町	小日山
兵庫県	佐用郡佐用町	小山
兵庫県	佐用郡佐用町	才金
兵庫県	佐用郡佐用町	桜山
兵庫県	佐用郡佐用町	真盛
兵庫県	佐用郡佐用町	真宗
兵庫県	佐用郡佐用町	佐用
兵庫県	佐用郡佐用町	志文
兵庫県	佐用郡佐用町	下秋里
兵庫県	佐用郡佐用町	下石井
兵庫県	佐用郡佐用町	下徳久
兵庫県	佐用郡佐用町	下本郷
兵庫県	佐用郡佐用町	下三河
兵庫県	佐用郡佐用町	末包
兵庫県	佐用郡佐用町	末廣
兵庫県	佐用郡佐用町	須安
兵庫県	佐用郡佐用町	多賀
兵庫県	佐用郡佐用町	弦谷
兵庫県	佐用郡佐用町	土井
兵庫県	佐用郡佐用町	豊福
兵庫県	佐用郡佐用町	中島
兵庫県	佐用郡佐用町	中三河
兵庫県	佐用郡佐用町	長尾
兵庫県	佐用郡佐用町	仁位
兵庫県	佐用郡佐用町	仁方
兵庫県	佐用郡佐用町	西大畠
兵庫県	佐用郡佐用町	西河内
兵庫県	佐用郡佐用町	西下野
兵庫県	佐用郡佐用町	西新宿
兵庫県	佐用郡佐用町	西徳久
兵庫県	佐用郡佐用町	乃井野
兵庫県	佐用郡佐用町	延吉
兵庫県	佐用郡佐用町	林崎
兵庫県	佐用郡佐用町	早瀬
兵庫県	佐用郡佐用町	春哉
兵庫県	佐用郡佐用町	東徳久
兵庫県	佐用郡佐用町	東中山
兵庫県	佐用郡佐用町	平福
兵庫県	佐用郡佐用町	平松
兵庫県	佐用郡佐用町	廣山
兵庫県	佐用郡佐用町	福沢
兵庫県	佐用郡佐用町	福中
兵庫県	佐用郡佐用町	福吉
兵庫県	佐用郡佐用町	船越
兵庫県	佐用郡佐用町	宝蔵寺
兵庫県	佐用郡佐用町	本位田
兵庫県	佐用郡佐用町	本郷
兵庫県	佐用郡佐用町	海内
兵庫県	佐用郡佐用町	三日月
兵庫県	佐用郡佐用町	水根
兵庫県	佐用郡佐用町	三ツ尾
兵庫県	佐用郡佐用町	南中山
兵庫県	佐用郡佐用町	三原
兵庫県	佐用郡佐用町	宗行
兵庫県	佐用郡佐用町	目高
兵庫県	佐用郡佐用町	安川
兵庫県	佐用郡佐用町	山田
兵庫県	佐用郡佐用町	山脇
兵庫県	佐用郡佐用町	横坂
兵庫県	佐用郡佐用町	淀
兵庫県	佐用郡佐用町	米田
兵庫県	佐用郡佐用町	寄延
兵庫県	佐用郡佐用町	力万
兵庫県	佐用郡佐用町	若州
兵庫県	美方郡香美町	小代区秋岡
兵庫県	美方郡香美町	小代区石寺
兵庫県	美方郡香美町	小代区大谷
兵庫県	美方郡香美町	小代区鍛治屋
兵庫県	美方郡香美町	小代区茅野
兵庫県	美方郡香美町	小代区神水
兵庫県	美方郡香美町	小代区神場
兵庫県	美方郡香美町	小代区久須部
兵庫県	美方郡香美町	小代区実山
兵庫県	美方郡香美町	小代区佐坊
兵庫県	美方郡香美町	小代区城山
兵庫県	美方郡香美町	小代区忠宮
兵庫県	美方郡香美町	小代区新屋
兵庫県	美方郡香美町	小代区貫田
兵庫県	美方郡香美町	小代区野間谷
兵庫県	美方郡香美町	小代区東垣
兵庫県	美方郡香美町	小代区平野
兵庫県	美方郡香美町	小代区広井
兵庫県	美方郡香美町	小代区水間
兵庫県	美方郡香美町	香住区相谷
兵庫県	美方郡香美町	香住区上計
兵庫県	美方郡香美町	香住区余部
兵庫県	美方郡香美町	香住区浦上
兵庫県	美方郡香美町	香住区大梶
兵庫県	美方郡香美町	香住区大谷
兵庫県	美方郡香美町	香住区大野
兵庫県	美方郡香美町	香住区沖浦
兵庫県	美方郡香美町	香住区加鹿野
兵庫県	美方郡香美町	香住区香住
兵庫県	美方郡香美町	香住区上岡
兵庫県	美方郡香美町	香住区九斗
兵庫県	美方郡香美町	香住区訓谷
兵庫県	美方郡香美町	香住区小原
兵庫県	美方郡香美町	香住区境
兵庫県	美方郡香美町	香住区下岡
兵庫県	美方郡香美町	香住区下浜
兵庫県	美方郡香美町	香住区守柄
兵庫県	美方郡香美町	香住区中野
兵庫県	美方郡香美町	香住区七日市
兵庫県	美方郡香美町	香住区丹生地
兵庫県	美方郡香美町	香住区西下岡
兵庫県	美方郡香美町	香住区畑
兵庫県	美方郡香美町	香住区土生
兵庫県	美方郡香美町	香住区隼人
兵庫県	美方郡香美町	香住区一日市
兵庫県	美方郡香美町	香住区藤
兵庫県	美方郡香美町	香住区間室
兵庫県	美方郡香美町	香住区三川
兵庫県	美方郡香美町	香住区三谷
兵庫県	美方郡香美町	香住区無南垣
兵庫県	美方郡香美町	香住区米地
兵庫県	美方郡香美町	香住区本見塚
兵庫県	美方郡香美町	香住区森
兵庫県	美方郡香美町	香住区安木
兵庫県	美方郡香美町	香住区矢田
兵庫県	美方郡香美町	香住区八原
兵庫県	美方郡香美町	香住区山手
兵庫県	美方郡香美町	香住区油良
兵庫県	美方郡香美町	香住区鎧
兵庫県	美方郡香美町	香住区若松
兵庫県	美方郡香美町	村岡区相田
兵庫県	美方郡香美町	村岡区池ケ平
兵庫県	美方郡香美町	村岡区板仕野
兵庫県	美方郡香美町	村岡区市原
兵庫県	美方郡香美町	村岡区入江
兵庫県	美方郡香美町	村岡区大笹
兵庫県	美方郡香美町	村岡区大糠
兵庫県	美方郡香美町	村岡区大野
兵庫県	美方郡香美町	村岡区耀山
兵庫県	美方郡香美町	村岡区川会
兵庫県	美方郡香美町	村岡区神坂
兵庫県	美方郡香美町	村岡区口大谷
兵庫県	美方郡香美町	村岡区熊波
兵庫県	美方郡香美町	村岡区黒田
兵庫県	美方郡香美町	村岡区柤岡
兵庫県	美方郡香美町	村岡区光陽
兵庫県	美方郡香美町	村岡区小城
兵庫県	美方郡香美町	村岡区境
兵庫県	美方郡香美町	村岡区鹿田
兵庫県	美方郡香美町	村岡区高井
兵庫県	美方郡香美町	村岡区高坂
兵庫県	美方郡香美町	村岡区高津
兵庫県	美方郡香美町	村岡区作山
兵庫県	美方郡香美町	村岡区寺河内
兵庫県	美方郡香美町	村岡区長板
兵庫県	美方郡香美町	村岡区中大谷
兵庫県	美方郡香美町	村岡区長須
兵庫県	美方郡香美町	村岡区長瀬
兵庫県	美方郡香美町	村岡区萩山
兵庫県	美方郡香美町	村岡区原
兵庫県	美方郡香美町	村岡区日影
兵庫県	美方郡香美町	村岡区福岡
兵庫県	美方郡香美町	村岡区丸味
兵庫県	美方郡香美町	村岡区味取
兵庫県	美方郡香美町	村岡区村岡
兵庫県	美方郡香美町	村岡区森脇
兵庫県	美方郡香美町	村岡区八井谷
兵庫県	美方郡香美町	村岡区宿
兵庫県	美方郡香美町	村岡区山田
兵庫県	美方郡香美町	村岡区用野
兵庫県	美方郡香美町	村岡区和佐父
兵庫県	美方郡香美町	村岡区和田
兵庫県	美方郡香美町	村岡区和池
兵庫県	美方郡新温泉町	赤崎
兵庫県	美方郡新温泉町	芦屋
兵庫県	美方郡新温泉町	飯野
兵庫県	美方郡新温泉町	居組
兵庫県	美方郡新温泉町	石橋
兵庫県	美方郡新温泉町	伊角
兵庫県	美方郡新温泉町	井土
兵庫県	美方郡新温泉町	今岡
兵庫県	美方郡新温泉町	歌長
兵庫県	美方郡新温泉町	内山
兵庫県	美方郡新温泉町	海上
兵庫県	美方郡新温泉町	多子
兵庫県	美方郡新温泉町	越坂
兵庫県	美方郡新温泉町	金屋
兵庫県	美方郡新温泉町	鐘尾
兵庫県	美方郡新温泉町	釜屋
兵庫県	美方郡新温泉町	岸田
兵庫県	美方郡新温泉町	清富
兵庫県	美方郡新温泉町	桐岡
兵庫県	美方郡新温泉町	切畑
兵庫県	美方郡新温泉町	久谷
兵庫県	美方郡新温泉町	久斗山
兵庫県	美方郡新温泉町	熊谷
兵庫県	美方郡新温泉町	境
兵庫県	美方郡新温泉町	指杭
兵庫県	美方郡新温泉町	塩山
兵庫県	美方郡新温泉町	七釜
兵庫県	美方郡新温泉町	正法庵
兵庫県	美方郡新温泉町	新市
兵庫県	美方郡新温泉町	田井
兵庫県	美方郡新温泉町	対田
兵庫県	美方郡新温泉町	高末
兵庫県	美方郡新温泉町	竹田（後山、細見谷）
兵庫県	美方郡新温泉町	竹田（その他）
兵庫県	美方郡新温泉町	丹土
兵庫県	美方郡新温泉町	千谷
兵庫県	美方郡新温泉町	千原
兵庫県	美方郡新温泉町	栃谷
兵庫県	美方郡新温泉町	中辻
兵庫県	美方郡新温泉町	浜坂
兵庫県	美方郡新温泉町	春来
兵庫県	美方郡新温泉町	桧尾
兵庫県	美方郡新温泉町	福富
兵庫県	美方郡新温泉町	藤尾
兵庫県	美方郡新温泉町	二日市
兵庫県	美方郡新温泉町	古市
兵庫県	美方郡新温泉町	戸田
兵庫県	美方郡新温泉町	辺地
兵庫県	美方郡新温泉町	細田
兵庫県	美方郡新温泉町	前
兵庫県	美方郡新温泉町	三尾
兵庫県	美方郡新温泉町	三谷
兵庫県	美方郡新温泉町	宮脇
兵庫県	美方郡新温泉町	諸寄
兵庫県	美方郡新温泉町	湯
兵庫県	美方郡新温泉町	用土
兵庫県	美方郡新温泉町	和田
