都道府県	市区町村	町名
奈良県	奈良市	青垣台
奈良県	奈良市	青野町
奈良県	奈良市	青山
奈良県	奈良市	赤膚町
奈良県	奈良市	秋篠早月町
奈良県	奈良市	秋篠三和町
奈良県	奈良市	秋篠新町
奈良県	奈良市	秋篠町
奈良県	奈良市	朝日町
奈良県	奈良市	阿字万字町
奈良県	奈良市	油阪地方町
奈良県	奈良市	油阪町
奈良県	奈良市	尼辻中町
奈良県	奈良市	尼辻西町
奈良県	奈良市	尼辻南町
奈良県	奈良市	尼辻北町
奈良県	奈良市	尼辻町
奈良県	奈良市	あやめ池南
奈良県	奈良市	あやめ池北
奈良県	奈良市	藺生町
奈良県	奈良市	池田町
奈良県	奈良市	池之町
奈良県	奈良市	石木町
奈良県	奈良市	井上町
奈良県	奈良市	今市町
奈良県	奈良市	今小路町
奈良県	奈良市	今在家町
奈良県	奈良市	今辻子町
奈良県	奈良市	今御門町
奈良県	奈良市	陰陽町
奈良県	奈良市	右京
奈良県	奈良市	歌姫町
奈良県	奈良市	荻町
奈良県	奈良市	邑地町
奈良県	奈良市	大野町
奈良県	奈良市	大渕町
奈良県	奈良市	大保町
奈良県	奈良市	大宮町
奈良県	奈良市	大森町
奈良県	奈良市	大森西町
奈良県	奈良市	大柳生町
奈良県	奈良市	大倭町
奈良県	奈良市	大和田町
奈良県	奈良市	小川町
奈良県	奈良市	興ヶ原町
奈良県	奈良市	奥子守町
奈良県	奈良市	奥芝町
奈良県	奈良市	小倉町
奈良県	奈良市	押上町
奈良県	奈良市	押熊町
奈良県	奈良市	押小路町
奈良県	奈良市	大平尾町
奈良県	奈良市	肘塚町
奈良県	奈良市	鵲町
奈良県	奈良市	柏木町
奈良県	奈良市	春日野町
奈良県	奈良市	桂木町
奈良県	奈良市	上三条町
奈良県	奈良市	上深川町
奈良県	奈良市	杏町
奈良県	奈良市	川上町
奈良県	奈良市	川久保町
奈良県	奈良市	川之上町
奈良県	奈良市	川之上突抜町
奈良県	奈良市	瓦堂町
奈良県	奈良市	漢国町
奈良県	奈良市	学園赤松町
奈良県	奈良市	学園朝日町
奈良県	奈良市	学園朝日元町
奈良県	奈良市	学園新田町
奈良県	奈良市	学園大和町
奈良県	奈良市	学園中
奈良県	奈良市	学園緑ヶ丘
奈良県	奈良市	学園南
奈良県	奈良市	学園北
奈良県	奈良市	元興寺町
奈良県	奈良市	元林院町
奈良県	奈良市	北市町
奈良県	奈良市	北魚屋東町
奈良県	奈良市	北魚屋西町
奈良県	奈良市	北川端町
奈良県	奈良市	北京終町
奈良県	奈良市	北小路町
奈良県	奈良市	北新町
奈良県	奈良市	北椿尾町
奈良県	奈良市	北登美ヶ丘
奈良県	奈良市	北永井町
奈良県	奈良市	北之庄町
奈良県	奈良市	北之庄西町
奈良県	奈良市	北野山町
奈良県	奈良市	北半田中町
奈良県	奈良市	北半田東町
奈良県	奈良市	北半田西町
奈良県	奈良市	北袋町
奈良県	奈良市	北風呂町
奈良県	奈良市	北御門町
奈良県	奈良市	北向町
奈良県	奈良市	北村町
奈良県	奈良市	北室町
奈良県	奈良市	紀寺町
奈良県	奈良市	京終地方東側町
奈良県	奈良市	京終地方西側町
奈良県	奈良市	沓掛町
奈良県	奈良市	公納堂町
奈良県	奈良市	窪之庄町
奈良県	奈良市	恋の窪
奈良県	奈良市	恋の窪東町
奈良県	奈良市	興善院町
奈良県	奈良市	光明院町
奈良県	奈良市	興隆寺町
奈良県	奈良市	虚空蔵町
奈良県	奈良市	小太郎町
奈良県	奈良市	後藤町
奈良県	奈良市	神殿町
奈良県	奈良市	小西町
奈良県	奈良市	此瀬町
奈良県	奈良市	五条
奈良県	奈良市	五条町
奈良県	奈良市	五条畑
奈良県	奈良市	五条西
奈良県	奈良市	西九条町
奈良県	奈良市	西大寺赤田町
奈良県	奈良市	西大寺国見町
奈良県	奈良市	西大寺小坊町
奈良県	奈良市	西大寺栄町
奈良県	奈良市	西大寺芝町
奈良県	奈良市	西大寺新池町
奈良県	奈良市	西大寺新田町
奈良県	奈良市	西大寺新町
奈良県	奈良市	西大寺高塚町
奈良県	奈良市	西大寺宝ヶ丘
奈良県	奈良市	西大寺野神町
奈良県	奈良市	西大寺本町
奈良県	奈良市	西大寺東町
奈良県	奈良市	西大寺南町
奈良県	奈良市	西大寺北町
奈良県	奈良市	西大寺竜王町
奈良県	奈良市	西大寺町
奈良県	奈良市	阪新屋町
奈良県	奈良市	阪原町
奈良県	奈良市	狭川東町
奈良県	奈良市	狭川両町
奈良県	奈良市	佐紀町
奈良県	奈良市	左京
奈良県	奈良市	佐保台
奈良県	奈良市	佐保台西町
奈良県	奈良市	三条大路
奈良県	奈良市	三条大宮町
奈良県	奈良市	三条川西町
奈良県	奈良市	三条栄町
奈良県	奈良市	三条添川町
奈良県	奈良市	三条桧町
奈良県	奈良市	三条本町
奈良県	奈良市	三条宮前町
奈良県	奈良市	三条町
奈良県	奈良市	敷島町
奈良県	奈良市	四条大路
奈良県	奈良市	四条大路南町
奈良県	奈良市	七条
奈良県	奈良市	七条町
奈良県	奈良市	七条東町
奈良県	奈良市	七条西町
奈良県	奈良市	芝突抜町
奈良県	奈良市	芝辻町
奈良県	奈良市	芝新屋町
奈良県	奈良市	柴屋町
奈良県	奈良市	下狭川町
奈良県	奈良市	下三条町
奈良県	奈良市	下深川町
奈良県	奈良市	下御門町
奈良県	奈良市	宿院町
奈良県	奈良市	勝南院町
奈良県	奈良市	菖蒲池町
奈良県	奈良市	松陽台
奈良県	奈良市	十輪院町
奈良県	奈良市	十輪院畑町
奈良県	奈良市	神功
奈良県	奈良市	水門町
奈良県	奈良市	菅野台
奈良県	奈良市	菅原町
奈良県	奈良市	菅原東
奈良県	奈良市	須川町
奈良県	奈良市	朱雀
奈良県	奈良市	須山町
奈良県	奈良市	杉ヶ町
奈良県	奈良市	誓多林町
奈良県	奈良市	雑司町
奈良県	奈良市	園田町
奈良県	奈良市	杣ノ川町
奈良県	奈良市	大安寺
奈良県	奈良市	大安寺西
奈良県	奈良市	大安寺町
奈良県	奈良市	大慈仙町
奈良県	奈良市	高畑町
奈良県	奈良市	高樋町
奈良県	奈良市	高天市町
奈良県	奈良市	高天町
奈良県	奈良市	高御門町
奈良県	奈良市	田中町
奈良県	奈良市	多門町
奈良県	奈良市	樽井町
奈良県	奈良市	田原春日野町
奈良県	奈良市	中院町
奈良県	奈良市	千代ヶ丘
奈良県	奈良市	月ヶ瀬石打
奈良県	奈良市	月ヶ瀬尾山
奈良県	奈良市	月ヶ瀬嵩
奈良県	奈良市	月ヶ瀬月瀬
奈良県	奈良市	月ヶ瀬長引
奈良県	奈良市	月ヶ瀬桃香野
奈良県	奈良市	都祁小山戸町
奈良県	奈良市	都祁甲岡町
奈良県	奈良市	都祁こぶしが丘
奈良県	奈良市	都祁白石町
奈良県	奈良市	都祁相河町
奈良県	奈良市	都祁友田町
奈良県	奈良市	都祁馬場町
奈良県	奈良市	都祁吐山町
奈良県	奈良市	都祁南之庄町
奈良県	奈良市	築地之内町
奈良県	奈良市	角振新屋町
奈良県	奈良市	角振町
奈良県	奈良市	椿井町
奈良県	奈良市	鶴福院町
奈良県	奈良市	鶴舞東町
奈良県	奈良市	鶴舞西町
奈良県	奈良市	手貝町
奈良県	奈良市	帝塚山
奈良県	奈良市	帝塚山中町
奈良県	奈良市	帝塚山西
奈良県	奈良市	帝塚山南
奈良県	奈良市	出屋敷町
奈良県	奈良市	寺町
奈良県	奈良市	東九条町
奈良県	奈良市	富雄泉ヶ丘
奈良県	奈良市	富雄川西
奈良県	奈良市	富雄元町
奈良県	奈良市	富雄北
奈良県	奈良市	登美ヶ丘
奈良県	奈良市	鳥見町
奈良県	奈良市	中筋町
奈良県	奈良市	中辻町
奈良県	奈良市	中貫町
奈良県	奈良市	中登美ヶ丘
奈良県	奈良市	中ノ川町（１０６～３０５、４０５－３、６３８）
奈良県	奈良市	中ノ川町（その他）
奈良県	奈良市	中之庄町
奈良県	奈良市	中新屋町
奈良県	奈良市	中畑町
奈良県	奈良市	中町（５１１５～５１４９、５１７１、５１８３、５１８６、
奈良県	奈良市	５１９２～５１９６、５１９８～５２１２、５２２７～５２２９、
奈良県	奈良市	５２３９～５２５７、５２６３、５２６９～５２７１、５２７５、
奈良県	奈良市	５２７６－４、５２７６－５、５２７７～５２８０、５２８４～
奈良県	奈良市	５３１２、５３１４、５３１６～５３２７、５３４６、５３４９、
奈良県	奈良市	５３５１～５３５２、５３５５～５３６２、５３６４～５４２４、
奈良県	奈良市	５４２６、５４２９～５４３０、５４４５、５４５５、５４６１、
奈良県	奈良市	５４６３、５４７０、５４７２、５４７５、５４８２～５５２９）
奈良県	奈良市	中町（その他）
奈良県	奈良市	中御門町
奈良県	奈良市	中山町
奈良県	奈良市	中山町西
奈良県	奈良市	長谷町
奈良県	奈良市	内侍原町
奈良県	奈良市	鍋屋町
奈良県	奈良市	奈保町
奈良県	奈良市	奈良阪町
奈良県	奈良市	鳴川町
奈良県	奈良市	西包永町
奈良県	奈良市	西木辻町
奈良県	奈良市	西紀寺町
奈良県	奈良市	西狭川町
奈良県	奈良市	西笹鉾町
奈良県	奈良市	西新在家号所町
奈良県	奈良市	西新在家町
奈良県	奈良市	西城戸町
奈良県	奈良市	西千代ヶ丘
奈良県	奈良市	西寺林町
奈良県	奈良市	西登美ヶ丘
奈良県	奈良市	西ノ京町
奈良県	奈良市	西之阪町
奈良県	奈良市	西新屋町
奈良県	奈良市	西御門町
奈良県	奈良市	二条大路南
奈良県	奈良市	二条町
奈良県	奈良市	二名
奈良県	奈良市	二名東町
奈良県	奈良市	二名平野
奈良県	奈良市	二名町
奈良県	奈良市	丹生町
奈良県	奈良市	忍辱山町
奈良県	奈良市	納院町
奈良県	奈良市	登大路町
奈良県	奈良市	橋本町
奈良県	奈良市	畑中町
奈良県	奈良市	八条
奈良県	奈良市	八条町
奈良県	奈良市	鉢伏町
奈良県	奈良市	花芝町
奈良県	奈良市	花園町
奈良県	奈良市	馬場町
奈良県	奈良市	林小路町
奈良県	奈良市	針ヶ別所町
奈良県	奈良市	針町
奈良県	奈良市	半田突抜町
奈良県	奈良市	半田開町
奈良県	奈良市	半田横町
奈良県	奈良市	般若寺町
奈良県	奈良市	日笠町
奈良県	奈良市	東包永町
奈良県	奈良市	東木辻町
奈良県	奈良市	東紀寺町
奈良県	奈良市	東笹鉾町
奈良県	奈良市	東新在家町
奈良県	奈良市	東城戸町
奈良県	奈良市	東寺林町
奈良県	奈良市	東登美ヶ丘
奈良県	奈良市	東鳴川町
奈良県	奈良市	東之阪町
奈良県	奈良市	東向中町
奈良県	奈良市	東向南町
奈良県	奈良市	東向北町
奈良県	奈良市	疋田町
奈良県	奈良市	毘沙門町
奈良県	奈良市	白毫寺町
奈良県	奈良市	百楽園
奈良県	奈良市	平清水町
奈良県	奈良市	平松
奈良県	奈良市	広岡町
奈良県	奈良市	福智院町
奈良県	奈良市	不審ヶ辻子町
奈良県	奈良市	藤ノ木台
奈良県	奈良市	藤原町
奈良県	奈良市	船橋町
奈良県	奈良市	古市町
奈良県	奈良市	生琉里町
奈良県	奈良市	別所町
奈良県	奈良市	法用町
奈良県	奈良市	宝来
奈良県	奈良市	宝来町
奈良県	奈良市	法蓮佐保山
奈良県	奈良市	法蓮町
奈良県	奈良市	法華寺町
奈良県	奈良市	本子守町
奈良県	奈良市	坊屋敷町
奈良県	奈良市	菩提山町（１７３～２５７番地「鉢伏峠」）
奈良県	奈良市	菩提山町（その他）
奈良県	奈良市	米谷町
奈良県	奈良市	大豆山町
奈良県	奈良市	大豆山突抜町
奈良県	奈良市	丸山
奈良県	奈良市	山陵町
奈良県	奈良市	三碓
奈良県	奈良市	三碓町
奈良県	奈良市	三棟町
奈良県	奈良市	南市町
奈良県	奈良市	南魚屋町
奈良県	奈良市	南肘塚町
奈良県	奈良市	南紀寺町
奈良県	奈良市	南京終町
奈良県	奈良市	南庄町
奈良県	奈良市	南新町（１～３２番地）
奈良県	奈良市	南新町（５２～２１２番地）
奈良県	奈良市	南城戸町
奈良県	奈良市	南田原町
奈良県	奈良市	南椿尾町
奈良県	奈良市	南登美ヶ丘
奈良県	奈良市	南中町
奈良県	奈良市	南永井町
奈良県	奈良市	南半田中町
奈良県	奈良市	南半田東町
奈良県	奈良市	南半田西町
奈良県	奈良市	南袋町
奈良県	奈良市	南風呂町
奈良県	奈良市	水間町
奈良県	奈良市	三松
奈良県	奈良市	三松ヶ丘
奈良県	奈良市	茗荷町
奈良県	奈良市	餅飯殿町
奈良県	奈良市	柳生下町
奈良県	奈良市	柳生町
奈良県	奈良市	薬師堂町
奈良県	奈良市	八島町
奈良県	奈良市	矢田原町
奈良県	奈良市	柳町
奈良県	奈良市	山町
奈良県	奈良市	油留木町
奈良県	奈良市	横井
奈良県	奈良市	横井町
奈良県	奈良市	横田町
奈良県	奈良市	来迎寺町
奈良県	奈良市	六条
奈良県	奈良市	六条緑町
奈良県	奈良市	六条西
奈良県	奈良市	六条町
奈良県	奈良市	鹿野園町
奈良県	奈良市	若葉台
奈良県	奈良市	脇戸町
奈良県	奈良市	和田町
奈良県	大和高田市	秋吉
奈良県	大和高田市	曙町
奈良県	大和高田市	旭南町
奈良県	大和高田市	旭北町
奈良県	大和高田市	有井
奈良県	大和高田市	池尻
奈良県	大和高田市	池田
奈良県	大和高田市	礒野
奈良県	大和高田市	礒野新町
奈良県	大和高田市	礒野東町
奈良県	大和高田市	礒野南町
奈良県	大和高田市	礒野北町
奈良県	大和高田市	礒野町
奈良県	大和高田市	市場
奈良県	大和高田市	出
奈良県	大和高田市	今里
奈良県	大和高田市	今里川合方
奈良県	大和高田市	今里町
奈良県	大和高田市	内本町
奈良県	大和高田市	永和町
奈良県	大和高田市	大谷
奈良県	大和高田市	大中
奈良県	大和高田市	大中東町
奈良県	大和高田市	大中南町
奈良県	大和高田市	大東町
奈良県	大和高田市	岡崎
奈良県	大和高田市	奥田
奈良県	大和高田市	勝目
奈良県	大和高田市	春日町
奈良県	大和高田市	片塩町
奈良県	大和高田市	甘田町
奈良県	大和高田市	北片塩町
奈良県	大和高田市	北本町
奈良県	大和高田市	蔵之宮町
奈良県	大和高田市	材木町
奈良県	大和高田市	幸町
奈良県	大和高田市	栄町
奈良県	大和高田市	三和町
奈良県	大和高田市	東雲町
奈良県	大和高田市	昭和町
奈良県	大和高田市	神楽（丁目）
奈良県	大和高田市	神楽（番地）
奈良県	大和高田市	曽大根（丁目）
奈良県	大和高田市	曽大根（番地）
奈良県	大和高田市	田井
奈良県	大和高田市	田井新町
奈良県	大和高田市	高砂町
奈良県	大和高田市	高田
奈良県	大和高田市	築山
奈良県	大和高田市	土庫（丁目）
奈良県	大和高田市	土庫（番地）
奈良県	大和高田市	中今里町
奈良県	大和高田市	中三倉堂
奈良県	大和高田市	南陽町
奈良県	大和高田市	西坊城
奈良県	大和高田市	西町
奈良県	大和高田市	西三倉堂
奈良県	大和高田市	根成柿
奈良県	大和高田市	野口
奈良県	大和高田市	東中（丁目）
奈良県	大和高田市	東中（番地）
奈良県	大和高田市	東三倉堂町
奈良県	大和高田市	日之出町
奈良県	大和高田市	日之出東本町
奈良県	大和高田市	日之出西本町
奈良県	大和高田市	藤森
奈良県	大和高田市	本郷町
奈良県	大和高田市	松塚
奈良県	大和高田市	南今里町
奈良県	大和高田市	南本町
奈良県	大和高田市	吉井
奈良県	大和郡山市	朝日町
奈良県	大和郡山市	池沢町
奈良県	大和郡山市	池之内町
奈良県	大和郡山市	石川町
奈良県	大和郡山市	伊豆七条町
奈良県	大和郡山市	泉原町
奈良県	大和郡山市	櫟枝町
奈良県	大和郡山市	井戸野町
奈良県	大和郡山市	藺町
奈良県	大和郡山市	今井町
奈良県	大和郡山市	今国府町
奈良県	大和郡山市	植槻町
奈良県	大和郡山市	魚町
奈良県	大和郡山市	永慶寺町
奈良県	大和郡山市	大江町
奈良県	大和郡山市	大宮町
奈良県	大和郡山市	柏木町
奈良県	大和郡山市	上三橋町
奈良県	大和郡山市	冠山町
奈良県	大和郡山市	観音寺町
奈良県	大和郡山市	北鍛冶町
奈良県	大和郡山市	北郡山町
奈良県	大和郡山市	北大工町
奈良県	大和郡山市	北西町
奈良県	大和郡山市	九条町
奈良県	大和郡山市	九条平野町
奈良県	大和郡山市	車町
奈良県	大和郡山市	小泉町
奈良県	大和郡山市	小泉町東
奈良県	大和郡山市	小林町
奈良県	大和郡山市	小林町西
奈良県	大和郡山市	小南町
奈良県	大和郡山市	紺屋町
奈良県	大和郡山市	堺町
奈良県	大和郡山市	材木町
奈良県	大和郡山市	雑穀町
奈良県	大和郡山市	塩町
奈良県	大和郡山市	椎木町
奈良県	大和郡山市	下三橋町
奈良県	大和郡山市	城町
奈良県	大和郡山市	城内町
奈良県	大和郡山市	城南町
奈良県	大和郡山市	城北町
奈良県	大和郡山市	昭和町
奈良県	大和郡山市	白土町
奈良県	大和郡山市	城の台町
奈良県	大和郡山市	城見町
奈良県	大和郡山市	新紺屋町
奈良県	大和郡山市	新庄町
奈良県	大和郡山市	新中町
奈良県	大和郡山市	新町
奈良県	大和郡山市	杉町
奈良県	大和郡山市	千日町
奈良県	大和郡山市	代官町
奈良県	大和郡山市	高田口町
奈良県	大和郡山市	高田町
奈良県	大和郡山市	田中町
奈良県	大和郡山市	丹後庄町
奈良県	大和郡山市	茶町
奈良県	大和郡山市	長安寺町
奈良県	大和郡山市	筒井町
奈良県	大和郡山市	天井町
奈良県	大和郡山市	天理町
奈良県	大和郡山市	洞泉寺町
奈良県	大和郡山市	豆腐町
奈良県	大和郡山市	外川町
奈良県	大和郡山市	豊浦町
奈良県	大和郡山市	中鍛冶町
奈良県	大和郡山市	中城町
奈良県	大和郡山市	奈良町
奈良県	大和郡山市	新木町
奈良県	大和郡山市	西岡町
奈良県	大和郡山市	西観音寺町
奈良県	大和郡山市	西田中町
奈良県	大和郡山市	西奈良口町
奈良県	大和郡山市	西野垣内町
奈良県	大和郡山市	西町
奈良県	大和郡山市	額田部寺町
奈良県	大和郡山市	額田部南町
奈良県	大和郡山市	額田部北町
奈良県	大和郡山市	野垣内町
奈良県	大和郡山市	八条町
奈良県	大和郡山市	発志院町
奈良県	大和郡山市	番匠田中町
奈良県	大和郡山市	番条町
奈良県	大和郡山市	稗田町
奈良県	大和郡山市	東岡町
奈良県	大和郡山市	東奈良口町
奈良県	大和郡山市	藤原町
奈良県	大和郡山市	本庄町
奈良県	大和郡山市	本町
奈良県	大和郡山市	馬司町
奈良県	大和郡山市	満願寺町
奈良県	大和郡山市	南井町
奈良県	大和郡山市	南鍛冶町
奈良県	大和郡山市	南郡山町
奈良県	大和郡山市	南大工町
奈良県	大和郡山市	美濃庄町
奈良県	大和郡山市	箕山町
奈良県	大和郡山市	宮堂町
奈良県	大和郡山市	矢田町
奈良県	大和郡山市	矢田町通
奈良県	大和郡山市	矢田山町
奈良県	大和郡山市	柳
奈良県	大和郡山市	柳町
奈良県	大和郡山市	山田町
奈良県	大和郡山市	横田町
奈良県	大和郡山市	若槻町
奈良県	大和郡山市	綿町
奈良県	天理市	合場町
奈良県	天理市	荒蒔町
奈良県	天理市	石上町
奈良県	天理市	櫟本町
奈良県	天理市	稲葉町
奈良県	天理市	岩室町
奈良県	天理市	岩屋町
奈良県	天理市	内馬場町
奈良県	天理市	庵治町
奈良県	天理市	乙木町
奈良県	天理市	海知町
奈良県	天理市	嘉幡町
奈良県	天理市	上仁興町
奈良県	天理市	萱生町
奈良県	天理市	川原城町
奈良県	天理市	上総町
奈良県	天理市	岸田町
奈良県	天理市	喜殿町
奈良県	天理市	九条町
奈良県	天理市	蔵之庄町
奈良県	天理市	御経野町
奈良県	天理市	小島町
奈良県	天理市	小田中町
奈良県	天理市	指柳町
奈良県	天理市	佐保庄町
奈良県	天理市	三昧田町
奈良県	天理市	渋谷町
奈良県	天理市	下仁興町
奈良県	天理市	成願寺町
奈良県	天理市	小路町
奈良県	天理市	杉本町
奈良県	天理市	前栽町
奈良県	天理市	園原町
奈良県	天理市	杣之内町
奈良県	天理市	田井庄町
奈良県	天理市	滝本町
奈良県	天理市	竹之内町
奈良県	天理市	田町
奈良県	天理市	田部町
奈良県	天理市	丹波市町
奈良県	天理市	苣原町
奈良県	天理市	遠田町
奈良県	天理市	富堂町
奈良県	天理市	豊井町
奈良県	天理市	豊田町
奈良県	天理市	中町
奈良県	天理市	中之庄町
奈良県	天理市	中山町
奈良県	天理市	長滝町
奈良県	天理市	永原町
奈良県	天理市	長柄町
奈良県	天理市	楢町
奈良県	天理市	新泉町
奈良県	天理市	二階堂上ノ庄町
奈良県	天理市	二階堂南菅田町
奈良県	天理市	二階堂北菅田町
奈良県	天理市	西井戸堂町
奈良県	天理市	西長柄町
奈良県	天理市	檜垣町
奈良県	天理市	東井戸堂町
奈良県	天理市	兵庫町
奈良県	天理市	備前町
奈良県	天理市	平等坊町
奈良県	天理市	福住町
奈良県	天理市	福知堂町
奈良県	天理市	藤井町
奈良県	天理市	布留町
奈良県	天理市	別所町
奈良県	天理市	勾田町
奈良県	天理市	三島町
奈良県	天理市	南六条町
奈良県	天理市	武蔵町
奈良県	天理市	守目堂町
奈良県	天理市	森本町
奈良県	天理市	柳本町
奈良県	天理市	山田町
奈良県	天理市	吉田町
奈良県	天理市	和爾町
奈良県	橿原市	石川町
奈良県	橿原市	石原田町
奈良県	橿原市	今井町
奈良県	橿原市	忌部町
奈良県	橿原市	雲梯町
奈良県	橿原市	畝傍町
奈良県	橿原市	栄和町
奈良県	橿原市	小房町
奈良県	橿原市	小槻町
奈良県	橿原市	大垣町
奈良県	橿原市	大軽町
奈良県	橿原市	大久保町
奈良県	橿原市	大谷町
奈良県	橿原市	太田市町
奈良県	橿原市	戒外町
奈良県	橿原市	膳夫町
奈良県	橿原市	一町
奈良県	橿原市	上飛騨町
奈良県	橿原市	川西町
奈良県	橿原市	観音寺町
奈良県	橿原市	北越智町
奈良県	橿原市	北妙法寺町
奈良県	橿原市	北八木町
奈良県	橿原市	城殿町
奈良県	橿原市	木之本町
奈良県	橿原市	木原町
奈良県	橿原市	葛本町
奈良県	橿原市	久米町
奈良県	橿原市	光陽町
奈良県	橿原市	五井町
奈良県	橿原市	五条野町
奈良県	橿原市	御坊町
奈良県	橿原市	四条町
奈良県	橿原市	四分町
奈良県	橿原市	下八釣町
奈良県	橿原市	小綱町
奈良県	橿原市	菖蒲町
奈良県	橿原市	上品寺町
奈良県	橿原市	白橿町
奈良県	橿原市	新賀町
奈良県	橿原市	新堂町
奈良県	橿原市	地黄町
奈良県	橿原市	慈明寺町
奈良県	橿原市	曽我町
奈良県	橿原市	醍醐町
奈良県	橿原市	高殿町
奈良県	橿原市	田中町
奈良県	橿原市	土橋町
奈良県	橿原市	出合町
奈良県	橿原市	出垣内町
奈良県	橿原市	寺田町
奈良県	橿原市	十市町
奈良県	橿原市	常盤町
奈良県	橿原市	豊田町
奈良県	橿原市	鳥屋町
奈良県	橿原市	内膳町
奈良県	橿原市	中曽司町
奈良県	橿原市	中町
奈良県	橿原市	縄手町
奈良県	橿原市	西池尻町
奈良県	橿原市	西新堂町
奈良県	橿原市	新口町
奈良県	橿原市	東池尻町
奈良県	橿原市	東竹田町
奈良県	橿原市	東坊城町
奈良県	橿原市	飯高町
奈良県	橿原市	飛騨町
奈良県	橿原市	兵部町
奈良県	橿原市	古川町
奈良県	橿原市	別所町
奈良県	橿原市	法花寺町
奈良県	橿原市	曲川町
奈良県	橿原市	見瀬町
奈良県	橿原市	南浦町
奈良県	橿原市	南妙法寺町
奈良県	橿原市	南八木町
奈良県	橿原市	南山町
奈良県	橿原市	八木町
奈良県	橿原市	山之坊町
奈良県	橿原市	山本町
奈良県	橿原市	吉田町
奈良県	橿原市	和田町
奈良県	桜井市	赤尾
奈良県	桜井市	朝倉台東
奈良県	桜井市	朝倉台西
奈良県	桜井市	浅古
奈良県	桜井市	穴師
奈良県	桜井市	阿部
奈良県	桜井市	安倍木材団地
奈良県	桜井市	飯盛塚
奈良県	桜井市	池之内
奈良県	桜井市	出雲
奈良県	桜井市	今井谷
奈良県	桜井市	岩坂
奈良県	桜井市	上之宮
奈良県	桜井市	江包
奈良県	桜井市	大泉
奈良県	桜井市	生田
奈良県	桜井市	太田
奈良県	桜井市	粟殿
奈良県	桜井市	粟原
奈良県	桜井市	小夫
奈良県	桜井市	小夫嵩方
奈良県	桜井市	大西
奈良県	桜井市	忍阪
奈良県	桜井市	下居
奈良県	桜井市	戒重
奈良県	桜井市	笠
奈良県	桜井市	金屋
奈良県	桜井市	上之庄
奈良県	桜井市	萱森
奈良県	桜井市	川合
奈良県	桜井市	河西
奈良県	桜井市	北音羽
奈良県	桜井市	北山
奈良県	桜井市	吉備
奈良県	桜井市	草川
奈良県	桜井市	倉橋
奈良県	桜井市	黒崎
奈良県	桜井市	狛
奈良県	桜井市	下り尾
奈良県	桜井市	桜井
奈良県	桜井市	慈恩寺
奈良県	桜井市	芝
奈良県	桜井市	下
奈良県	桜井市	修理枝
奈良県	桜井市	白河
奈良県	桜井市	白木
奈良県	桜井市	新屋敷
奈良県	桜井市	芹井
奈良県	桜井市	高家
奈良県	桜井市	大福
奈良県	桜井市	高田
奈良県	桜井市	滝倉
奈良県	桜井市	谷
奈良県	桜井市	茅原
奈良県	桜井市	辻
奈良県	桜井市	多武峰
奈良県	桜井市	外山
奈良県	桜井市	豊田
奈良県	桜井市	中谷
奈良県	桜井市	西口
奈良県	桜井市	西之宮
奈良県	桜井市	箸中
奈良県	桜井市	橋本
奈良県	桜井市	初瀬
奈良県	桜井市	針道
奈良県	桜井市	東新堂
奈良県	桜井市	東田
奈良県	桜井市	豊前
奈良県	桜井市	巻野内
奈良県	桜井市	大豆越
奈良県	桜井市	三谷
奈良県	桜井市	南音羽
奈良県	桜井市	三輪
奈良県	桜井市	百市
奈良県	桜井市	八井内
奈良県	桜井市	山田
奈良県	桜井市	横柿
奈良県	桜井市	吉隠
奈良県	桜井市	竜谷
奈良県	桜井市	鹿路
奈良県	桜井市	脇本
奈良県	桜井市	和田
奈良県	五條市	相谷町
奈良県	五條市	居伝町
奈良県	五條市	犬飼町
奈良県	五條市	今井
奈良県	五條市	今井町
奈良県	五條市	宇野町
奈良県	五條市	大沢町
奈良県	五條市	大津町
奈良県	五條市	大塔町宇井
奈良県	五條市	大塔町小代
奈良県	五條市	大塔町阪本
奈良県	五條市	大塔町猿谷
奈良県	五條市	大塔町篠原
奈良県	五條市	大塔町清水
奈良県	五條市	大塔町簾
奈良県	五條市	大塔町惣谷
奈良県	五條市	大塔町辻堂
奈良県	五條市	大塔町堂平
奈良県	五條市	大塔町閉君
奈良県	五條市	大塔町殿野
奈良県	五條市	大塔町中井傍示
奈良県	五條市	大塔町中原
奈良県	五條市	大塔町中峯
奈良県	五條市	大塔町引土
奈良県	五條市	大塔町飛養曽
奈良県	五條市	大野新田町
奈良県	五條市	大野町
奈良県	五條市	大深町
奈良県	五條市	岡口
奈良県	五條市	岡町
奈良県	五條市	生子町
奈良県	五條市	小和町
奈良県	五條市	樫辻町
奈良県	五條市	釜窪町
奈良県	五條市	上之町
奈良県	五條市	北山町
奈良県	五條市	木ノ原町
奈良県	五條市	久留野町
奈良県	五條市	車谷町
奈良県	五條市	黒駒町
奈良県	五條市	上野町
奈良県	五條市	小島町
奈良県	五條市	五條
奈良県	五條市	小山町
奈良県	五條市	阪合部新田町
奈良県	五條市	三在町
奈良県	五條市	島野町
奈良県	五條市	下之町
奈良県	五條市	新町
奈良県	五條市	須恵
奈良県	五條市	住川町
奈良県	五條市	滝町
奈良県	五條市	田殿町
奈良県	五條市	丹原町
奈良県	五條市	近内町
奈良県	五條市	出屋敷町
奈良県	五條市	田園
奈良県	五條市	中町
奈良県	五條市	中之町
奈良県	五條市	なつみ台
奈良県	五條市	西阿田町
奈良県	五條市	西河内町
奈良県	五條市	西久留野町
奈良県	五條市	西吉野町赤松
奈良県	五條市	西吉野町賀名生
奈良県	五條市	西吉野町尼ケ生
奈良県	五條市	西吉野町永谷
奈良県	五條市	西吉野町江出
奈良県	五條市	西吉野町老野
奈良県	五條市	西吉野町大峯
奈良県	五條市	西吉野町奥谷
奈良県	五條市	西吉野町大日川
奈良県	五條市	西吉野町小古田
奈良県	五條市	西吉野町陰地
奈良県	五條市	西吉野町唐戸
奈良県	五條市	西吉野町川岸
奈良県	五條市	西吉野町川股
奈良県	五條市	西吉野町黒淵
奈良県	五條市	西吉野町神野
奈良県	五條市	西吉野町阪巻
奈良県	五條市	西吉野町鹿場
奈良県	五條市	西吉野町城戸
奈良県	五條市	西吉野町勢井
奈良県	五條市	西吉野町滝
奈良県	五條市	西吉野町立川渡
奈良県	五條市	西吉野町津越
奈良県	五條市	西吉野町十日市
奈良県	五條市	西吉野町茄子原
奈良県	五條市	西吉野町西新子
奈良県	五條市	西吉野町西野
奈良県	五條市	西吉野町西日裏
奈良県	五條市	西吉野町桧川迫
奈良県	五條市	西吉野町平雄
奈良県	五條市	西吉野町平沼田
奈良県	五條市	西吉野町北曽木
奈良県	五條市	西吉野町南山
奈良県	五條市	西吉野町向加名生
奈良県	五條市	西吉野町宗川野
奈良県	五條市	西吉野町本谷
奈良県	五條市	西吉野町百谷
奈良県	五條市	西吉野町八ツ川
奈良県	五條市	西吉野町屋那瀬
奈良県	五條市	西吉野町湯川
奈良県	五條市	西吉野町湯塩
奈良県	五條市	西吉野町夜中
奈良県	五條市	西吉野町和田
奈良県	五條市	野原町
奈良県	五條市	野原中
奈良県	五條市	野原西
奈良県	五條市	野原東
奈良県	五條市	畑田町
奈良県	五條市	八田町
奈良県	五條市	原町
奈良県	五條市	火打町
奈良県	五條市	東阿田町
奈良県	五條市	表野町
奈良県	五條市	二見
奈良県	五條市	本町
奈良県	五條市	牧町
奈良県	五條市	南阿田町
奈良県	五條市	御山町
奈良県	五條市	六倉町
奈良県	五條市	山陰町
奈良県	五條市	山田町
奈良県	五條市	湯谷市塚町
奈良県	五條市	霊安寺町
奈良県	御所市	朝妻
奈良県	御所市	旭町
奈良県	御所市	朝町
奈良県	御所市	五百家
奈良県	御所市	池之内
奈良県	御所市	井戸
奈良県	御所市	稲宿
奈良県	御所市	今住
奈良県	御所市	今出
奈良県	御所市	今城
奈良県	御所市	内谷
奈良県	御所市	多田
奈良県	御所市	大橋通り
奈良県	御所市	大広町
奈良県	御所市	小殿
奈良県	御所市	柿ケ坪町
奈良県	御所市	柏原
奈良県	御所市	鴨神
奈良県	御所市	鴨口町
奈良県	御所市	北窪
奈良県	御所市	北十三
奈良県	御所市	櫛羅
奈良県	御所市	栗阪
奈良県	御所市	極楽寺
奈良県	御所市	古瀬
奈良県	御所市	小林
奈良県	御所市	西柏町
奈良県	御所市	幸町
奈良県	御所市	栄町
奈良県	御所市	佐田
奈良県	御所市	蛇穴
奈良県	御所市	ＪＲ御所駅前通り
奈良県	御所市	下茶屋
奈良県	御所市	條
奈良県	御所市	城山台
奈良県	御所市	神宮町
奈良県	御所市	新地町
奈良県	御所市	新田
奈良県	御所市	寺内町
奈良県	御所市	末広町
奈良県	御所市	関屋
奈良県	御所市	僧堂
奈良県	御所市	代官町
奈良県	御所市	高天
奈良県	御所市	竹田
奈良県	御所市	玉手
奈良県	御所市	茅原
奈良県	御所市	中央通り
奈良県	御所市	出走
奈良県	御所市	出屋敷
奈良県	御所市	戸毛
奈良県	御所市	冨田
奈良県	御所市	豊田
奈良県	御所市	鳥井戸
奈良県	御所市	中本町
奈良県	御所市	名柄
奈良県	御所市	楢原
奈良県	御所市	南郷
奈良県	御所市	西北窪
奈良県	御所市	西久保本町
奈良県	御所市	西佐味
奈良県	御所市	西寺田
奈良県	御所市	西町
奈良県	御所市	西持田
奈良県	御所市	林
奈良県	御所市	原谷
奈良県	御所市	東久保町
奈良県	御所市	東佐味
奈良県	御所市	東辻
奈良県	御所市	東寺田
奈良県	御所市	東名柄
奈良県	御所市	東松本
奈良県	御所市	東持田
奈良県	御所市	樋野
奈良県	御所市	伏見
奈良県	御所市	船路
奈良県	御所市	奉膳
奈良県	御所市	重阪
奈良県	御所市	豊年橋通り
奈良県	御所市	本馬
奈良県	御所市	本町
奈良県	御所市	増
奈良県	御所市	御門町
奈良県	御所市	御国通り
奈良県	御所市	御堂魚棚町
奈良県	御所市	緑ケ丘
奈良県	御所市	緑町
奈良県	御所市	南十三
奈良県	御所市	南中町
奈良県	御所市	三室
奈良県	御所市	都町
奈良県	御所市	宮戸
奈良県	御所市	宮前町
奈良県	御所市	室
奈良県	御所市	持田
奈良県	御所市	元町
奈良県	御所市	森脇
奈良県	御所市	柳田町
奈良県	御所市	柳原
奈良県	御所市	柳町
奈良県	御所市	六軒町
奈良県	生駒市	青山台
奈良県	生駒市	あすか台
奈良県	生駒市	あすか野南
奈良県	生駒市	あすか野北
奈良県	生駒市	有里町
奈良県	生駒市	生駒台南
奈良県	生駒市	生駒台北
奈良県	生駒市	壱分町
奈良県	生駒市	小倉寺町
奈良県	生駒市	小瀬町
奈良県	生駒市	乙田町
奈良県	生駒市	鬼取町
奈良県	生駒市	上町
奈良県	生駒市	上町台
奈良県	生駒市	軽井沢町
奈良県	生駒市	北新町
奈良県	生駒市	北田原町
奈良県	生駒市	北大和
奈良県	生駒市	喜里が丘
奈良県	生駒市	小明町
奈良県	生駒市	光陽台
奈良県	生駒市	小平尾町
奈良県	生駒市	桜ケ丘
奈良県	生駒市	さつき台
奈良県	生駒市	鹿ノ台東
奈良県	生駒市	鹿ノ台西
奈良県	生駒市	鹿ノ台南
奈良県	生駒市	鹿ノ台北
奈良県	生駒市	鹿畑町
奈良県	生駒市	白庭台
奈良県	生駒市	新旭ケ丘
奈良県	生駒市	新生駒台
奈良県	生駒市	翠光台
奈良県	生駒市	大門町
奈良県	生駒市	高山町
奈良県	生駒市	谷田町
奈良県	生駒市	俵口町
奈良県	生駒市	辻町
奈良県	生駒市	中菜畑
奈良県	生駒市	仲之町
奈良県	生駒市	菜畑町
奈良県	生駒市	西旭ケ丘
奈良県	生駒市	西白庭台
奈良県	生駒市	西菜畑町
奈良県	生駒市	西畑町
奈良県	生駒市	西松ケ丘
奈良県	生駒市	萩の台
奈良県	生駒市	萩原町
奈良県	生駒市	ひかりが丘
奈良県	生駒市	東旭ケ丘
奈良県	生駒市	東生駒
奈良県	生駒市	東生駒月見町
奈良県	生駒市	東新町
奈良県	生駒市	東菜畑
奈良県	生駒市	東松ケ丘
奈良県	生駒市	東山町
奈良県	生駒市	藤尾町
奈良県	生駒市	本町
奈良県	生駒市	松美台
奈良県	生駒市	真弓
奈良県	生駒市	真弓南
奈良県	生駒市	美鹿の台
奈良県	生駒市	緑ケ丘
奈良県	生駒市	南田原町
奈良県	生駒市	南山手台
奈良県	生駒市	元町
奈良県	生駒市	門前町
奈良県	生駒市	山崎新町
奈良県	生駒市	山崎町
奈良県	香芝市	旭ケ丘
奈良県	香芝市	穴虫
奈良県	香芝市	磯壁
奈良県	香芝市	今泉
奈良県	香芝市	逢坂
奈良県	香芝市	鎌田
奈良県	香芝市	上中
奈良県	香芝市	瓦口
奈良県	香芝市	北今市
奈良県	香芝市	狐井
奈良県	香芝市	五位堂
奈良県	香芝市	五ケ所
奈良県	香芝市	下田
奈良県	香芝市	下田東
奈良県	香芝市	下田西
奈良県	香芝市	すみれ野
奈良県	香芝市	関屋
奈良県	香芝市	関屋北
奈良県	香芝市	高
奈良県	香芝市	高山台
奈良県	香芝市	田尻
奈良県	香芝市	西真美
奈良県	香芝市	尼寺
奈良県	香芝市	白鳳台
奈良県	香芝市	畑
奈良県	香芝市	平野
奈良県	香芝市	藤山
奈良県	香芝市	別所
奈良県	香芝市	本町
奈良県	香芝市	真美ケ丘
奈良県	香芝市	良福寺
奈良県	葛城市	今在家
奈良県	葛城市	梅室
奈良県	葛城市	太田
奈良県	葛城市	大屋
奈良県	葛城市	忍海
奈良県	葛城市	大畑
奈良県	葛城市	柿本
奈良県	葛城市	勝根
奈良県	葛城市	葛木
奈良県	葛城市	加守
奈良県	葛城市	北花内
奈良県	葛城市	北道穂
奈良県	葛城市	木戸
奈良県	葛城市	新村
奈良県	葛城市	尺土
奈良県	葛城市	新在家
奈良県	葛城市	新庄
奈良県	葛城市	新町
奈良県	葛城市	染野
奈良県	葛城市	當麻
奈良県	葛城市	竹内
奈良県	葛城市	寺口
奈良県	葛城市	長尾
奈良県	葛城市	中戸
奈良県	葛城市	西辻
奈良県	葛城市	西室
奈良県	葛城市	薑
奈良県	葛城市	八川
奈良県	葛城市	林堂
奈良県	葛城市	東室
奈良県	葛城市	疋田
奈良県	葛城市	兵家
奈良県	葛城市	平岡
奈良県	葛城市	笛堂
奈良県	葛城市	笛吹
奈良県	葛城市	弁之庄
奈良県	葛城市	南今市
奈良県	葛城市	南新町
奈良県	葛城市	南花内
奈良県	葛城市	南藤井
奈良県	葛城市	南道穂
奈良県	葛城市	山口
奈良県	葛城市	山田
奈良県	葛城市	脇田
奈良県	宇陀市	菟田野稲戸
奈良県	宇陀市	菟田野岩崎
奈良県	宇陀市	菟田野岩端
奈良県	宇陀市	菟田野宇賀志
奈良県	宇陀市	菟田野大神
奈良県	宇陀市	菟田野大澤
奈良県	宇陀市	菟田野上芳野
奈良県	宇陀市	菟田野駒帰
奈良県	宇陀市	菟田野佐倉
奈良県	宇陀市	菟田野下芳野
奈良県	宇陀市	菟田野東郷
奈良県	宇陀市	菟田野入谷
奈良県	宇陀市	菟田野平井
奈良県	宇陀市	菟田野古市場
奈良県	宇陀市	菟田野別所
奈良県	宇陀市	菟田野松井
奈良県	宇陀市	菟田野見田
奈良県	宇陀市	大宇陀麻生田
奈良県	宇陀市	大宇陀五津
奈良県	宇陀市	大宇陀出新
奈良県	宇陀市	大宇陀岩清水
奈良県	宇陀市	大宇陀岩室
奈良県	宇陀市	大宇陀内原
奈良県	宇陀市	大宇陀嬉河原
奈良県	宇陀市	大宇陀大熊
奈良県	宇陀市	大宇陀春日
奈良県	宇陀市	大宇陀上
奈良県	宇陀市	大宇陀上片岡
奈良県	宇陀市	大宇陀上品
奈良県	宇陀市	大宇陀上新
奈良県	宇陀市	大宇陀上茶
奈良県	宇陀市	大宇陀上中
奈良県	宇陀市	大宇陀上本
奈良県	宇陀市	大宇陀口今井
奈良県	宇陀市	大宇陀栗野
奈良県	宇陀市	大宇陀黒木
奈良県	宇陀市	大宇陀小出口
奈良県	宇陀市	大宇陀小附
奈良県	宇陀市	大宇陀小和田
奈良県	宇陀市	大宇陀才ケ辻
奈良県	宇陀市	大宇陀芝生
奈良県	宇陀市	大宇陀下片岡
奈良県	宇陀市	大宇陀下品
奈良県	宇陀市	大宇陀下竹
奈良県	宇陀市	大宇陀下茶
奈良県	宇陀市	大宇陀下出口
奈良県	宇陀市	大宇陀下中
奈良県	宇陀市	大宇陀下本
奈良県	宇陀市	大宇陀下宮奥
奈良県	宇陀市	大宇陀白鳥居
奈良県	宇陀市	大宇陀関戸
奈良県	宇陀市	大宇陀大東
奈良県	宇陀市	大宇陀田原
奈良県	宇陀市	大宇陀調子
奈良県	宇陀市	大宇陀塚脇
奈良県	宇陀市	大宇陀中新
奈良県	宇陀市	大宇陀中庄
奈良県	宇陀市	大宇陀西山
奈良県	宇陀市	大宇陀野依
奈良県	宇陀市	大宇陀迫間
奈良県	宇陀市	大宇陀半阪
奈良県	宇陀市	大宇陀東平尾
奈良県	宇陀市	大宇陀平尾
奈良県	宇陀市	大宇陀拾生
奈良県	宇陀市	大宇陀藤井
奈良県	宇陀市	大宇陀本郷
奈良県	宇陀市	大宇陀牧
奈良県	宇陀市	大宇陀馬取柿
奈良県	宇陀市	大宇陀万六
奈良県	宇陀市	大宇陀宮奥
奈良県	宇陀市	大宇陀守道
奈良県	宇陀市	大宇陀山口
奈良県	宇陀市	大宇陀和田
奈良県	宇陀市	榛原赤瀬
奈良県	宇陀市	榛原あかね台
奈良県	宇陀市	榛原赤埴
奈良県	宇陀市	榛原足立
奈良県	宇陀市	榛原雨師
奈良県	宇陀市	榛原池上
奈良県	宇陀市	榛原石田
奈良県	宇陀市	榛原内牧
奈良県	宇陀市	榛原大貝
奈良県	宇陀市	榛原戒場
奈良県	宇陀市	榛原笠間
奈良県	宇陀市	榛原上井足
奈良県	宇陀市	榛原栗谷
奈良県	宇陀市	榛原桜が丘
奈良県	宇陀市	榛原篠楽
奈良県	宇陀市	榛原澤
奈良県	宇陀市	榛原三宮寺
奈良県	宇陀市	榛原自明
奈良県	宇陀市	榛原下井足
奈良県	宇陀市	榛原高井
奈良県	宇陀市	榛原高塚
奈良県	宇陀市	榛原高萩台
奈良県	宇陀市	榛原角柄
奈良県	宇陀市	榛原天満台西
奈良県	宇陀市	榛原天満台東
奈良県	宇陀市	榛原長峯
奈良県	宇陀市	榛原荷阪
奈良県	宇陀市	榛原額井
奈良県	宇陀市	榛原萩乃里
奈良県	宇陀市	榛原萩原
奈良県	宇陀市	榛原榛見が丘
奈良県	宇陀市	榛原ひのき坂
奈良県	宇陀市	榛原檜牧
奈良県	宇陀市	榛原比布
奈良県	宇陀市	榛原福地
奈良県	宇陀市	榛原福西
奈良県	宇陀市	榛原母里
奈良県	宇陀市	榛原諸木野
奈良県	宇陀市	榛原安田
奈良県	宇陀市	榛原八滝
奈良県	宇陀市	榛原柳
奈良県	宇陀市	榛原山路
奈良県	宇陀市	榛原山辺三
奈良県	宇陀市	室生
奈良県	宇陀市	室生大野
奈良県	宇陀市	室生小原
奈良県	宇陀市	室生上笠間
奈良県	宇陀市	室生黒岩
奈良県	宇陀市	室生三本松
奈良県	宇陀市	室生下笠間
奈良県	宇陀市	室生下田口
奈良県	宇陀市	室生染田
奈良県	宇陀市	室生瀧谷
奈良県	宇陀市	室生田口元上田口
奈良県	宇陀市	室生田口元角川
奈良県	宇陀市	室生多田
奈良県	宇陀市	室生砥取
奈良県	宇陀市	室生西谷
奈良県	宇陀市	室生深野
奈良県	宇陀市	室生向渕
奈良県	宇陀市	室生無山
奈良県	宇陀市	室生龍口
奈良県	山辺郡山添村	岩屋
奈良県	山辺郡山添村	鵜山
奈良県	山辺郡山添村	大塩
奈良県	山辺郡山添村	大西
奈良県	山辺郡山添村	遅瀬
奈良県	山辺郡山添村	春日
奈良県	山辺郡山添村	片平
奈良県	山辺郡山添村	勝原
奈良県	山辺郡山添村	北野
奈良県	山辺郡山添村	切幡
奈良県	山辺郡山添村	桐山
奈良県	山辺郡山添村	葛尾
奈良県	山辺郡山添村	毛原
奈良県	山辺郡山添村	菅生
奈良県	山辺郡山添村	助命
奈良県	山辺郡山添村	中峰山
奈良県	山辺郡山添村	堂前
奈良県	山辺郡山添村	中之庄
奈良県	山辺郡山添村	西波多
奈良県	山辺郡山添村	広瀬
奈良県	山辺郡山添村	広代
奈良県	山辺郡山添村	伏拝
奈良県	山辺郡山添村	松尾
奈良県	山辺郡山添村	的野
奈良県	山辺郡山添村	三ケ谷
奈良県	山辺郡山添村	峰寺
奈良県	山辺郡山添村	箕輪
奈良県	山辺郡山添村	室津
奈良県	山辺郡山添村	吉田
奈良県	生駒郡平群町	櫟原
奈良県	生駒郡平群町	春日丘
奈良県	生駒郡平群町	上庄
奈良県	生駒郡平群町	菊美台
奈良県	生駒郡平群町	北信貴ケ丘
奈良県	生駒郡平群町	久安寺
奈良県	生駒郡平群町	越木塚
奈良県	生駒郡平群町	信貴山
奈良県	生駒郡平群町	信貴畑
奈良県	生駒郡平群町	椣原
奈良県	生駒郡平群町	下垣内
奈良県	生駒郡平群町	白石畑
奈良県	生駒郡平群町	竜田川
奈良県	生駒郡平群町	椿井
奈良県	生駒郡平群町	椿台
奈良県	生駒郡平群町	梨本
奈良県	生駒郡平群町	鳴川
奈良県	生駒郡平群町	西宮
奈良県	生駒郡平群町	西向
奈良県	生駒郡平群町	初香台
奈良県	生駒郡平群町	光ケ丘
奈良県	生駒郡平群町	平等寺
奈良県	生駒郡平群町	福貴
奈良県	生駒郡平群町	福貴畑
奈良県	生駒郡平群町	椹原
奈良県	生駒郡平群町	三里
奈良県	生駒郡平群町	緑ケ丘
奈良県	生駒郡平群町	吉新
奈良県	生駒郡平群町	若井
奈良県	生駒郡平群町	若葉台
奈良県	生駒郡三郷町	信貴ケ丘
奈良県	生駒郡三郷町	信貴山東
奈良県	生駒郡三郷町	信貴山西
奈良県	生駒郡三郷町	信貴南畑
奈良県	生駒郡三郷町	城山台
奈良県	生駒郡三郷町	勢野
奈良県	生駒郡三郷町	勢野北
奈良県	生駒郡三郷町	勢野東
奈良県	生駒郡三郷町	勢野西
奈良県	生駒郡三郷町	立野
奈良県	生駒郡三郷町	立野南
奈良県	生駒郡三郷町	立野北
奈良県	生駒郡三郷町	東信貴ケ丘
奈良県	生駒郡三郷町	南畑
奈良県	生駒郡三郷町	美松ケ丘東
奈良県	生駒郡三郷町	美松ケ丘西
奈良県	生駒郡三郷町	三室
奈良県	生駒郡三郷町	夕陽ケ丘
奈良県	生駒郡斑鳩町	阿波
奈良県	生駒郡斑鳩町	五百井
奈良県	生駒郡斑鳩町	稲葉西
奈良県	生駒郡斑鳩町	稲葉車瀬
奈良県	生駒郡斑鳩町	岡本
奈良県	生駒郡斑鳩町	興留
奈良県	生駒郡斑鳩町	興留東
奈良県	生駒郡斑鳩町	幸前
奈良県	生駒郡斑鳩町	小吉田
奈良県	生駒郡斑鳩町	神南
奈良県	生駒郡斑鳩町	高安
奈良県	生駒郡斑鳩町	高安西
奈良県	生駒郡斑鳩町	龍田
奈良県	生駒郡斑鳩町	龍田西
奈良県	生駒郡斑鳩町	龍田南
奈良県	生駒郡斑鳩町	龍田北
奈良県	生駒郡斑鳩町	東福寺
奈良県	生駒郡斑鳩町	服部
奈良県	生駒郡斑鳩町	法隆寺
奈良県	生駒郡斑鳩町	法隆寺山内
奈良県	生駒郡斑鳩町	法隆寺東
奈良県	生駒郡斑鳩町	法隆寺西
奈良県	生駒郡斑鳩町	法隆寺南
奈良県	生駒郡斑鳩町	法隆寺北
奈良県	生駒郡斑鳩町	三井
奈良県	生駒郡斑鳩町	目安
奈良県	生駒郡斑鳩町	目安北
奈良県	生駒郡安堵町	岡崎
奈良県	生駒郡安堵町	笠目
奈良県	生駒郡安堵町	かしの木台
奈良県	生駒郡安堵町	窪田
奈良県	生駒郡安堵町	西安堵
奈良県	生駒郡安堵町	東安堵
奈良県	磯城郡川西町	梅戸
奈良県	磯城郡川西町	下永
奈良県	磯城郡川西町	唐院
奈良県	磯城郡川西町	吐田
奈良県	磯城郡川西町	保田
奈良県	磯城郡川西町	結崎
奈良県	磯城郡三宅町	石見
奈良県	磯城郡三宅町	小柳
奈良県	磯城郡三宅町	上但馬
奈良県	磯城郡三宅町	但馬
奈良県	磯城郡三宅町	伴堂
奈良県	磯城郡三宅町	屏風
奈良県	磯城郡三宅町	三河
奈良県	磯城郡田原本町	旭町
奈良県	磯城郡田原本町	味間
奈良県	磯城郡田原本町	味間町
奈良県	磯城郡田原本町	市町
奈良県	磯城郡田原本町	今里
奈良県	磯城郡田原本町	伊与戸
奈良県	磯城郡田原本町	魚町
奈良県	磯城郡田原本町	戎通
奈良県	磯城郡田原本町	多
奈良県	磯城郡田原本町	大網
奈良県	磯城郡田原本町	大木
奈良県	磯城郡田原本町	鍵
奈良県	磯城郡田原本町	郭内
奈良県	磯城郡田原本町	笠形
奈良県	磯城郡田原本町	金沢
奈良県	磯城郡田原本町	唐古
奈良県	磯城郡田原本町	祗園町
奈良県	磯城郡田原本町	蔵堂
奈良県	磯城郡田原本町	黒田
奈良県	磯城郡田原本町	小阪
奈良県	磯城郡田原本町	小室
奈良県	磯城郡田原本町	金剛寺
奈良県	磯城郡田原本町	材木町
奈良県	磯城郡田原本町	幸町
奈良県	磯城郡田原本町	堺町
奈良県	磯城郡田原本町	阪手
奈良県	磯城郡田原本町	佐味
奈良県	磯城郡田原本町	十六面
奈良県	磯城郡田原本町	新地
奈良県	磯城郡田原本町	新町
奈良県	磯城郡田原本町	為川南方
奈良県	磯城郡田原本町	為川北方
奈良県	磯城郡田原本町	大安寺
奈良県	磯城郡田原本町	大門中
奈良県	磯城郡田原本町	大門東
奈良県	磯城郡田原本町	大門西
奈良県	磯城郡田原本町	千代
奈良県	磯城郡田原本町	茶町
奈良県	磯城郡田原本町	殿町
奈良県	磯城郡田原本町	富本
奈良県	磯城郡田原本町	新木
奈良県	磯城郡田原本町	西井上
奈良県	磯城郡田原本町	西竹田
奈良県	磯城郡田原本町	西代
奈良県	磯城郡田原本町	根太口
奈良県	磯城郡田原本町	秦庄
奈良県	磯城郡田原本町	八田
奈良県	磯城郡田原本町	東井上
奈良県	磯城郡田原本町	平田
奈良県	磯城郡田原本町	平野
奈良県	磯城郡田原本町	法貴寺
奈良県	磯城郡田原本町	保津
奈良県	磯城郡田原本町	本町
奈良県	磯城郡田原本町	松本
奈良県	磯城郡田原本町	満田
奈良県	磯城郡田原本町	三笠
奈良県	磯城郡田原本町	南町
奈良県	磯城郡田原本町	宮古
奈良県	磯城郡田原本町	宮森
奈良県	磯城郡田原本町	三輪町
奈良県	磯城郡田原本町	室町
奈良県	磯城郡田原本町	八尾
奈良県	磯城郡田原本町	薬王寺
奈良県	磯城郡田原本町	八幡町
奈良県	磯城郡田原本町	矢部
奈良県	宇陀郡曽爾村	伊賀見
奈良県	宇陀郡曽爾村	今井
奈良県	宇陀郡曽爾村	掛
奈良県	宇陀郡曽爾村	葛
奈良県	宇陀郡曽爾村	小長尾
奈良県	宇陀郡曽爾村	塩井
奈良県	宇陀郡曽爾村	太良路
奈良県	宇陀郡曽爾村	長野
奈良県	宇陀郡曽爾村	山粕
奈良県	宇陀郡御杖村	神末
奈良県	宇陀郡御杖村	菅野
奈良県	宇陀郡御杖村	土屋原
奈良県	宇陀郡御杖村	桃俣
奈良県	高市郡高取町	市尾
奈良県	高市郡高取町	越智
奈良県	高市郡高取町	上子島
奈良県	高市郡高取町	上土佐
奈良県	高市郡高取町	観覚寺
奈良県	高市郡高取町	吉備
奈良県	高市郡高取町	車木
奈良県	高市郡高取町	佐田
奈良県	高市郡高取町	薩摩
奈良県	高市郡高取町	清水谷
奈良県	高市郡高取町	下子島
奈良県	高市郡高取町	下土佐
奈良県	高市郡高取町	田井庄
奈良県	高市郡高取町	高取
奈良県	高市郡高取町	壺阪
奈良県	高市郡高取町	寺崎
奈良県	高市郡高取町	丹生谷
奈良県	高市郡高取町	兵庫
奈良県	高市郡高取町	藤井
奈良県	高市郡高取町	羽内
奈良県	高市郡高取町	松山
奈良県	高市郡高取町	森
奈良県	高市郡高取町	谷田
奈良県	高市郡高取町	与楽
奈良県	高市郡明日香村	飛鳥
奈良県	高市郡明日香村	阿部山
奈良県	高市郡明日香村	雷
奈良県	高市郡明日香村	稲渕
奈良県	高市郡明日香村	祝戸
奈良県	高市郡明日香村	尾曽
奈良県	高市郡明日香村	大根田
奈良県	高市郡明日香村	岡
奈良県	高市郡明日香村	奥山
奈良県	高市郡明日香村	小原
奈良県	高市郡明日香村	上
奈良県	高市郡明日香村	栢森
奈良県	高市郡明日香村	川原
奈良県	高市郡明日香村	栗原
奈良県	高市郡明日香村	越
奈良県	高市郡明日香村	小山
奈良県	高市郡明日香村	阪田
奈良県	高市郡明日香村	地ノ窪
奈良県	高市郡明日香村	島庄
奈良県	高市郡明日香村	上居
奈良県	高市郡明日香村	橘
奈良県	高市郡明日香村	立部
奈良県	高市郡明日香村	豊浦
奈良県	高市郡明日香村	入谷
奈良県	高市郡明日香村	野口
奈良県	高市郡明日香村	畑
奈良県	高市郡明日香村	東山
奈良県	高市郡明日香村	檜前
奈良県	高市郡明日香村	平田
奈良県	高市郡明日香村	冬野
奈良県	高市郡明日香村	細川
奈良県	高市郡明日香村	真弓
奈良県	高市郡明日香村	御園
奈良県	高市郡明日香村	八釣
奈良県	北葛城郡上牧町	片岡台
奈良県	北葛城郡上牧町	葛城台
奈良県	北葛城郡上牧町	上牧
奈良県	北葛城郡上牧町	桜ケ丘
奈良県	北葛城郡上牧町	ささゆり台
奈良県	北葛城郡上牧町	下牧
奈良県	北葛城郡上牧町	松里園
奈良県	北葛城郡上牧町	滝川台
奈良県	北葛城郡上牧町	友が丘
奈良県	北葛城郡上牧町	中筋出作
奈良県	北葛城郡上牧町	服部台
奈良県	北葛城郡上牧町	緑ケ丘
奈良県	北葛城郡上牧町	ゆりが丘
奈良県	北葛城郡上牧町	米山台
奈良県	北葛城郡王寺町	王寺
奈良県	北葛城郡王寺町	葛下
奈良県	北葛城郡王寺町	久度
奈良県	北葛城郡王寺町	太子
奈良県	北葛城郡王寺町	畠田
奈良県	北葛城郡王寺町	藤井
奈良県	北葛城郡王寺町	舟戸
奈良県	北葛城郡王寺町	本町
奈良県	北葛城郡王寺町	南元町
奈良県	北葛城郡王寺町	明神
奈良県	北葛城郡王寺町	元町
奈良県	北葛城郡広陵町	安部
奈良県	北葛城郡広陵町	馬見北
奈良県	北葛城郡広陵町	馬見中
奈良県	北葛城郡広陵町	馬見南
奈良県	北葛城郡広陵町	大塚
奈良県	北葛城郡広陵町	大野
奈良県	北葛城郡広陵町	大場
奈良県	北葛城郡広陵町	笠
奈良県	北葛城郡広陵町	萱野
奈良県	北葛城郡広陵町	百済
奈良県	北葛城郡広陵町	古寺
奈良県	北葛城郡広陵町	沢
奈良県	北葛城郡広陵町	寺戸
奈良県	北葛城郡広陵町	中
奈良県	北葛城郡広陵町	南郷
奈良県	北葛城郡広陵町	疋相
奈良県	北葛城郡広陵町	平尾
奈良県	北葛城郡広陵町	広瀬
奈良県	北葛城郡広陵町	弁財天
奈良県	北葛城郡広陵町	的場
奈良県	北葛城郡広陵町	みささぎ台
奈良県	北葛城郡広陵町	三吉
奈良県	北葛城郡広陵町	南
奈良県	北葛城郡河合町	池部
奈良県	北葛城郡河合町	泉台
奈良県	北葛城郡河合町	彩りの杜
奈良県	北葛城郡河合町	大輪田
奈良県	北葛城郡河合町	川合
奈良県	北葛城郡河合町	薬井
奈良県	北葛城郡河合町	久美ケ丘
奈良県	北葛城郡河合町	佐味田
奈良県	北葛城郡河合町	城内
奈良県	北葛城郡河合町	星和台
奈良県	北葛城郡河合町	高塚台
奈良県	北葛城郡河合町	長楽
奈良県	北葛城郡河合町	中山台
奈良県	北葛城郡河合町	穴闇
奈良県	北葛城郡河合町	西穴闇
奈良県	北葛城郡河合町	西山台
奈良県	北葛城郡河合町	広瀬台
奈良県	北葛城郡河合町	山坊
奈良県	吉野郡吉野町	新子
奈良県	吉野郡吉野町	飯貝
奈良県	吉野郡吉野町	色生
奈良県	吉野郡吉野町	樫尾
奈良県	吉野郡吉野町	上市
奈良県	吉野郡吉野町	河原屋
奈良県	吉野郡吉野町	喜佐谷
奈良県	吉野郡吉野町	国栖
奈良県	吉野郡吉野町	窪垣内
奈良県	吉野郡吉野町	香束
奈良県	吉野郡吉野町	小名
奈良県	吉野郡吉野町	佐々羅
奈良県	吉野郡吉野町	左曽
奈良県	吉野郡吉野町	入野
奈良県	吉野郡吉野町	志賀
奈良県	吉野郡吉野町	滝畑
奈良県	吉野郡吉野町	立野
奈良県	吉野郡吉野町	丹治
奈良県	吉野郡吉野町	千股
奈良県	吉野郡吉野町	津風呂
奈良県	吉野郡吉野町	菜摘
奈良県	吉野郡吉野町	楢井
奈良県	吉野郡吉野町	西谷
奈良県	吉野郡吉野町	橋屋
奈良県	吉野郡吉野町	平尾
奈良県	吉野郡吉野町	御園
奈良県	吉野郡吉野町	三茶屋
奈良県	吉野郡吉野町	三津
奈良県	吉野郡吉野町	南大野
奈良県	吉野郡吉野町	南国栖
奈良県	吉野郡吉野町	峰寺
奈良県	吉野郡吉野町	宮滝
奈良県	吉野郡吉野町	六田
奈良県	吉野郡吉野町	矢治
奈良県	吉野郡吉野町	柳
奈良県	吉野郡吉野町	山口
奈良県	吉野郡吉野町	吉野山
奈良県	吉野郡大淀町	芦原
奈良県	吉野郡大淀町	今木
奈良県	吉野郡大淀町	岩壺
奈良県	吉野郡大淀町	大岩
奈良県	吉野郡大淀町	北野
奈良県	吉野郡大淀町	北六田
奈良県	吉野郡大淀町	薬水
奈良県	吉野郡大淀町	越部
奈良県	吉野郡大淀町	佐名伝
奈良県	吉野郡大淀町	下渕
奈良県	吉野郡大淀町	土田
奈良県	吉野郡大淀町	中増
奈良県	吉野郡大淀町	西増
奈良県	吉野郡大淀町	新野
奈良県	吉野郡大淀町	馬佐
奈良県	吉野郡大淀町	畑屋
奈良県	吉野郡大淀町	桧垣本
奈良県	吉野郡大淀町	比曽
奈良県	吉野郡大淀町	福神
奈良県	吉野郡大淀町	鉾立
奈良県	吉野郡大淀町	増口
奈良県	吉野郡大淀町	持尾
奈良県	吉野郡大淀町	矢走
奈良県	吉野郡下市町	新住
奈良県	吉野郡下市町	阿知賀
奈良県	吉野郡下市町	岩森
奈良県	吉野郡下市町	大峯
奈良県	吉野郡下市町	貝原
奈良県	吉野郡下市町	黒木
奈良県	吉野郡下市町	才谷
奈良県	吉野郡下市町	栄町
奈良県	吉野郡下市町	下市
奈良県	吉野郡下市町	小路
奈良県	吉野郡下市町	善城
奈良県	吉野郡下市町	立石
奈良県	吉野郡下市町	田中
奈良県	吉野郡下市町	谷
奈良県	吉野郡下市町	栃原
奈良県	吉野郡下市町	栃本
奈良県	吉野郡下市町	長谷
奈良県	吉野郡下市町	梨子堂
奈良県	吉野郡下市町	丹生
奈良県	吉野郡下市町	西山
奈良県	吉野郡下市町	原谷
奈良県	吉野郡下市町	広橋
奈良県	吉野郡下市町	平原
奈良県	吉野郡下市町	よ邑
奈良県	吉野郡黒滝村	赤滝
奈良県	吉野郡黒滝村	粟飯谷
奈良県	吉野郡黒滝村	笠木
奈良県	吉野郡黒滝村	桂原
奈良県	吉野郡黒滝村	寺戸
奈良県	吉野郡黒滝村	堂原
奈良県	吉野郡黒滝村	鳥住
奈良県	吉野郡黒滝村	中戸
奈良県	吉野郡黒滝村	長瀬
奈良県	吉野郡黒滝村	槇尾
奈良県	吉野郡黒滝村	御吉野
奈良県	吉野郡黒滝村	脇川
奈良県	吉野郡天川村	庵住
奈良県	吉野郡天川村	沖金
奈良県	吉野郡天川村	川合
奈良県	吉野郡天川村	北小原
奈良県	吉野郡天川村	北角
奈良県	吉野郡天川村	五色
奈良県	吉野郡天川村	籠山
奈良県	吉野郡天川村	沢谷
奈良県	吉野郡天川村	沢原
奈良県	吉野郡天川村	塩谷
奈良県	吉野郡天川村	塩野
奈良県	吉野郡天川村	滝尾
奈良県	吉野郡天川村	九尾
奈良県	吉野郡天川村	坪内
奈良県	吉野郡天川村	栃尾
奈良県	吉野郡天川村	洞川
奈良県	吉野郡天川村	中越
奈良県	吉野郡天川村	中谷
奈良県	吉野郡天川村	広瀬
奈良県	吉野郡天川村	南日裏
奈良県	吉野郡天川村	南角
奈良県	吉野郡天川村	山西
奈良県	吉野郡天川村	和田
奈良県	吉野郡野迫川村	池津川
奈良県	吉野郡野迫川村	今井
奈良県	吉野郡野迫川村	上
奈良県	吉野郡野迫川村	北今西
奈良県	吉野郡野迫川村	北股
奈良県	吉野郡野迫川村	紫園
奈良県	吉野郡野迫川村	平
奈良県	吉野郡野迫川村	立里
奈良県	吉野郡野迫川村	中
奈良県	吉野郡野迫川村	中津川
奈良県	吉野郡野迫川村	桧股
奈良県	吉野郡野迫川村	平川
奈良県	吉野郡野迫川村	柞原
奈良県	吉野郡野迫川村	弓手原
奈良県	吉野郡十津川村	旭
奈良県	吉野郡十津川村	池穴
奈良県	吉野郡十津川村	今西
奈良県	吉野郡十津川村	五百瀬
奈良県	吉野郡十津川村	上野地
奈良県	吉野郡十津川村	宇宮原
奈良県	吉野郡十津川村	内野
奈良県	吉野郡十津川村	大野
奈良県	吉野郡十津川村	小川
奈良県	吉野郡十津川村	小原
奈良県	吉野郡十津川村	折立
奈良県	吉野郡十津川村	樫原
奈良県	吉野郡十津川村	風屋
奈良県	吉野郡十津川村	上葛川
奈良県	吉野郡十津川村	上湯川
奈良県	吉野郡十津川村	川津
奈良県	吉野郡十津川村	桑畑
奈良県	吉野郡十津川村	小井
奈良県	吉野郡十津川村	神下
奈良県	吉野郡十津川村	小坪瀬
奈良県	吉野郡十津川村	込之上
奈良県	吉野郡十津川村	小森
奈良県	吉野郡十津川村	小山手
奈良県	吉野郡十津川村	猿飼
奈良県	吉野郡十津川村	重里
奈良県	吉野郡十津川村	杉清
奈良県	吉野郡十津川村	迫西川
奈良県	吉野郡十津川村	高滝
奈良県	吉野郡十津川村	滝川
奈良県	吉野郡十津川村	竹筒
奈良県	吉野郡十津川村	高津
奈良県	吉野郡十津川村	谷垣内
奈良県	吉野郡十津川村	谷瀬
奈良県	吉野郡十津川村	玉置川
奈良県	吉野郡十津川村	玉垣内
奈良県	吉野郡十津川村	出谷
奈良県	吉野郡十津川村	内原
奈良県	吉野郡十津川村	永井
奈良県	吉野郡十津川村	長殿
奈良県	吉野郡十津川村	那知合
奈良県	吉野郡十津川村	七色
奈良県	吉野郡十津川村	西中
奈良県	吉野郡十津川村	沼田原
奈良県	吉野郡十津川村	野尻
奈良県	吉野郡十津川村	林
奈良県	吉野郡十津川村	東中
奈良県	吉野郡十津川村	平谷
奈良県	吉野郡十津川村	三浦
奈良県	吉野郡十津川村	武蔵
奈良県	吉野郡十津川村	山崎
奈良県	吉野郡十津川村	山手
奈良県	吉野郡十津川村	山手谷
奈良県	吉野郡十津川村	山天
奈良県	吉野郡十津川村	湯之原
奈良県	吉野郡下北山村	池峰
奈良県	吉野郡下北山村	浦向
奈良県	吉野郡下北山村	上池原
奈良県	吉野郡下北山村	上桑原
奈良県	吉野郡下北山村	佐田
奈良県	吉野郡下北山村	下池原
奈良県	吉野郡下北山村	下桑原
奈良県	吉野郡下北山村	前鬼
奈良県	吉野郡下北山村	寺垣内
奈良県	吉野郡上北山村	河合
奈良県	吉野郡上北山村	小橡
奈良県	吉野郡上北山村	白川
奈良県	吉野郡上北山村	西原
奈良県	吉野郡上北山村	東ノ川
奈良県	吉野郡川上村	井光
奈良県	吉野郡川上村	井戸（ネジ畑）
奈良県	吉野郡川上村	井戸（その他）
奈良県	吉野郡川上村	東川
奈良県	吉野郡川上村	大迫
奈良県	吉野郡川上村	大滝
奈良県	吉野郡川上村	伯母谷
奈良県	吉野郡川上村	柏木
奈良県	吉野郡川上村	北塩谷
奈良県	吉野郡川上村	北和田
奈良県	吉野郡川上村	上多古
奈良県	吉野郡川上村	上谷
奈良県	吉野郡川上村	神之谷
奈良県	吉野郡川上村	迫
奈良県	吉野郡川上村	入之波
奈良県	吉野郡川上村	下多古
奈良県	吉野郡川上村	白川渡
奈良県	吉野郡川上村	白屋
奈良県	吉野郡川上村	瀬戸
奈良県	吉野郡川上村	枌尾
奈良県	吉野郡川上村	高原
奈良県	吉野郡川上村	高原土場
奈良県	吉野郡川上村	武木
奈良県	吉野郡川上村	寺尾
奈良県	吉野郡川上村	中奥
奈良県	吉野郡川上村	西河
奈良県	吉野郡川上村	人知
奈良県	吉野郡東吉野村	伊豆尾
奈良県	吉野郡東吉野村	大又
奈良県	吉野郡東吉野村	小川
奈良県	吉野郡東吉野村	小
奈良県	吉野郡東吉野村	小栗栖
奈良県	吉野郡東吉野村	木津
奈良県	吉野郡東吉野村	木津川
奈良県	吉野郡東吉野村	杉谷
奈良県	吉野郡東吉野村	狭戸
奈良県	吉野郡東吉野村	滝野
奈良県	吉野郡東吉野村	谷尻
奈良県	吉野郡東吉野村	中黒
奈良県	吉野郡東吉野村	萩原
奈良県	吉野郡東吉野村	日裏
奈良県	吉野郡東吉野村	平野
奈良県	吉野郡東吉野村	大豆生
奈良県	吉野郡東吉野村	三尾
奈良県	吉野郡東吉野村	麦谷
奈良県	吉野郡東吉野村	鷲家
