都道府県	市区町村	町名
滋賀県	大津市	青山
滋賀県	大津市	赤尾町
滋賀県	大津市	あかね町
滋賀県	大津市	秋葉台
滋賀県	大津市	朝日
滋賀県	大津市	朝日が丘
滋賀県	大津市	穴太
滋賀県	大津市	荒川
滋賀県	大津市	粟津町
滋賀県	大津市	伊香立上在地町
滋賀県	大津市	伊香立下在地町
滋賀県	大津市	伊香立上龍華町
滋賀県	大津市	伊香立下龍華町
滋賀県	大津市	伊香立北在地町
滋賀県	大津市	伊香立途中町
滋賀県	大津市	伊香立生津町
滋賀県	大津市	伊香立南庄町
滋賀県	大津市	伊香立向在地町
滋賀県	大津市	池の里
滋賀県	大津市	石居
滋賀県	大津市	石場
滋賀県	大津市	石山内畑町
滋賀県	大津市	石山千町
滋賀県	大津市	石山外畑町
滋賀県	大津市	石山寺
滋賀県	大津市	石山寺辺町
滋賀県	大津市	一里山
滋賀県	大津市	稲津
滋賀県	大津市	稲葉台
滋賀県	大津市	今堅田
滋賀県	大津市	打出浜
滋賀県	大津市	梅林
滋賀県	大津市	枝
滋賀県	大津市	追分町
滋賀県	大津市	逢坂
滋賀県	大津市	皇子が丘
滋賀県	大津市	大石小田原
滋賀県	大津市	大石小田原町
滋賀県	大津市	大石曽束
滋賀県	大津市	大石曽束町
滋賀県	大津市	大石富川
滋賀県	大津市	大石富川町
滋賀県	大津市	大石中
滋賀県	大津市	大石東
滋賀県	大津市	大石淀
滋賀県	大津市	大石淀町
滋賀県	大津市	大石龍門
滋賀県	大津市	大江
滋賀県	大津市	大萱
滋賀県	大津市	仰木
滋賀県	大津市	仰木町
滋賀県	大津市	仰木の里
滋賀県	大津市	仰木の里東
滋賀県	大津市	大谷町
滋賀県	大津市	大鳥居
滋賀県	大津市	大平
滋賀県	大津市	雄琴
滋賀県	大津市	雄琴北
滋賀県	大津市	音羽台
滋賀県	大津市	小野
滋賀県	大津市	尾花川
滋賀県	大津市	園城寺町
滋賀県	大津市	鏡が浜
滋賀県	大津市	春日町
滋賀県	大津市	堅田
滋賀県	大津市	葛川梅ノ木町
滋賀県	大津市	葛川木戸口町
滋賀県	大津市	葛川坂下町
滋賀県	大津市	葛川中村町
滋賀県	大津市	葛川貫井町
滋賀県	大津市	葛川細川町
滋賀県	大津市	葛川坊村町
滋賀県	大津市	葛川町居町
滋賀県	大津市	上田上桐生町
滋賀県	大津市	上田上芝原町
滋賀県	大津市	上田上新免町
滋賀県	大津市	上田上堂町
滋賀県	大津市	上田上中野町
滋賀県	大津市	上田上平野町
滋賀県	大津市	上田上牧町
滋賀県	大津市	神出開町
滋賀県	大津市	萱野浦
滋賀県	大津市	唐崎
滋賀県	大津市	唐橋町
滋賀県	大津市	勧学
滋賀県	大津市	観音寺
滋賀県	大津市	北大路
滋賀県	大津市	北小松
滋賀県	大津市	北比良
滋賀県	大津市	木戸
滋賀県	大津市	衣川
滋賀県	大津市	木下町
滋賀県	大津市	京町
滋賀県	大津市	桐生
滋賀県	大津市	栗林町
滋賀県	大津市	栗原
滋賀県	大津市	黒津
滋賀県	大津市	向陽町
滋賀県	大津市	国分
滋賀県	大津市	湖城が丘
滋賀県	大津市	湖青
滋賀県	大津市	小関町
滋賀県	大津市	御殿浜
滋賀県	大津市	木の岡町
滋賀県	大津市	御陵町
滋賀県	大津市	際川
滋賀県	大津市	栄町
滋賀県	大津市	坂本
滋賀県	大津市	坂本本町
滋賀県	大津市	相模町
滋賀県	大津市	桜野町
滋賀県	大津市	里
滋賀県	大津市	三大寺
滋賀県	大津市	滋賀里
滋賀県	大津市	芝原
滋賀県	大津市	島の関
滋賀県	大津市	下阪本
滋賀県	大津市	松陽
滋賀県	大津市	昭和町
滋賀県	大津市	神宮町
滋賀県	大津市	新免
滋賀県	大津市	神領
滋賀県	大津市	水明
滋賀県	大津市	末広町
滋賀県	大津市	杉浦町
滋賀県	大津市	清風町
滋賀県	大津市	晴嵐
滋賀県	大津市	清和町
滋賀県	大津市	関津
滋賀県	大津市	膳所
滋賀県	大津市	膳所池ノ内町
滋賀県	大津市	膳所上別保町
滋賀県	大津市	膳所平尾町
滋賀県	大津市	瀬田
滋賀県	大津市	瀬田大江町
滋賀県	大津市	瀬田神領町
滋賀県	大津市	瀬田月輪町
滋賀県	大津市	瀬田橋本町
滋賀県	大津市	瀬田南大萱町
滋賀県	大津市	千石台
滋賀県	大津市	千町
滋賀県	大津市	園山
滋賀県	大津市	太子
滋賀県	大津市	大物
滋賀県	大津市	大門通
滋賀県	大津市	高砂町
滋賀県	大津市	竜が丘
滋賀県	大津市	田辺町
滋賀県	大津市	玉野浦
滋賀県	大津市	大将軍
滋賀県	大津市	千野
滋賀県	大津市	茶が崎
滋賀県	大津市	茶戸町
滋賀県	大津市	中央
滋賀県	大津市	月輪
滋賀県	大津市	鶴の里
滋賀県	大津市	堂
滋賀県	大津市	鳥居川町
滋賀県	大津市	中庄
滋賀県	大津市	中野
滋賀県	大津市	長等
滋賀県	大津市	南郷
滋賀県	大津市	南郷上山町
滋賀県	大津市	におの浜
滋賀県	大津市	錦織
滋賀県	大津市	西の庄
滋賀県	大津市	二本松
滋賀県	大津市	苗鹿
滋賀県	大津市	野郷原
滋賀県	大津市	羽栗
滋賀県	大津市	蓮池町
滋賀県	大津市	八屋戸
滋賀県	大津市	花園町
滋賀県	大津市	浜大津
滋賀県	大津市	浜町
滋賀県	大津市	馬場
滋賀県	大津市	比叡平
滋賀県	大津市	比叡辻
滋賀県	大津市	光が丘町
滋賀県	大津市	日吉台
滋賀県	大津市	平津
滋賀県	大津市	平野
滋賀県	大津市	藤尾奥町
滋賀県	大津市	富士見台
滋賀県	大津市	札の辻
滋賀県	大津市	別保
滋賀県	大津市	螢谷
滋賀県	大津市	本堅田
滋賀県	大津市	本丸町
滋賀県	大津市	牧
滋賀県	大津市	松が丘
滋賀県	大津市	松原町
滋賀県	大津市	松本
滋賀県	大津市	松山町
滋賀県	大津市	真野
滋賀県	大津市	真野家田町
滋賀県	大津市	真野大野
滋賀県	大津市	真野佐川町
滋賀県	大津市	真野谷口町
滋賀県	大津市	真野普門
滋賀県	大津市	丸の内町
滋賀県	大津市	三井寺町
滋賀県	大津市	美崎町
滋賀県	大津市	見世
滋賀県	大津市	美空町
滋賀県	大津市	緑町
滋賀県	大津市	南小松
滋賀県	大津市	南志賀
滋賀県	大津市	南滋賀町
滋賀県	大津市	南比良
滋賀県	大津市	南船路
滋賀県	大津市	御幸町
滋賀県	大津市	本宮
滋賀県	大津市	森
滋賀県	大津市	柳が崎
滋賀県	大津市	柳川
滋賀県	大津市	山上町
滋賀県	大津市	山中町
滋賀県	大津市	山百合の丘
滋賀県	大津市	弥生町
滋賀県	大津市	由美浜
滋賀県	大津市	陽明町
滋賀県	大津市	横木
滋賀県	大津市	若葉台
滋賀県	大津市	和邇今宿
滋賀県	大津市	和邇春日
滋賀県	大津市	和邇北浜
滋賀県	大津市	和邇高城
滋賀県	大津市	和邇中
滋賀県	大津市	和邇中浜
滋賀県	大津市	和邇南浜
滋賀県	彦根市	旭町
滋賀県	彦根市	安食中町
滋賀県	彦根市	池州町
滋賀県	彦根市	石寺町
滋賀県	彦根市	稲枝町
滋賀県	彦根市	稲里町
滋賀県	彦根市	稲部町
滋賀県	彦根市	犬方町
滋賀県	彦根市	宇尾町（８９７番地及び中島５０５～５１８番地）
滋賀県	彦根市	宇尾町（その他）
滋賀県	彦根市	駅東町
滋賀県	彦根市	大橋町
滋賀県	彦根市	大堀町
滋賀県	彦根市	大藪町
滋賀県	彦根市	男鬼町
滋賀県	彦根市	岡町
滋賀県	彦根市	尾末町
滋賀県	彦根市	小野町
滋賀県	彦根市	海瀬町
滋賀県	彦根市	開出今町
滋賀県	彦根市	賀田山町
滋賀県	彦根市	金沢町
滋賀県	彦根市	金田町
滋賀県	彦根市	上稲葉町
滋賀県	彦根市	上岡部町
滋賀県	彦根市	上西川町
滋賀県	彦根市	川瀬馬場町
滋賀県	彦根市	河原
滋賀県	彦根市	甘呂町
滋賀県	彦根市	京町
滋賀県	彦根市	清崎町
滋賀県	彦根市	銀座町
滋賀県	彦根市	小泉町
滋賀県	彦根市	甲崎町
滋賀県	彦根市	甲田町
滋賀県	彦根市	広野町
滋賀県	彦根市	極楽寺町
滋賀県	彦根市	後三条町
滋賀県	彦根市	金亀町
滋賀県	彦根市	金剛寺町
滋賀県	彦根市	幸町
滋賀県	彦根市	栄町
滋賀県	彦根市	笹尾町
滋賀県	彦根市	薩摩町
滋賀県	彦根市	里根町
滋賀県	彦根市	佐和町
滋賀県	彦根市	佐和山町
滋賀県	彦根市	地蔵町
滋賀県	彦根市	下稲葉町
滋賀県	彦根市	下岡部町
滋賀県	彦根市	下西川町
滋賀県	彦根市	下矢倉町
滋賀県	彦根市	荘厳寺町
滋賀県	彦根市	正法寺町
滋賀県	彦根市	城町
滋賀県	彦根市	新海町
滋賀県	彦根市	新海浜
滋賀県	彦根市	新町
滋賀県	彦根市	須越町
滋賀県	彦根市	芹川町
滋賀県	彦根市	芹中町
滋賀県	彦根市	芹橋
滋賀県	彦根市	芹町
滋賀県	彦根市	善谷町
滋賀県	彦根市	太堂町
滋賀県	彦根市	大東町
滋賀県	彦根市	高宮町
滋賀県	彦根市	竹ケ鼻町
滋賀県	彦根市	立花町
滋賀県	彦根市	田附町
滋賀県	彦根市	田原町
滋賀県	彦根市	千尋町
滋賀県	彦根市	中央町
滋賀県	彦根市	辻堂町
滋賀県	彦根市	葛籠町
滋賀県	彦根市	出路町
滋賀県	彦根市	出町
滋賀県	彦根市	戸賀町
滋賀県	彦根市	外町
滋賀県	彦根市	鳥居本町
滋賀県	彦根市	中藪
滋賀県	彦根市	中藪町
滋賀県	彦根市	中山町
滋賀県	彦根市	長曽根町
滋賀県	彦根市	長曽根南町
滋賀県	彦根市	西今町
滋賀県	彦根市	錦町
滋賀県	彦根市	西葛籠町
滋賀県	彦根市	西沼波町
滋賀県	彦根市	楡町
滋賀県	彦根市	野口町
滋賀県	彦根市	野瀬町
滋賀県	彦根市	野田山町
滋賀県	彦根市	沼波町
滋賀県	彦根市	野良田町
滋賀県	彦根市	橋向町
滋賀県	彦根市	八坂町
滋賀県	彦根市	服部町
滋賀県	彦根市	原町
滋賀県	彦根市	馬場
滋賀県	彦根市	東沼波町
滋賀県	彦根市	彦富町
滋賀県	彦根市	肥田町
滋賀県	彦根市	日夏町
滋賀県	彦根市	平田町
滋賀県	彦根市	普光寺町
滋賀県	彦根市	仏生寺町
滋賀県	彦根市	武奈町
滋賀県	彦根市	船町
滋賀県	彦根市	古沢町
滋賀県	彦根市	法士町
滋賀県	彦根市	堀町
滋賀県	彦根市	本庄町
滋賀県	彦根市	本町
滋賀県	彦根市	松原
滋賀県	彦根市	松原町
滋賀県	彦根市	三津町
滋賀県	彦根市	三津屋町
滋賀県	彦根市	南川瀬町
滋賀県	彦根市	南三ツ谷町
滋賀県	彦根市	宮田町
滋賀県	彦根市	元岡町
滋賀県	彦根市	元町
滋賀県	彦根市	森堂町
滋賀県	彦根市	安清町
滋賀県	彦根市	安清東町
滋賀県	彦根市	柳川町
滋賀県	彦根市	山之脇町
滋賀県	彦根市	蓮台寺町
滋賀県	彦根市	和田町
滋賀県	長浜市	浅井高原
滋賀県	長浜市	朝日町
滋賀県	長浜市	安養寺町
滋賀県	長浜市	池奥町
滋賀県	長浜市	石田町
滋賀県	長浜市	泉町
滋賀県	長浜市	一の宮町
滋賀県	長浜市	稲葉町
滋賀県	長浜市	今川町
滋賀県	長浜市	今荘町
滋賀県	長浜市	今町
滋賀県	長浜市	飯山町
滋賀県	長浜市	内保町
滋賀県	長浜市	瓜生町
滋賀県	長浜市	上野町
滋賀県	長浜市	永久寺町
滋賀県	長浜市	榎木町
滋賀県	長浜市	大井町
滋賀県	長浜市	大戌亥町
滋賀県	長浜市	大島町
滋賀県	長浜市	太田町
滋賀県	長浜市	大辰巳町
滋賀県	長浜市	大浜町
滋賀県	長浜市	大東町
滋賀県	長浜市	大宮町
滋賀県	長浜市	大依町
滋賀県	長浜市	岡谷町
滋賀県	長浜市	小谷上山田町
滋賀県	長浜市	小谷郡上町
滋賀県	長浜市	小谷美濃山町
滋賀県	長浜市	小谷丁野町
滋賀県	長浜市	落合町
滋賀県	長浜市	大路町
滋賀県	長浜市	小野寺町
滋賀県	長浜市	垣籠町
滋賀県	長浜市	柿ノ木
滋賀県	長浜市	鍛冶屋町
滋賀県	長浜市	加田今町
滋賀県	長浜市	加田町
滋賀県	長浜市	勝町
滋賀県	長浜市	鐘紡町
滋賀県	長浜市	加納町
滋賀県	長浜市	神照町
滋賀県	長浜市	上八木町
滋賀県	長浜市	唐国町
滋賀県	長浜市	川崎町
滋賀県	長浜市	川道町
滋賀県	長浜市	木尾町
滋賀県	長浜市	祇園町
滋賀県	長浜市	北池町
滋賀県	長浜市	北ノ郷町
滋賀県	長浜市	北野町
滋賀県	長浜市	北船町
滋賀県	長浜市	木之本町赤尾
滋賀県	長浜市	木之本町アットリ
滋賀県	長浜市	木之本町石道
滋賀県	長浜市	木之本町大音
滋賀県	長浜市	木之本町大見
滋賀県	長浜市	木之本町音羽
滋賀県	長浜市	木之本町金居原
滋賀県	長浜市	木之本町川合
滋賀県	長浜市	木之本町北布施
滋賀県	長浜市	木之本町木之本
滋賀県	長浜市	木之本町黒田
滋賀県	長浜市	木之本町小山
滋賀県	長浜市	木之本町杉野
滋賀県	長浜市	木之本町杉本
滋賀県	長浜市	木之本町千田
滋賀県	長浜市	木之本町田居
滋賀県	長浜市	木之本町田部
滋賀県	長浜市	木之本町西山
滋賀県	長浜市	木之本町飯浦（坂尻）
滋賀県	長浜市	木之本町飯浦（その他）
滋賀県	長浜市	木之本町廣瀬
滋賀県	長浜市	木之本町古橋
滋賀県	長浜市	木之本町山梨子
滋賀県	長浜市	草野町
滋賀県	長浜市	国友町
滋賀県	長浜市	口分田町
滋賀県	長浜市	黒部町
滋賀県	長浜市	小一条町
滋賀県	長浜市	公園町
滋賀県	長浜市	香花寺町
滋賀県	長浜市	郷野町
滋賀県	長浜市	小観音寺町
滋賀県	長浜市	小沢町
滋賀県	長浜市	湖北今町
滋賀県	長浜市	湖北高田町
滋賀県	長浜市	湖北町青名
滋賀県	長浜市	湖北町石川
滋賀県	長浜市	湖北町伊部
滋賀県	長浜市	湖北町今西
滋賀県	長浜市	湖北町海老江
滋賀県	長浜市	湖北町延勝寺
滋賀県	長浜市	湖北町小倉
滋賀県	長浜市	湖北町尾上
滋賀県	長浜市	湖北町賀
滋賀県	長浜市	湖北町河毛
滋賀県	長浜市	湖北町小今
滋賀県	長浜市	湖北町五坪
滋賀県	長浜市	湖北町沢
滋賀県	長浜市	湖北町大安寺
滋賀県	長浜市	湖北町田中
滋賀県	長浜市	湖北町津里
滋賀県	長浜市	湖北町留目
滋賀県	長浜市	湖北町猫口
滋賀県	長浜市	湖北町速水
滋賀県	長浜市	湖北町二俣
滋賀県	長浜市	湖北町別所
滋賀県	長浜市	湖北町南速水
滋賀県	長浜市	湖北町馬渡
滋賀県	長浜市	湖北町山本
滋賀県	長浜市	湖北町山脇
滋賀県	長浜市	湖北町八日市
滋賀県	長浜市	湖北東尾上町
滋賀県	長浜市	小堀町
滋賀県	長浜市	五村
滋賀県	長浜市	小室町
滋賀県	長浜市	桜町
滋賀県	長浜市	佐野町
滋賀県	長浜市	三和町
滋賀県	長浜市	七条町
滋賀県	長浜市	地福寺町
滋賀県	長浜市	下坂中町
滋賀県	長浜市	下坂浜町
滋賀県	長浜市	下之郷町
滋賀県	長浜市	下八木町
滋賀県	長浜市	下山田
滋賀県	長浜市	十里町
滋賀県	長浜市	十九町
滋賀県	長浜市	常喜町
滋賀県	長浜市	新旭町
滋賀県	長浜市	新庄寺町
滋賀県	長浜市	新庄中町
滋賀県	長浜市	新庄馬場町
滋賀県	長浜市	神前町
滋賀県	長浜市	新三田
滋賀県	長浜市	酢
滋賀県	長浜市	末広町
滋賀県	長浜市	須賀谷町
滋賀県	長浜市	相撲町
滋賀県	長浜市	相撲庭町
滋賀県	長浜市	曽根町
滋賀県	長浜市	尊勝寺町
滋賀県	長浜市	尊野町
滋賀県	長浜市	大光寺町
滋賀県	長浜市	醍醐町
滋賀県	長浜市	大寺町
滋賀県	長浜市	大門町
滋賀県	長浜市	高田町
滋賀県	長浜市	高月町雨森
滋賀県	長浜市	高月町磯野
滋賀県	長浜市	高月町井口
滋賀県	長浜市	高月町宇根
滋賀県	長浜市	高月町落川
滋賀県	長浜市	高月町尾山
滋賀県	長浜市	高月町柏原
滋賀県	長浜市	高月町片山
滋賀県	長浜市	高月町唐川
滋賀県	長浜市	高月町熊野
滋賀県	長浜市	高月町重則
滋賀県	長浜市	高月町高月
滋賀県	長浜市	高月町高野
滋賀県	長浜市	高月町渡岸寺
滋賀県	長浜市	高月町西阿閉
滋賀県	長浜市	高月町西野
滋賀県	長浜市	高月町西物部
滋賀県	長浜市	高月町西柳野
滋賀県	長浜市	高月町東阿閉
滋賀県	長浜市	高月町東高田
滋賀県	長浜市	高月町東物部
滋賀県	長浜市	高月町東柳野
滋賀県	長浜市	高月町布施
滋賀県	長浜市	高月町保延寺
滋賀県	長浜市	高月町洞戸
滋賀県	長浜市	高月町馬上
滋賀県	長浜市	高月町松尾
滋賀県	長浜市	高月町持寺
滋賀県	長浜市	高月町森本
滋賀県	長浜市	高月町柳野中
滋賀県	長浜市	高月町横山
滋賀県	長浜市	高橋町
滋賀県	長浜市	高畑町
滋賀県	長浜市	高山町
滋賀県	長浜市	田川町
滋賀県	長浜市	田町
滋賀県	長浜市	谷口町
滋賀県	長浜市	田村町
滋賀県	長浜市	千草町
滋賀県	長浜市	月ヶ瀬町
滋賀県	長浜市	鶴が島
滋賀県	長浜市	寺師町
滋賀県	長浜市	寺田町
滋賀県	長浜市	当目町
滋賀県	長浜市	徳山町
滋賀県	長浜市	殿町
滋賀県	長浜市	鳥羽上町
滋賀県	長浜市	富田町
滋賀県	長浜市	長田町
滋賀県	長浜市	中野町
滋賀県	長浜市	中浜
滋賀県	長浜市	中山町
滋賀県	長浜市	名越町
滋賀県	長浜市	南郷町
滋賀県	長浜市	難波町
滋賀県	長浜市	新栄町
滋賀県	長浜市	西浅井町大浦
滋賀県	長浜市	西浅井町小山
滋賀県	長浜市	西浅井町沓掛
滋賀県	長浜市	西浅井町黒山
滋賀県	長浜市	西浅井町塩津中
滋賀県	長浜市	西浅井町塩津浜
滋賀県	長浜市	西浅井町集福寺
滋賀県	長浜市	西浅井町庄
滋賀県	長浜市	西浅井町菅浦
滋賀県	長浜市	西浅井町月出
滋賀県	長浜市	西浅井町中
滋賀県	長浜市	西浅井町野坂
滋賀県	長浜市	西浅井町八田部
滋賀県	長浜市	西浅井町祝山
滋賀県	長浜市	西浅井町岩熊
滋賀県	長浜市	西浅井町山門
滋賀県	長浜市	西浅井町山田
滋賀県	長浜市	西浅井町余
滋賀県	長浜市	西浅井町横波
滋賀県	長浜市	西大井町
滋賀県	長浜市	西主計町
滋賀県	長浜市	西上坂町
滋賀県	長浜市	錦織町
滋賀県	長浜市	西新三田
滋賀県	長浜市	西野町
滋賀県	長浜市	西村町
滋賀県	長浜市	新居町
滋賀県	長浜市	乗倉町
滋賀県	長浜市	野瀬町
滋賀県	長浜市	野田町
滋賀県	長浜市	野寺町
滋賀県	長浜市	野村町
滋賀県	長浜市	八条町
滋賀県	長浜市	早崎町
滋賀県	長浜市	春近町
滋賀県	長浜市	東主計町
滋賀県	長浜市	東上坂町
滋賀県	長浜市	東野町
滋賀県	長浜市	平方南町
滋賀県	長浜市	平方町
滋賀県	長浜市	平塚町
滋賀県	長浜市	布勢町
滋賀県	長浜市	分木町
滋賀県	長浜市	保田町
滋賀県	長浜市	法楽寺町
滋賀県	長浜市	細江町
滋賀県	長浜市	保多町
滋賀県	長浜市	堀部町
滋賀県	長浜市	本庄町
滋賀県	長浜市	本町
滋賀県	長浜市	益田町
滋賀県	長浜市	三川町
滋賀県	長浜市	御館
滋賀県	長浜市	三田町
滋賀県	長浜市	三ツ矢町
滋賀県	長浜市	三ツ矢元町
滋賀県	長浜市	港町
滋賀県	長浜市	南池町
滋賀県	長浜市	南小足町
滋賀県	長浜市	南呉服町
滋賀県	長浜市	南高田町
滋賀県	長浜市	南田附町
滋賀県	長浜市	南浜町
滋賀県	長浜市	宮司町
滋賀県	長浜市	宮部町
滋賀県	長浜市	宮前町
滋賀県	長浜市	室町
滋賀県	長浜市	元浜町
滋賀県	長浜市	森町
滋賀県	長浜市	八木浜町
滋賀県	長浜市	八島町
滋賀県	長浜市	弥高町
滋賀県	長浜市	山階町
滋賀県	長浜市	山ノ前町
滋賀県	長浜市	八幡中山町
滋賀県	長浜市	八幡東町
滋賀県	長浜市	弓削町
滋賀県	長浜市	湯次町
滋賀県	長浜市	余呉町池原
滋賀県	長浜市	余呉町今市
滋賀県	長浜市	余呉町小谷
滋賀県	長浜市	余呉町奥川並
滋賀県	長浜市	余呉町尾羽梨
滋賀県	長浜市	余呉町小原
滋賀県	長浜市	余呉町上丹生
滋賀県	長浜市	余呉町川並
滋賀県	長浜市	余呉町国安
滋賀県	長浜市	余呉町坂口
滋賀県	長浜市	余呉町下丹生
滋賀県	長浜市	余呉町下余呉
滋賀県	長浜市	余呉町新堂
滋賀県	長浜市	余呉町菅並
滋賀県	長浜市	余呉町摺墨
滋賀県	長浜市	余呉町田戸
滋賀県	長浜市	余呉町椿坂
滋賀県	長浜市	余呉町中河内
滋賀県	長浜市	余呉町中之郷
滋賀県	長浜市	余呉町針川
滋賀県	長浜市	余呉町東野
滋賀県	長浜市	余呉町文室
滋賀県	長浜市	余呉町八戸
滋賀県	長浜市	余呉町柳ケ瀬
滋賀県	長浜市	余呉町鷲見
滋賀県	長浜市	四ツ塚町
滋賀県	長浜市	力丸町
滋賀県	長浜市	竜安寺町
滋賀県	長浜市	列見町
滋賀県	近江八幡市	間之町
滋賀県	近江八幡市	赤尾町
滋賀県	近江八幡市	浅小井町
滋賀県	近江八幡市	安土町石寺
滋賀県	近江八幡市	安土町内野
滋賀県	近江八幡市	安土町上出
滋賀県	近江八幡市	安土町上豊浦
滋賀県	近江八幡市	安土町桑実寺
滋賀県	近江八幡市	安土町小中
滋賀県	近江八幡市	安土町香庄
滋賀県	近江八幡市	安土町慈恩寺
滋賀県	近江八幡市	安土町下豊浦
滋賀県	近江八幡市	安土町常楽寺
滋賀県	近江八幡市	安土町大中
滋賀県	近江八幡市	安土町中屋
滋賀県	近江八幡市	安土町西老蘇
滋賀県	近江八幡市	安土町東老蘇
滋賀県	近江八幡市	安土町宮津
滋賀県	近江八幡市	安養寺町
滋賀県	近江八幡市	生須町
滋賀県	近江八幡市	池田本町
滋賀県	近江八幡市	池田町
滋賀県	近江八幡市	為心町上
滋賀県	近江八幡市	為心町中
滋賀県	近江八幡市	為心町元
滋賀県	近江八幡市	板屋町
滋賀県	近江八幡市	市井町
滋賀県	近江八幡市	上田町
滋賀県	近江八幡市	上野町
滋賀県	近江八幡市	上畑町
滋賀県	近江八幡市	宇津呂町
滋賀県	近江八幡市	魚屋町上
滋賀県	近江八幡市	魚屋町中
滋賀県	近江八幡市	魚屋町元
滋賀県	近江八幡市	江頭町
滋賀県	近江八幡市	江南町
滋賀県	近江八幡市	大杉町
滋賀県	近江八幡市	大房町
滋賀県	近江八幡市	大森町
滋賀県	近江八幡市	沖島町
滋賀県	近江八幡市	長田町
滋賀県	近江八幡市	小田町
滋賀県	近江八幡市	音羽町
滋賀県	近江八幡市	小幡町上
滋賀県	近江八幡市	小幡町中
滋賀県	近江八幡市	鍵之手町
滋賀県	近江八幡市	鍛治屋町
滋賀県	近江八幡市	加茂町
滋賀県	近江八幡市	川原町
滋賀県	近江八幡市	北末町
滋賀県	近江八幡市	北津田町
滋賀県	近江八幡市	北之庄町
滋賀県	近江八幡市	北元町
滋賀県	近江八幡市	倉橋部町
滋賀県	近江八幡市	御所内町
滋賀県	近江八幡市	小船木町
滋賀県	近江八幡市	金剛寺町
滋賀県	近江八幡市	佐久間町
滋賀県	近江八幡市	桜宮町
滋賀県	近江八幡市	佐波江町
滋賀県	近江八幡市	慈恩寺町上
滋賀県	近江八幡市	慈恩寺町中
滋賀県	近江八幡市	慈恩寺町元
滋賀県	近江八幡市	篠原町
滋賀県	近江八幡市	島町
滋賀県	近江八幡市	十王町
滋賀県	近江八幡市	正神町
滋賀県	近江八幡市	浄土寺町
滋賀県	近江八幡市	白王町
滋賀県	近江八幡市	白鳥町
滋賀県	近江八幡市	新左衛門町
滋賀県	近江八幡市	新栄町
滋賀県	近江八幡市	新巻町
滋賀県	近江八幡市	新町
滋賀県	近江八幡市	水茎町
滋賀県	近江八幡市	末広町
滋賀県	近江八幡市	杉森町
滋賀県	近江八幡市	仲屋町上
滋賀県	近江八幡市	仲屋町中
滋賀県	近江八幡市	仲屋町元
滋賀県	近江八幡市	千僧供町
滋賀県	近江八幡市	大工町
滋賀県	近江八幡市	大中町
滋賀県	近江八幡市	鷹飼町
滋賀県	近江八幡市	鷹飼町北
滋賀県	近江八幡市	鷹飼町東
滋賀県	近江八幡市	鷹飼町南
滋賀県	近江八幡市	多賀町
滋賀県	近江八幡市	竹町
滋賀県	近江八幡市	田中江町
滋賀県	近江八幡市	玉木町
滋賀県	近江八幡市	玉屋町
滋賀県	近江八幡市	長光寺町
滋賀県	近江八幡市	長福寺町
滋賀県	近江八幡市	長命寺町
滋賀県	近江八幡市	津田町
滋賀県	近江八幡市	土田町
滋賀県	近江八幡市	鉄炮町
滋賀県	近江八幡市	出町
滋賀県	近江八幡市	友定町
滋賀県	近江八幡市	中小森町
滋賀県	近江八幡市	中之庄町
滋賀県	近江八幡市	永原町上
滋賀県	近江八幡市	永原町中
滋賀県	近江八幡市	永原町元
滋賀県	近江八幡市	中村町
滋賀県	近江八幡市	縄手町末
滋賀県	近江八幡市	縄手町中
滋賀県	近江八幡市	縄手町元
滋賀県	近江八幡市	西宿町
滋賀県	近江八幡市	西末町
滋賀県	近江八幡市	西畳屋町
滋賀県	近江八幡市	西庄町
滋賀県	近江八幡市	西本郷町
滋賀県	近江八幡市	西本郷町西
滋賀県	近江八幡市	西本郷町東
滋賀県	近江八幡市	西元町
滋賀県	近江八幡市	西生来町
滋賀県	近江八幡市	野田町
滋賀県	近江八幡市	野村町
滋賀県	近江八幡市	博労町上
滋賀県	近江八幡市	博労町中
滋賀県	近江八幡市	博労町元
滋賀県	近江八幡市	八幡町
滋賀県	近江八幡市	東川町
滋賀県	近江八幡市	東畳屋町
滋賀県	近江八幡市	東町
滋賀県	近江八幡市	東横関町
滋賀県	近江八幡市	日杉町
滋賀県	近江八幡市	日吉野町
滋賀県	近江八幡市	船木町
滋賀県	近江八幡市	船町
滋賀県	近江八幡市	古川町
滋賀県	近江八幡市	堀上町
滋賀県	近江八幡市	本町
滋賀県	近江八幡市	牧町
滋賀県	近江八幡市	孫平治町
滋賀県	近江八幡市	益田町
滋賀県	近江八幡市	馬淵町
滋賀県	近江八幡市	丸の内町
滋賀県	近江八幡市	円山町
滋賀県	近江八幡市	緑町
滋賀県	近江八幡市	南津田町
滋賀県	近江八幡市	南本郷町
滋賀県	近江八幡市	宮内町
滋賀県	近江八幡市	武佐町
滋賀県	近江八幡市	元水茎町
滋賀県	近江八幡市	元玉屋町
滋賀県	近江八幡市	森尻町
滋賀県	近江八幡市	八木町
滋賀県	近江八幡市	薬師町
滋賀県	近江八幡市	柳町
滋賀県	近江八幡市	若葉町
滋賀県	近江八幡市	若宮町
滋賀県	草津市	青地町
滋賀県	草津市	芦浦町
滋賀県	草津市	集町
滋賀県	草津市	穴村町
滋賀県	草津市	追分
滋賀県	草津市	追分南
滋賀県	草津市	大路
滋賀県	草津市	岡本町
滋賀県	草津市	下物町
滋賀県	草津市	笠山
滋賀県	草津市	片岡町
滋賀県	草津市	上笠
滋賀県	草津市	上寺町
滋賀県	草津市	川原
滋賀県	草津市	川原町
滋賀県	草津市	北大萱町
滋賀県	草津市	北山田町
滋賀県	草津市	木川町
滋賀県	草津市	草津
滋賀県	草津市	草津町
滋賀県	草津市	駒井沢町
滋賀県	草津市	桜ケ丘
滋賀県	草津市	志那町
滋賀県	草津市	志那中町
滋賀県	草津市	渋川
滋賀県	草津市	下笠町
滋賀県	草津市	下寺町
滋賀県	草津市	新堂町
滋賀県	草津市	新浜町
滋賀県	草津市	長束町
滋賀県	草津市	西大路町
滋賀県	草津市	西草津
滋賀県	草津市	西渋川
滋賀県	草津市	西矢倉
滋賀県	草津市	野路
滋賀県	草津市	野路町
滋賀県	草津市	野路東
滋賀県	草津市	野村
滋賀県	草津市	橋岡町
滋賀県	草津市	馬場町
滋賀県	草津市	東草津
滋賀県	草津市	東矢倉
滋賀県	草津市	平井
滋賀県	草津市	平井町
滋賀県	草津市	御倉町
滋賀県	草津市	南笠町
滋賀県	草津市	南笠東
滋賀県	草津市	南草津
滋賀県	草津市	南草津プリムタウン
滋賀県	草津市	南山田町
滋賀県	草津市	矢倉
滋賀県	草津市	矢橋町
滋賀県	草津市	山田町
滋賀県	草津市	山寺町
滋賀県	草津市	若草
滋賀県	草津市	若竹町
滋賀県	守山市	赤野井町
滋賀県	守山市	阿村町
滋賀県	守山市	荒見町
滋賀県	守山市	石田町
滋賀県	守山市	伊勢町
滋賀県	守山市	今市町
滋賀県	守山市	今宿
滋賀県	守山市	今宿町
滋賀県	守山市	今浜町
滋賀県	守山市	梅田町
滋賀県	守山市	焔魔堂町
滋賀県	守山市	大林町
滋賀県	守山市	岡町
滋賀県	守山市	笠原町
滋賀県	守山市	勝部
滋賀県	守山市	勝部町
滋賀県	守山市	金森町
滋賀県	守山市	川田町
滋賀県	守山市	環境学習都市宣言記念公園
滋賀県	守山市	小島町
滋賀県	守山市	木浜町
滋賀県	守山市	小浜町
滋賀県	守山市	幸津川町
滋賀県	守山市	下之郷
滋賀県	守山市	下之郷町
滋賀県	守山市	十二里町
滋賀県	守山市	新庄町
滋賀県	守山市	杉江町
滋賀県	守山市	洲本町
滋賀県	守山市	大門町
滋賀県	守山市	立田町
滋賀県	守山市	立入町
滋賀県	守山市	千代町
滋賀県	守山市	中町
滋賀県	守山市	服部町
滋賀県	守山市	播磨田町
滋賀県	守山市	浮気町
滋賀県	守山市	二町町
滋賀県	守山市	古高町
滋賀県	守山市	欲賀町
滋賀県	守山市	水保町
滋賀県	守山市	三宅町
滋賀県	守山市	森川原町
滋賀県	守山市	守山
滋賀県	守山市	守山町
滋賀県	守山市	矢島町
滋賀県	守山市	山賀町
滋賀県	守山市	横江町
滋賀県	守山市	吉身
滋賀県	守山市	吉身町
滋賀県	栗東市	荒張
滋賀県	栗東市	安養寺
滋賀県	栗東市	伊勢落
滋賀県	栗東市	井上
滋賀県	栗東市	大橋
滋賀県	栗東市	岡
滋賀県	栗東市	小柿
滋賀県	栗東市	小野
滋賀県	栗東市	笠川
滋賀県	栗東市	上砥山
滋賀県	栗東市	上鈎
滋賀県	栗東市	苅原
滋賀県	栗東市	川辺
滋賀県	栗東市	観音寺
滋賀県	栗東市	北中小路
滋賀県	栗東市	小平井
滋賀県	栗東市	下戸山
滋賀県	栗東市	下鈎
滋賀県	栗東市	十里
滋賀県	栗東市	高野
滋賀県	栗東市	辻
滋賀県	栗東市	出庭
滋賀県	栗東市	手原
滋賀県	栗東市	中沢
滋賀県	栗東市	野尻
滋賀県	栗東市	蜂屋
滋賀県	栗東市	林
滋賀県	栗東市	東坂
滋賀県	栗東市	綣
滋賀県	栗東市	坊袋
滋賀県	栗東市	御園
滋賀県	栗東市	目川
滋賀県	栗東市	霊仙寺
滋賀県	栗東市	六地蔵
滋賀県	甲賀市	甲賀町油日
滋賀県	甲賀市	甲賀町櫟野
滋賀県	甲賀市	甲賀町岩室
滋賀県	甲賀市	甲賀町上野
滋賀県	甲賀市	甲賀町大久保
滋賀県	甲賀市	甲賀町大原市場
滋賀県	甲賀市	甲賀町大原上田
滋賀県	甲賀市	甲賀町大原中
滋賀県	甲賀市	甲賀町隠岐
滋賀県	甲賀市	甲賀町鹿深台
滋賀県	甲賀市	甲賀町神
滋賀県	甲賀市	甲賀町小佐治
滋賀県	甲賀市	甲賀町五反田
滋賀県	甲賀市	甲賀町相模
滋賀県	甲賀市	甲賀町神保
滋賀県	甲賀市	甲賀町高野
滋賀県	甲賀市	甲賀町高嶺
滋賀県	甲賀市	甲賀町滝
滋賀県	甲賀市	甲賀町田堵野
滋賀県	甲賀市	甲賀町鳥居野
滋賀県	甲賀市	甲賀町拝坂
滋賀県	甲賀市	甲賀町毛枚
滋賀県	甲賀市	甲賀町和田
滋賀県	甲賀市	甲南町池田
滋賀県	甲賀市	甲南町磯尾
滋賀県	甲賀市	甲南町市原
滋賀県	甲賀市	甲南町葛木
滋賀県	甲賀市	甲南町上馬杉
滋賀県	甲賀市	甲南町希望ケ丘
滋賀県	甲賀市	甲南町希望ケ丘本町
滋賀県	甲賀市	甲南町耕心
滋賀県	甲賀市	甲南町柑子
滋賀県	甲賀市	甲南町塩野
滋賀県	甲賀市	甲南町下馬杉
滋賀県	甲賀市	甲南町新治
滋賀県	甲賀市	甲南町杉谷
滋賀県	甲賀市	甲南町寺庄
滋賀県	甲賀市	甲南町野川
滋賀県	甲賀市	甲南町野尻
滋賀県	甲賀市	甲南町野田
滋賀県	甲賀市	甲南町稗谷
滋賀県	甲賀市	甲南町深川
滋賀県	甲賀市	甲南町深川市場
滋賀県	甲賀市	甲南町宝木
滋賀県	甲賀市	甲南町森尻
滋賀県	甲賀市	甲南町竜法師
滋賀県	甲賀市	信楽町江田
滋賀県	甲賀市	信楽町小川
滋賀県	甲賀市	信楽町小川出
滋賀県	甲賀市	信楽町上朝宮
滋賀県	甲賀市	信楽町黄瀬
滋賀県	甲賀市	信楽町神山
滋賀県	甲賀市	信楽町下朝宮
滋賀県	甲賀市	信楽町杉山
滋賀県	甲賀市	信楽町田代
滋賀県	甲賀市	信楽町多羅尾
滋賀県	甲賀市	信楽町勅旨
滋賀県	甲賀市	信楽町中野
滋賀県	甲賀市	信楽町長野
滋賀県	甲賀市	信楽町西
滋賀県	甲賀市	信楽町畑
滋賀県	甲賀市	信楽町柞原
滋賀県	甲賀市	信楽町牧
滋賀県	甲賀市	信楽町宮尻
滋賀県	甲賀市	信楽町宮町
滋賀県	甲賀市	土山町山女原
滋賀県	甲賀市	土山町鮎河
滋賀県	甲賀市	土山町市場
滋賀県	甲賀市	土山町猪鼻
滋賀県	甲賀市	土山町大河原
滋賀県	甲賀市	土山町大澤
滋賀県	甲賀市	土山町青土
滋賀県	甲賀市	土山町大野
滋賀県	甲賀市	土山町北土山
滋賀県	甲賀市	土山町黒川
滋賀県	甲賀市	土山町黒滝
滋賀県	甲賀市	土山町瀬ノ音
滋賀県	甲賀市	土山町笹路
滋賀県	甲賀市	土山町徳原
滋賀県	甲賀市	土山町頓宮
滋賀県	甲賀市	土山町野上野
滋賀県	甲賀市	土山町平子
滋賀県	甲賀市	土山町前野
滋賀県	甲賀市	土山町南土山
滋賀県	甲賀市	土山町山中
滋賀県	甲賀市	水口町暁
滋賀県	甲賀市	水口町秋葉
滋賀県	甲賀市	水口町朝日が丘
滋賀県	甲賀市	水口町綾野
滋賀県	甲賀市	水口町泉
滋賀県	甲賀市	水口町今郷
滋賀県	甲賀市	水口町岩坂
滋賀県	甲賀市	水口町植
滋賀県	甲賀市	水口町宇川
滋賀県	甲賀市	水口町牛飼
滋賀県	甲賀市	水口町宇田
滋賀県	甲賀市	水口町梅が丘
滋賀県	甲賀市	水口町春日
滋賀県	甲賀市	水口町嶬峨
滋賀県	甲賀市	水口町北泉
滋賀県	甲賀市	水口町北内貴
滋賀県	甲賀市	水口町北脇
滋賀県	甲賀市	水口町貴生川
滋賀県	甲賀市	水口町京町
滋賀県	甲賀市	水口町古城が丘
滋賀県	甲賀市	水口町酒人
滋賀県	甲賀市	水口町笹が丘
滋賀県	甲賀市	水口町さつきが丘
滋賀県	甲賀市	水口町三大寺
滋賀県	甲賀市	水口町三本柳
滋賀県	甲賀市	水口町下山
滋賀県	甲賀市	水口町松栄
滋賀県	甲賀市	水口町城東
滋賀県	甲賀市	水口町城内
滋賀県	甲賀市	水口町新城
滋賀県	甲賀市	水口町新町
滋賀県	甲賀市	水口町神明
滋賀県	甲賀市	水口町杣中
滋賀県	甲賀市	水口町高塚
滋賀県	甲賀市	水口町高山
滋賀県	甲賀市	水口町中畑
滋賀県	甲賀市	水口町中邸
滋賀県	甲賀市	水口町名坂
滋賀県	甲賀市	水口町西林口
滋賀県	甲賀市	水口町日電
滋賀県	甲賀市	水口町八光
滋賀県	甲賀市	水口町八田
滋賀県	甲賀市	水口町伴中山
滋賀県	甲賀市	水口町東名坂
滋賀県	甲賀市	水口町東林口
滋賀県	甲賀市	水口町ひのきが丘
滋賀県	甲賀市	水口町本町
滋賀県	甲賀市	水口町本丸
滋賀県	甲賀市	水口町松尾
滋賀県	甲賀市	水口町的場
滋賀県	甲賀市	水口町水口
滋賀県	甲賀市	水口町南林口
滋賀県	甲賀市	水口町宮の前
滋賀県	甲賀市	水口町虫生野
滋賀県	甲賀市	水口町虫生野中央
滋賀県	甲賀市	水口町虫生野虹の町
滋賀県	甲賀市	水口町本綾野
滋賀県	甲賀市	水口町元町
滋賀県	甲賀市	水口町八坂
滋賀県	甲賀市	水口町山
滋賀県	甲賀市	水口町山上
滋賀県	甲賀市	水口町鹿深
滋賀県	甲賀市	水口町和野
滋賀県	野洲市	菖蒲
滋賀県	野洲市	安治
滋賀県	野洲市	市三宅
滋賀県	野洲市	井口
滋賀県	野洲市	入町
滋賀県	野洲市	近江富士
滋賀県	野洲市	大篠原
滋賀県	野洲市	大畑
滋賀県	野洲市	乙窪
滋賀県	野洲市	上屋
滋賀県	野洲市	喜合
滋賀県	野洲市	北
滋賀県	野洲市	北桜
滋賀県	野洲市	北野
滋賀県	野洲市	北比江
滋賀県	野洲市	木部
滋賀県	野洲市	久野部
滋賀県	野洲市	小篠原
滋賀県	野洲市	五条
滋賀県	野洲市	小堤
滋賀県	野洲市	五之里
滋賀県	野洲市	小比江
滋賀県	野洲市	小南
滋賀県	野洲市	栄
滋賀県	野洲市	下堤
滋賀県	野洲市	須原
滋賀県	野洲市	高木
滋賀県	野洲市	竹ヶ丘
滋賀県	野洲市	竹生
滋賀県	野洲市	辻町
滋賀県	野洲市	堤
滋賀県	野洲市	冨波甲
滋賀県	野洲市	冨波乙
滋賀県	野洲市	中北
滋賀県	野洲市	長島
滋賀県	野洲市	永原
滋賀県	野洲市	西河原
滋賀県	野洲市	野田
滋賀県	野洲市	比江
滋賀県	野洲市	比留田
滋賀県	野洲市	三上
滋賀県	野洲市	南桜
滋賀県	野洲市	妙光寺
滋賀県	野洲市	虫生
滋賀県	野洲市	野洲
滋賀県	野洲市	八夫
滋賀県	野洲市	行畑
滋賀県	野洲市	吉川
滋賀県	野洲市	吉地
滋賀県	野洲市	六条
滋賀県	湖南市	朝国
滋賀県	湖南市	雨山
滋賀県	湖南市	石部
滋賀県	湖南市	石部が丘
滋賀県	湖南市	石部北
滋賀県	湖南市	石部口
滋賀県	湖南市	石部中央
滋賀県	湖南市	石部西
滋賀県	湖南市	石部東
滋賀県	湖南市	石部緑台
滋賀県	湖南市	石部南
滋賀県	湖南市	岩根
滋賀県	湖南市	岩根中央
滋賀県	湖南市	梅影町
滋賀県	湖南市	近江台
滋賀県	湖南市	大池町
滋賀県	湖南市	岡出
滋賀県	湖南市	北山台
滋賀県	湖南市	柑子袋
滋賀県	湖南市	柑子袋西
滋賀県	湖南市	柑子袋東
滋賀県	湖南市	小砂町
滋賀県	湖南市	サイドタウン
滋賀県	湖南市	下田
滋賀県	湖南市	正福寺
滋賀県	湖南市	高松町
滋賀県	湖南市	中央
滋賀県	湖南市	夏見
滋賀県	湖南市	西寺
滋賀県	湖南市	西峰町
滋賀県	湖南市	針
滋賀県	湖南市	日枝あおい
滋賀県	湖南市	日枝町
滋賀県	湖南市	日枝山手台
滋賀県	湖南市	東寺
滋賀県	湖南市	平松
滋賀県	湖南市	平松北
滋賀県	湖南市	宝来坂
滋賀県	湖南市	菩提寺
滋賀県	湖南市	菩提寺北
滋賀県	湖南市	菩提寺西
滋賀県	湖南市	菩提寺東
滋賀県	湖南市	丸山
滋賀県	湖南市	三雲
滋賀県	湖南市	水戸町
滋賀県	湖南市	宮の森
滋賀県	湖南市	吉永
滋賀県	湖南市	若竹町
滋賀県	高島市	安曇川町青柳
滋賀県	高島市	安曇川町上小川
滋賀県	高島市	安曇川町上古賀
滋賀県	高島市	安曇川町川島
滋賀県	高島市	安曇川町北船木
滋賀県	高島市	安曇川町五番領
滋賀県	高島市	安曇川町下小川
滋賀県	高島市	安曇川町下古賀
滋賀県	高島市	安曇川町末広
滋賀県	高島市	安曇川町田中
滋賀県	高島市	安曇川町中央
滋賀県	高島市	安曇川町常磐木
滋賀県	高島市	安曇川町長尾
滋賀県	高島市	安曇川町中野
滋賀県	高島市	安曇川町西万木
滋賀県	高島市	安曇川町三尾里
滋賀県	高島市	安曇川町南古賀
滋賀県	高島市	安曇川町南船木
滋賀県	高島市	安曇川町横江
滋賀県	高島市	安曇川町横江浜
滋賀県	高島市	安曇川町四津川
滋賀県	高島市	今津町天増川
滋賀県	高島市	今津町今津
滋賀県	高島市	今津町梅原
滋賀県	高島市	今津町大供
滋賀県	高島市	今津町大供大門
滋賀県	高島市	今津町桂
滋賀県	高島市	今津町上弘部
滋賀県	高島市	今津町岸脇
滋賀県	高島市	今津町北生見
滋賀県	高島市	今津町北仰
滋賀県	高島市	今津町桜町
滋賀県	高島市	今津町酒波
滋賀県	高島市	今津町下弘部
滋賀県	高島市	今津町松陽台
滋賀県	高島市	今津町杉山
滋賀県	高島市	今津町住吉
滋賀県	高島市	今津町角川
滋賀県	高島市	今津町途中谷
滋賀県	高島市	今津町中沼
滋賀県	高島市	今津町名小路
滋賀県	高島市	今津町浜分
滋賀県	高島市	今津町日置前
滋賀県	高島市	今津町弘川
滋賀県	高島市	今津町深清水
滋賀県	高島市	今津町福岡
滋賀県	高島市	今津町舟橋
滋賀県	高島市	今津町保坂
滋賀県	高島市	今津町南生見
滋賀県	高島市	今津町南新保
滋賀県	高島市	今津町椋川
滋賀県	高島市	今津町藺生
滋賀県	高島市	鵜川
滋賀県	高島市	音羽
滋賀県	高島市	勝野
滋賀県	高島市	鴨
滋賀県	高島市	鴨川平
滋賀県	高島市	朽木麻生
滋賀県	高島市	朽木荒川
滋賀県	高島市	朽木市場
滋賀県	高島市	朽木岩瀬
滋賀県	高島市	朽木上野
滋賀県	高島市	朽木雲洞谷
滋賀県	高島市	朽木生杉
滋賀県	高島市	朽木大野
滋賀県	高島市	朽木小入谷
滋賀県	高島市	朽木柏
滋賀県	高島市	朽木木地山
滋賀県	高島市	朽木桑原
滋賀県	高島市	朽木小川
滋賀県	高島市	朽木地子原
滋賀県	高島市	朽木栃生
滋賀県	高島市	朽木中牧
滋賀県	高島市	朽木能家
滋賀県	高島市	朽木野尻
滋賀県	高島市	朽木古川
滋賀県	高島市	朽木古屋
滋賀県	高島市	朽木平良
滋賀県	高島市	朽木宮前坊
滋賀県	高島市	朽木村井
滋賀県	高島市	黒谷
滋賀県	高島市	鹿ケ瀬
滋賀県	高島市	城山台
滋賀県	高島市	新旭町饗庭
滋賀県	高島市	新旭町旭
滋賀県	高島市	新旭町太田
滋賀県	高島市	新旭町北畑
滋賀県	高島市	新旭町熊野本
滋賀県	高島市	新旭町新庄
滋賀県	高島市	新旭町針江
滋賀県	高島市	新旭町深溝
滋賀県	高島市	新旭町安井川
滋賀県	高島市	新旭町藁園
滋賀県	高島市	高島
滋賀県	高島市	永田
滋賀県	高島市	野田
滋賀県	高島市	拝戸
滋賀県	高島市	畑
滋賀県	高島市	マキノ町在原
滋賀県	高島市	マキノ町石庭
滋賀県	高島市	マキノ町浦
滋賀県	高島市	マキノ町大沼
滋賀県	高島市	マキノ町海津
滋賀県	高島市	マキノ町上開田
滋賀県	高島市	マキノ町小荒路
滋賀県	高島市	マキノ町沢
滋賀県	高島市	マキノ町下
滋賀県	高島市	マキノ町下開田
滋賀県	高島市	マキノ町白谷
滋賀県	高島市	マキノ町新保
滋賀県	高島市	マキノ町高木浜
滋賀県	高島市	マキノ町知内
滋賀県	高島市	マキノ町辻
滋賀県	高島市	マキノ町寺久保
滋賀県	高島市	マキノ町中庄
滋賀県	高島市	マキノ町西浜
滋賀県	高島市	マキノ町野口
滋賀県	高島市	マキノ町蛭口
滋賀県	高島市	マキノ町牧野
滋賀県	高島市	マキノ町森西
滋賀県	高島市	マキノ町山中
滋賀県	高島市	宮野
滋賀県	高島市	武曽横山
滋賀県	東近江市	愛東外町
滋賀県	東近江市	青野町
滋賀県	東近江市	青葉町
滋賀県	東近江市	青山町
滋賀県	東近江市	阿弥陀堂町
滋賀県	東近江市	池庄町
滋賀県	東近江市	池田町
滋賀県	東近江市	池之尻町
滋賀県	東近江市	池之脇町
滋賀県	東近江市	石谷町
滋賀県	東近江市	石塔町
滋賀県	東近江市	市ケ原町
滋賀県	東近江市	市子沖町
滋賀県	東近江市	市子川原町
滋賀県	東近江市	市子殿町
滋賀県	東近江市	市子松井町
滋賀県	東近江市	市辺町
滋賀県	東近江市	市原野町
滋賀県	東近江市	一式町
滋賀県	東近江市	稲垂町
滋賀県	東近江市	猪子町
滋賀県	東近江市	伊庭町
滋賀県	東近江市	茨川町
滋賀県	東近江市	今在家町
滋賀県	東近江市	今崎町
滋賀県	東近江市	今代町
滋賀県	東近江市	今町
滋賀県	東近江市	今堀町
滋賀県	東近江市	妹町
滋賀県	東近江市	鋳物師町
滋賀県	東近江市	上中野町
滋賀県	東近江市	梅林町
滋賀県	東近江市	瓜生津町
滋賀県	東近江市	永源寺相谷町
滋賀県	東近江市	永源寺高野町
滋賀県	東近江市	大沢町
滋賀県	東近江市	大清水町
滋賀県	東近江市	大塚町
滋賀県	東近江市	大萩町
滋賀県	東近江市	大林町
滋賀県	東近江市	大森町
滋賀県	東近江市	岡田町
滋賀県	東近江市	小川町
滋賀県	東近江市	沖野
滋賀県	東近江市	小倉町
滋賀県	東近江市	長町
滋賀県	東近江市	乙女浜町
滋賀県	東近江市	小脇町
滋賀県	東近江市	垣見町
滋賀県	東近江市	柏木町
滋賀県	東近江市	春日町
滋賀県	東近江市	葛巻町
滋賀県	東近江市	綺田町
滋賀県	東近江市	上麻生町
滋賀県	東近江市	上大森町
滋賀県	東近江市	上岸本町
滋賀県	東近江市	上南町
滋賀県	東近江市	上羽田町
滋賀県	東近江市	上平木町
滋賀県	東近江市	上二俣町
滋賀県	東近江市	上山町
滋賀県	東近江市	蒲生大森町
滋賀県	東近江市	蒲生岡本町
滋賀県	東近江市	蒲生寺町
滋賀県	東近江市	蒲生堂町
滋賀県	東近江市	萱尾町
滋賀県	東近江市	川合町
滋賀県	東近江市	川合寺町
滋賀県	東近江市	川南町
滋賀県	東近江市	祇園町
滋賀県	東近江市	北坂町
滋賀県	東近江市	北清水町
滋賀県	東近江市	北須田町
滋賀県	東近江市	北花沢町
滋賀県	東近江市	北菩提寺町
滋賀県	東近江市	きぬがさ町
滋賀県	東近江市	君ケ畑町
滋賀県	東近江市	木村町
滋賀県	東近江市	黄和田町
滋賀県	東近江市	九居瀬町
滋賀県	東近江市	栗見新田町
滋賀県	東近江市	栗見出在家町
滋賀県	東近江市	小池町
滋賀県	東近江市	小今町
滋賀県	東近江市	甲津畑町
滋賀県	東近江市	合戸町
滋賀県	東近江市	五個荘石川町
滋賀県	東近江市	五個荘石塚町
滋賀県	東近江市	五個荘石馬寺町
滋賀県	東近江市	五個荘伊野部町
滋賀県	東近江市	五個荘奥町
滋賀県	東近江市	五個荘小幡町
滋賀県	東近江市	五個荘河曲町
滋賀県	東近江市	五個荘川並町
滋賀県	東近江市	五個荘北町屋町
滋賀県	東近江市	五個荘木流町
滋賀県	東近江市	五個荘五位田町
滋賀県	東近江市	五個荘金堂町
滋賀県	東近江市	五個荘七里町
滋賀県	東近江市	五個荘清水鼻町
滋賀県	東近江市	五個荘新堂町
滋賀県	東近江市	五個荘竜田町
滋賀県	東近江市	五個荘塚本町
滋賀県	東近江市	五個荘中町
滋賀県	東近江市	五個荘日吉町
滋賀県	東近江市	五個荘平阪町
滋賀県	東近江市	五個荘三俣町
滋賀県	東近江市	五個荘簗瀬町
滋賀県	東近江市	五個荘山本町
滋賀県	東近江市	五個荘和田町
滋賀県	東近江市	小田苅町
滋賀県	東近江市	五智町
滋賀県	東近江市	小八木町
滋賀県	東近江市	幸町
滋賀県	東近江市	栄町
滋賀県	東近江市	桜川西町
滋賀県	東近江市	桜川東町
滋賀県	東近江市	佐生町
滋賀県	東近江市	佐野町
滋賀県	東近江市	佐目町
滋賀県	東近江市	尻無町
滋賀県	東近江市	芝原町
滋賀県	東近江市	柴原南町
滋賀県	東近江市	下麻生町
滋賀県	東近江市	下一色町
滋賀県	東近江市	下岸本町
滋賀県	東近江市	下里町
滋賀県	東近江市	下中野町
滋賀県	東近江市	下羽田町
滋賀県	東近江市	下二俣町
滋賀県	東近江市	清水中町
滋賀県	東近江市	勝堂町
滋賀県	東近江市	昭和町
滋賀県	東近江市	新宮町
滋賀県	東近江市	神郷町
滋賀県	東近江市	新出町
滋賀県	東近江市	神田町
滋賀県	東近江市	鈴町
滋賀県	東近江市	聖徳町
滋賀県	東近江市	聖和町
滋賀県	東近江市	僧坊町
滋賀県	東近江市	曽根町
滋賀県	東近江市	園町
滋賀県	東近江市	大覚寺町
滋賀県	東近江市	躰光寺町
滋賀県	東近江市	田井町
滋賀県	東近江市	大中町
滋賀県	東近江市	高木町
滋賀県	東近江市	蓼畑町
滋賀県	東近江市	建部上中町
滋賀県	東近江市	建部瓦屋寺町
滋賀県	東近江市	建部北町
滋賀県	東近江市	建部堺町
滋賀県	東近江市	建部下野町
滋賀県	東近江市	建部日吉町
滋賀県	東近江市	建部南町
滋賀県	東近江市	種町
滋賀県	東近江市	長勝寺町
滋賀県	東近江市	寺町
滋賀県	東近江市	土器町
滋賀県	東近江市	外町
滋賀県	東近江市	外原町
滋賀県	東近江市	中一色町
滋賀県	東近江市	中岸本町
滋賀県	東近江市	中里町
滋賀県	東近江市	中戸町
滋賀県	東近江市	中野町
滋賀県	東近江市	中羽田町
滋賀県	東近江市	中小路町
滋賀県	東近江市	鯰江町
滋賀県	東近江市	西中野町
滋賀県	東近江市	西菩提寺町
滋賀県	東近江市	如来町
滋賀県	東近江市	糠塚町
滋賀県	東近江市	布引台
滋賀県	東近江市	野口町
滋賀県	東近江市	能登川町
滋賀県	東近江市	野村町
滋賀県	東近江市	林田町
滋賀県	東近江市	林町
滋賀県	東近江市	東今崎町
滋賀県	東近江市	東沖野
滋賀県	東近江市	東中野町
滋賀県	東近江市	ひばり丘町
滋賀県	東近江市	百済寺甲町
滋賀県	東近江市	百済寺町
滋賀県	東近江市	百済寺本町
滋賀県	東近江市	平尾町
滋賀県	東近江市	平田町
滋賀県	東近江市	平林町
滋賀県	東近江市	平松町
滋賀県	東近江市	平柳町
滋賀県	東近江市	蛭谷町
滋賀県	東近江市	福堂町
滋賀県	東近江市	布施町
滋賀県	東近江市	札の辻
滋賀県	東近江市	蛇溝町
滋賀県	東近江市	政所町
滋賀県	東近江市	御園町
滋賀県	東近江市	三津屋町
滋賀県	東近江市	南清水町
滋賀県	東近江市	南須田町
滋賀県	東近江市	南花沢町
滋賀県	東近江市	南菩提寺町
滋賀県	東近江市	箕川町
滋賀県	東近江市	宮井町
滋賀県	東近江市	宮川町
滋賀県	東近江市	宮荘町
滋賀県	東近江市	妙法寺町
滋賀県	東近江市	山上町
滋賀県	東近江市	山路町
滋賀県	東近江市	杠葉尾町
滋賀県	東近江市	湯屋町
滋賀県	東近江市	八日市金屋
滋賀県	東近江市	八日市上之町
滋賀県	東近江市	八日市清水
滋賀県	東近江市	八日市野々宮町
滋賀県	東近江市	八日市浜野町
滋賀県	東近江市	八日市東浜町
滋賀県	東近江市	八日市東本町
滋賀県	東近江市	八日市本町
滋賀県	東近江市	八日市松尾町
滋賀県	東近江市	八日市緑町
滋賀県	東近江市	八日市町
滋賀県	東近江市	横溝町
滋賀県	東近江市	横山町
滋賀県	東近江市	読合堂町
滋賀県	東近江市	和南町
滋賀県	米原市	朝妻筑摩
滋賀県	米原市	朝日
滋賀県	米原市	梓河内
滋賀県	米原市	飯
滋賀県	米原市	岩脇
滋賀県	米原市	池下
滋賀県	米原市	磯
滋賀県	米原市	市場
滋賀県	米原市	一色
滋賀県	米原市	井之口
滋賀県	米原市	伊吹
滋賀県	米原市	入江
滋賀県	米原市	上野
滋賀県	米原市	宇賀野
滋賀県	米原市	梅ケ原
滋賀県	米原市	梅ケ原栄
滋賀県	米原市	大久保
滋賀県	米原市	大鹿
滋賀県	米原市	大清水
滋賀県	米原市	大野木
滋賀県	米原市	柏原
滋賀県	米原市	加勢野
滋賀県	米原市	上板並
滋賀県	米原市	上多良
滋賀県	米原市	上丹生
滋賀県	米原市	烏脇
滋賀県	米原市	河南
滋賀県	米原市	北方
滋賀県	米原市	清滝
滋賀県	米原市	小泉
滋賀県	米原市	甲賀
滋賀県	米原市	甲津原
滋賀県	米原市	顔戸
滋賀県	米原市	西円寺
滋賀県	米原市	坂口
滋賀県	米原市	醒井
滋賀県	米原市	枝折
滋賀県	米原市	志賀谷
滋賀県	米原市	下板並
滋賀県	米原市	下多良
滋賀県	米原市	下丹生
滋賀県	米原市	上平寺
滋賀県	米原市	新庄
滋賀県	米原市	春照
滋賀県	米原市	菅江
滋賀県	米原市	須川
滋賀県	米原市	杉沢
滋賀県	米原市	高番
滋賀県	米原市	高溝
滋賀県	米原市	多和田
滋賀県	米原市	長久寺
滋賀県	米原市	寺倉
滋賀県	米原市	寺林
滋賀県	米原市	天満
滋賀県	米原市	堂谷
滋賀県	米原市	長岡
滋賀県	米原市	長沢
滋賀県	米原市	中多良
滋賀県	米原市	西坂
滋賀県	米原市	西山
滋賀県	米原市	日光寺
滋賀県	米原市	野一色
滋賀県	米原市	能登瀬
滋賀県	米原市	間田
滋賀県	米原市	番場
滋賀県	米原市	樋口
滋賀県	米原市	藤川
滋賀県	米原市	舟崎
滋賀県	米原市	夫馬
滋賀県	米原市	本郷
滋賀県	米原市	米原
滋賀県	米原市	米原西
滋賀県	米原市	曲谷
滋賀県	米原市	万願寺
滋賀県	米原市	箕浦
滋賀県	米原市	三吉
滋賀県	米原市	村居田
滋賀県	米原市	村木
滋賀県	米原市	本市場
滋賀県	米原市	弥高
滋賀県	米原市	小田
滋賀県	米原市	山室
滋賀県	米原市	吉槻
滋賀県	米原市	世継
滋賀県	蒲生郡日野町	安部居
滋賀県	蒲生郡日野町	石原
滋賀県	蒲生郡日野町	いせの
滋賀県	蒲生郡日野町	内池
滋賀県	蒲生郡日野町	小井口
滋賀県	蒲生郡日野町	大窪
滋賀県	蒲生郡日野町	大谷
滋賀県	蒲生郡日野町	奥師
滋賀県	蒲生郡日野町	奥之池
滋賀県	蒲生郡日野町	音羽
滋賀県	蒲生郡日野町	鎌掛
滋賀県	蒲生郡日野町	上駒月
滋賀県	蒲生郡日野町	川原
滋賀県	蒲生郡日野町	河原
滋賀県	蒲生郡日野町	北畑
滋賀県	蒲生郡日野町	北脇
滋賀県	蒲生郡日野町	木津
滋賀県	蒲生郡日野町	清田
滋賀県	蒲生郡日野町	熊野
滋賀県	蒲生郡日野町	上野田
滋賀県	蒲生郡日野町	小谷
滋賀県	蒲生郡日野町	小野
滋賀県	蒲生郡日野町	小御門
滋賀県	蒲生郡日野町	西明寺
滋賀県	蒲生郡日野町	蔵王
滋賀県	蒲生郡日野町	佐久良
滋賀県	蒲生郡日野町	里口
滋賀県	蒲生郡日野町	下駒月
滋賀県	蒲生郡日野町	十禅師
滋賀県	蒲生郡日野町	杉
滋賀県	蒲生郡日野町	杣
滋賀県	蒲生郡日野町	寺尻
滋賀県	蒲生郡日野町	豊田
滋賀県	蒲生郡日野町	鳥居平
滋賀県	蒲生郡日野町	中在寺
滋賀県	蒲生郡日野町	中之郷
滋賀県	蒲生郡日野町	中道
滋賀県	蒲生郡日野町	中山
滋賀県	蒲生郡日野町	西大路
滋賀県	蒲生郡日野町	仁本木
滋賀県	蒲生郡日野町	猫田
滋賀県	蒲生郡日野町	野出
滋賀県	蒲生郡日野町	迫
滋賀県	蒲生郡日野町	原
滋賀県	蒲生郡日野町	日田
滋賀県	蒲生郡日野町	平子
滋賀県	蒲生郡日野町	別所
滋賀県	蒲生郡日野町	増田
滋賀県	蒲生郡日野町	松尾
滋賀県	蒲生郡日野町	三十坪
滋賀県	蒲生郡日野町	深山口
滋賀県	蒲生郡日野町	村井
滋賀県	蒲生郡日野町	山本
滋賀県	蒲生郡日野町	蓮花寺
滋賀県	蒲生郡竜王町	綾戸
滋賀県	蒲生郡竜王町	岩井
滋賀県	蒲生郡竜王町	鵜川
滋賀県	蒲生郡竜王町	岡屋
滋賀県	蒲生郡竜王町	小口
滋賀県	蒲生郡竜王町	鏡
滋賀県	蒲生郡竜王町	駕輿丁
滋賀県	蒲生郡竜王町	川上
滋賀県	蒲生郡竜王町	川守
滋賀県	蒲生郡竜王町	薬師
滋賀県	蒲生郡竜王町	七里
滋賀県	蒲生郡竜王町	信濃
滋賀県	蒲生郡竜王町	島
滋賀県	蒲生郡竜王町	庄
滋賀県	蒲生郡竜王町	須恵
滋賀県	蒲生郡竜王町	田中
滋賀県	蒲生郡竜王町	西川
滋賀県	蒲生郡竜王町	西横関
滋賀県	蒲生郡竜王町	橋本
滋賀県	蒲生郡竜王町	林
滋賀県	蒲生郡竜王町	山面
滋賀県	蒲生郡竜王町	山中
滋賀県	蒲生郡竜王町	山之上
滋賀県	蒲生郡竜王町	弓削
滋賀県	愛知郡愛荘町	安孫子
滋賀県	愛知郡愛荘町	石橋
滋賀県	愛知郡愛荘町	市
滋賀県	愛知郡愛荘町	岩倉
滋賀県	愛知郡愛荘町	愛知川
滋賀県	愛知郡愛荘町	円城寺
滋賀県	愛知郡愛荘町	沖
滋賀県	愛知郡愛荘町	蚊野
滋賀県	愛知郡愛荘町	蚊野外
滋賀県	愛知郡愛荘町	上蚊野
滋賀県	愛知郡愛荘町	苅間
滋賀県	愛知郡愛荘町	軽野
滋賀県	愛知郡愛荘町	川久保
滋賀県	愛知郡愛荘町	川原
滋賀県	愛知郡愛荘町	北八木
滋賀県	愛知郡愛荘町	沓掛
滋賀県	愛知郡愛荘町	栗田
滋賀県	愛知郡愛荘町	香之庄
滋賀県	愛知郡愛荘町	島川
滋賀県	愛知郡愛荘町	下八木
滋賀県	愛知郡愛荘町	常安寺
滋賀県	愛知郡愛荘町	竹原
滋賀県	愛知郡愛荘町	東円堂
滋賀県	愛知郡愛荘町	豊満
滋賀県	愛知郡愛荘町	中宿
滋賀県	愛知郡愛荘町	長塚
滋賀県	愛知郡愛荘町	長野
滋賀県	愛知郡愛荘町	西出
滋賀県	愛知郡愛荘町	野々目
滋賀県	愛知郡愛荘町	畑田
滋賀県	愛知郡愛荘町	東出
滋賀県	愛知郡愛荘町	平居
滋賀県	愛知郡愛荘町	深草
滋賀県	愛知郡愛荘町	松尾寺
滋賀県	愛知郡愛荘町	南野々目
滋賀県	愛知郡愛荘町	宮後
滋賀県	愛知郡愛荘町	目加田
滋賀県	愛知郡愛荘町	元持
滋賀県	愛知郡愛荘町	山川原
滋賀県	愛知郡愛荘町	矢守
滋賀県	愛知郡愛荘町	斧磨
滋賀県	犬上郡豊郷町	雨降野
滋賀県	犬上郡豊郷町	安食西
滋賀県	犬上郡豊郷町	安食南
滋賀県	犬上郡豊郷町	石畑
滋賀県	犬上郡豊郷町	大町
滋賀県	犬上郡豊郷町	上枝
滋賀県	犬上郡豊郷町	沢
滋賀県	犬上郡豊郷町	四十九院
滋賀県	犬上郡豊郷町	下枝
滋賀県	犬上郡豊郷町	杉
滋賀県	犬上郡豊郷町	高野瀬
滋賀県	犬上郡豊郷町	八目
滋賀県	犬上郡豊郷町	八町
滋賀県	犬上郡豊郷町	日栄
滋賀県	犬上郡豊郷町	三ツ池
滋賀県	犬上郡豊郷町	吉田
滋賀県	犬上郡甲良町	尼子
滋賀県	犬上郡甲良町	池寺
滋賀県	犬上郡甲良町	長寺
滋賀県	犬上郡甲良町	金屋
滋賀県	犬上郡甲良町	北落
滋賀県	犬上郡甲良町	呉竹
滋賀県	犬上郡甲良町	小川原
滋賀県	犬上郡甲良町	在士
滋賀県	犬上郡甲良町	下之郷
滋賀県	犬上郡甲良町	正楽寺
滋賀県	犬上郡甲良町	法養寺
滋賀県	犬上郡甲良町	横関
滋賀県	犬上郡多賀町	一円
滋賀県	犬上郡多賀町	一ノ瀬
滋賀県	犬上郡多賀町	後谷
滋賀県	犬上郡多賀町	大岡
滋賀県	犬上郡多賀町	大杉
滋賀県	犬上郡多賀町	大君ケ畑
滋賀県	犬上郡多賀町	萱原
滋賀県	犬上郡多賀町	河内
滋賀県	犬上郡多賀町	川相
滋賀県	犬上郡多賀町	木曽
滋賀県	犬上郡多賀町	久徳
滋賀県	犬上郡多賀町	栗栖
滋賀県	犬上郡多賀町	甲頭倉
滋賀県	犬上郡多賀町	五僧
滋賀県	犬上郡多賀町	小原
滋賀県	犬上郡多賀町	佐目
滋賀県	犬上郡多賀町	猿木
滋賀県	犬上郡多賀町	四手
滋賀県	犬上郡多賀町	霜ケ原
滋賀県	犬上郡多賀町	水谷
滋賀県	犬上郡多賀町	杉
滋賀県	犬上郡多賀町	多賀
滋賀県	犬上郡多賀町	月之木
滋賀県	犬上郡多賀町	土田
滋賀県	犬上郡多賀町	壺
滋賀県	犬上郡多賀町	富之尾
滋賀県	犬上郡多賀町	中川原
滋賀県	犬上郡多賀町	楢崎
滋賀県	犬上郡多賀町	樋田
滋賀県	犬上郡多賀町	屏風
滋賀県	犬上郡多賀町	敏満寺
滋賀県	犬上郡多賀町	藤瀬
滋賀県	犬上郡多賀町	保月
滋賀県	犬上郡多賀町	仏ケ後
滋賀県	犬上郡多賀町	南後谷
滋賀県	犬上郡多賀町	向之倉
滋賀県	犬上郡多賀町	桃原
滋賀県	犬上郡多賀町	八重練
滋賀県	犬上郡多賀町	霊仙
